name,year,selling_price,km_driven,fuel,seller_type,transmission,owner,car_age,brand,model_family,km_per_year,name_frequency
Maruti 800 AC,2007,60000,70000,Petrol,Individual,Manual,First Owner,13,Maruti,Maruti 800,5384.615384615385,20.0
Maruti Wagon R LXI Minor,2007,135000,50000,Petrol,Individual,Manual,First Owner,13,Maruti,Maruti Wagon,3846.153846153846,21.0
Hyundai Verna 1.6 SX,2012,600000,100000,Diesel,Individual,Manual,First Owner,8,Hyundai,Hyundai Verna,12500.0,13.0
Datsun RediGO T Option,2017,250000,46000,Petrol,Individual,Manual,First Owner,3,Datsun,Datsun RediGO,15333.333333333334,5.0
Honda Amaze VX i-DTEC,2014,450000,141000,Diesel,Individual,Manual,Second Owner,6,Honda,Honda Amaze,23500.0,7.0
Maruti Alto LX BSIII,2007,140000,125000,Petrol,Individual,Manual,First Owner,13,Maruti,Maruti Alto,9615.384615384615,8.0
Hyundai Xcent 1.2 Kappa S,2016,550000,25000,Petrol,Individual,Manual,First Owner,4,Hyundai,Hyundai Xcent,6250.0,4.0
Tata Indigo Grand Petrol,2014,240000,60000,Petrol,Individual,Manual,Second Owner,6,Tata,Tata Indigo,10000.0,2.0
Hyundai Creta 1.6 VTVT S,2015,850000,25000,Petrol,Individual,Manual,First Owner,5,Hyundai,Hyundai Creta,5000.0,2.0
Maruti Celerio Green VXI,2017,365000,78000,CNG,Individual,Manual,First Owner,3,Maruti,Maruti Celerio,26000.0,1.0
Chevrolet Sail 1.2 Base,2015,260000,35000,Petrol,Individual,Manual,First Owner,5,Chevrolet,Chevrolet Sail,7000.0,3.0
Tata Indigo Grand Petrol,2014,250000,100000,Petrol,Individual,Manual,First Owner,6,Tata,Tata Indigo,16666.666666666668,2.0
Toyota Corolla Altis 1.8 VL CVT,2018,1650000,25000,Petrol,Dealer,Automatic,First Owner,2,Toyota,Toyota Corolla,12500.0,1.0
Maruti Ciaz VXi Plus,2015,585000,24000,Petrol,Dealer,Manual,First Owner,5,Maruti,Maruti Ciaz,4800.0,1.0
Hyundai Venue SX Opt Diesel,2019,1195000,5000,Diesel,Dealer,Manual,First Owner,1,Hyundai,Hyundai Venue,5000.0,2.0
Chevrolet Enjoy TCDi LTZ 7 Seater,2013,390000,33000,Diesel,Individual,Manual,Second Owner,7,Chevrolet,Chevrolet Enjoy,4714.285714285715,1.0
Jaguar XF 2.2 Litre Luxury,2014,1964999,28000,Diesel,Dealer,Automatic,First Owner,6,Jaguar,Jaguar XF,4666.666666666667,1.0
Mercedes-Benz New C-Class 220 CDI AT,2013,1425000,59000,Diesel,Dealer,Automatic,First Owner,7,Mercedes-Benz,Mercedes-Benz New,8428.57142857143,2.0
Maruti Vitara Brezza ZDi Plus AMT,2018,975000,4500,Diesel,Dealer,Automatic,First Owner,2,Maruti,Maruti Vitara,2250.0,2.0
Audi Q5 2.0 TDI,2011,1190000,175900,Diesel,Dealer,Automatic,First Owner,9,Audi,Audi Q5,19544.444444444445,3.0
Honda City V MT,2018,930000,14500,Petrol,Dealer,Manual,First Owner,2,Honda,Honda City,7250.0,2.0
Tata Tigor 1.2 Revotron XT,2018,525000,15000,Petrol,Individual,Manual,First Owner,2,Tata,Tata Tigor,7500.0,3.0
Audi A6 2.0 TDI Design Edition,2013,1735000,50000,Diesel,Dealer,Automatic,First Owner,7,Audi,Audi A6,7142.857142857143,2.0
Mercedes-Benz New C-Class C 220 CDI Avantgarde,2012,1375000,33800,Diesel,Dealer,Automatic,Second Owner,8,Mercedes-Benz,Mercedes-Benz New,4225.0,1.0
Skoda Superb Ambition 2.0 TDI CR AT,2011,450000,130400,Diesel,Dealer,Automatic,Second Owner,9,Skoda,Skoda Superb,14488.888888888889,2.0
Toyota Corolla Altis G AT,2016,900000,50000,Petrol,Individual,Automatic,First Owner,4,Toyota,Toyota Corolla,12500.0,1.0
Toyota Innova 2.5 G (Diesel) 7 Seater,2015,1300000,80000,Diesel,Individual,Manual,First Owner,5,Toyota,Toyota Innova,16000.0,10.0
Jeep Compass 1.4 Sport Plus BSIV,2019,1400000,10000,Petrol,Individual,Manual,First Owner,1,Jeep,Jeep Compass,10000.0,1.0
Mercedes-Benz E-Class E 200 CGI Elegance,2010,850000,119000,Petrol,Dealer,Automatic,First Owner,10,Mercedes-Benz,Mercedes-Benz E-Class,11900.0,1.0
Hyundai i10 Magna 1.1L,2014,229999,60000,Petrol,Individual,Manual,Fourth & Above Owner,6,Hyundai,Hyundai i10,10000.0,2.0
BMW 3 Series 320d Sport Line,2013,1550000,75800,Diesel,Dealer,Automatic,Second Owner,7,BMW,BMW 3,10828.57142857143,1.0
Audi Q7 35 TDI Quattro Premium,2009,1250000,78000,Diesel,Dealer,Automatic,Third Owner,11,Audi,Audi Q7,7090.909090909091,1.0
Hyundai Elantra CRDi S,2012,625000,40000,Diesel,Individual,Manual,First Owner,8,Hyundai,Hyundai Elantra,5000.0,2.0
Mahindra Scorpio 1.99 S10,2014,1050000,50000,Diesel,Individual,Manual,First Owner,6,Mahindra,Mahindra Scorpio,8333.333333333334,6.0
Honda City i DTEC V,2014,560000,74000,Diesel,Individual,Manual,Second Owner,6,Honda,Honda City,12333.333333333334,2.0
Maruti Wagon R VXI BS IV with ABS,2014,290000,64000,Petrol,Individual,Manual,Second Owner,6,Maruti,Maruti Wagon,10666.666666666666,2.0
Maruti Wagon R VXI BS IV,2012,275000,60000,Petrol,Individual,Manual,Second Owner,8,Maruti,Maruti Wagon,7500.0,26.0
Mahindra Scorpio LX,2009,411000,120000,Diesel,Individual,Manual,Second Owner,11,Mahindra,Mahindra Scorpio,10909.09090909091,5.0
Hyundai Santro Xing GLS,2009,150000,79000,Petrol,Individual,Manual,Third Owner,11,Hyundai,Hyundai Santro,7181.818181818182,20.0
Hyundai Grand i10 1.2 Kappa Asta,2019,500000,15000,Petrol,Individual,Manual,First Owner,1,Hyundai,Hyundai Grand,15000.0,8.0
Maruti Alto LXi,2006,100000,80000,Petrol,Individual,Manual,First Owner,14,Maruti,Maruti Alto,5714.285714285715,42.0
Maruti Swift Dzire VDI Optional,2017,725000,18500,Diesel,Dealer,Manual,First Owner,3,Maruti,Maruti Swift,6166.666666666667,2.0
Maruti Eeco 5 Seater AC BSIV,2018,401000,10200,Petrol,Dealer,Manual,First Owner,2,Maruti,Maruti Eeco,5100.0,6.0
Hyundai i20 Sportz 1.4 CRDi,2018,750000,29000,Diesel,Dealer,Manual,First Owner,2,Hyundai,Hyundai i20,14500.0,2.0
Maruti Omni Maruti Omni MPI STD BSIII 5-STR W/ IMMOBILISER,2018,310000,28000,Petrol,Dealer,Manual,First Owner,2,Maruti,Maruti Omni,14000.0,1.0
Maruti Swift ZDi BSIV,2016,665000,46000,Diesel,Dealer,Manual,First Owner,4,Maruti,Maruti Swift,11500.0,4.0
Hyundai i20 2015-2017 Sportz Option 1.4 CRDi,2014,465000,70000,Diesel,Dealer,Manual,First Owner,6,Hyundai,Hyundai i20,11666.666666666666,1.0
Maruti Alto LXi,2012,160000,60000,Petrol,Individual,Manual,Second Owner,8,Maruti,Maruti Alto,7500.0,42.0
Mahindra Jeep CL 500 MDI,1996,250000,35000,Diesel,Individual,Manual,Second Owner,24,Mahindra,Mahindra Jeep,1458.3333333333333,2.0
Honda City i DTEC VX,2014,675000,90000,Diesel,Dealer,Manual,First Owner,6,Honda,Honda City,15000.0,7.0
Maruti Wagon R VXI BS IV,2013,300000,80000,Petrol,Dealer,Manual,First Owner,7,Maruti,Maruti Wagon,11428.57142857143,26.0
Tata Indica DLS,2005,70000,80000,Diesel,Individual,Manual,First Owner,15,Tata,Tata Indica,5333.333333333333,6.0
Hyundai EON Magna Plus,2014,240000,73300,Petrol,Dealer,Manual,Second Owner,6,Hyundai,Hyundai EON,12216.666666666666,17.0
Toyota Etios GD,2014,525000,92000,Diesel,Dealer,Manual,First Owner,6,Toyota,Toyota Etios,15333.333333333334,7.0
Maruti Alto LXi,2009,151000,66764,Petrol,Dealer,Manual,Second Owner,11,Maruti,Maruti Alto,6069.454545454545,42.0
Maruti Alto LXi,2009,140000,100000,Petrol,Individual,Manual,First Owner,11,Maruti,Maruti Alto,9090.90909090909,42.0
Chevrolet Tavera Neo LS B3 - 7(C) seats BSIII,2010,280000,350000,Diesel,Individual,Manual,Second Owner,10,Chevrolet,Chevrolet Tavera,35000.0,1.0
Toyota Corolla Altis Diesel D4DG,2011,350000,230000,Diesel,Individual,Manual,First Owner,9,Toyota,Toyota Corolla,25555.555555555555,2.0
Mahindra Scorpio 1.99 S6 Plus,2017,570000,60000,Diesel,Individual,Manual,First Owner,3,Mahindra,Mahindra Scorpio,20000.0,2.0
Hyundai EON Magna Plus,2018,300000,31000,Petrol,Individual,Manual,First Owner,2,Hyundai,Hyundai EON,15500.0,17.0
Tata Indigo Classic Dicor,2007,100000,39000,Diesel,Individual,Manual,First Owner,13,Tata,Tata Indigo,3000.0,2.0
Toyota Innova 2.5 V Diesel 8-seater,2009,500000,120000,Diesel,Individual,Manual,Third Owner,11,Toyota,Toyota Innova,10909.09090909091,6.0
Tata Indica Vista Quadrajet LS,2014,125000,166000,Diesel,Individual,Manual,Fourth & Above Owner,6,Tata,Tata Indica,27666.666666666668,5.0
Maruti Swift 1.3 VXi,2006,130000,110000,Petrol,Individual,Manual,Third Owner,14,Maruti,Maruti Swift,7857.142857142857,10.0
Ford EcoSport 1.5 Diesel Titanium BSIV,2017,925000,35000,Diesel,Individual,Manual,First Owner,3,Ford,Ford EcoSport,11666.666666666666,3.0
Maruti Ciaz 1.3 Delta,2018,750000,60000,Diesel,Individual,Manual,First Owner,2,Maruti,Maruti Ciaz,30000.0,1.0
Honda Civic 1.8 V AT,2007,200000,54000,Petrol,Individual,Automatic,Second Owner,13,Honda,Honda Civic,4153.846153846154,3.0
Hyundai i10 Sportz 1.2,2010,248000,63000,Petrol,Individual,Manual,Second Owner,10,Hyundai,Hyundai i10,6300.0,7.0
Skoda Rapid 1.5 TDI Elegance,2014,450000,120000,Diesel,Individual,Manual,Second Owner,6,Skoda,Skoda Rapid,20000.0,1.0
Hyundai Getz GLS,2005,80000,120000,Petrol,Individual,Manual,Third Owner,15,Hyundai,Hyundai Getz,8000.0,3.0
Nissan Terrano XL,2014,650000,76000,Petrol,Individual,Manual,Second Owner,6,Nissan,Nissan Terrano,12666.666666666666,1.0
Hyundai Grand i10 CRDi Sportz,2015,450000,80000,Diesel,Individual,Manual,First Owner,5,Hyundai,Hyundai Grand,16000.0,6.0
Hyundai Elite i20 Diesel Era,2019,650000,25000,Diesel,Individual,Manual,First Owner,1,Hyundai,Hyundai Elite,25000.0,1.0
Honda Amaze S i-VTEC,2016,495000,11958,Petrol,Dealer,Manual,First Owner,4,Honda,Honda Amaze,2989.5,1.0
Honda Brio S MT,2015,371000,20000,Petrol,Dealer,Manual,First Owner,5,Honda,Honda Brio,4000.0,6.0
Hyundai Creta 1.6 SX Option,2017,1025000,9000,Petrol,Dealer,Manual,First Owner,3,Hyundai,Hyundai Creta,3000.0,2.0
Mercedes-Benz S-Class S 350d Connoisseurs Edition,2017,8150000,6500,Diesel,Dealer,Automatic,First Owner,3,Mercedes-Benz,Mercedes-Benz S-Class,2166.6666666666665,1.0
Mahindra XUV500 W8 2WD,2015,750000,70000,Diesel,Individual,Manual,First Owner,5,Mahindra,Mahindra XUV500,14000.0,16.0
Renault Duster 85PS Diesel RxL Optional,2013,600000,120000,Diesel,Individual,Manual,First Owner,7,Renault,Renault Duster,17142.85714285714,7.0
Hyundai Santro Xing XO,2007,80000,58000,Petrol,Dealer,Manual,Second Owner,13,Hyundai,Hyundai Santro,4461.538461538462,2.0
Mahindra Bolero 2011-2019 SLE,2013,325000,62200,Diesel,Dealer,Manual,First Owner,7,Mahindra,Mahindra Bolero,8885.714285714286,1.0
Audi A6 2.0 TDI Premium Plus,2014,1470000,34000,Diesel,Dealer,Automatic,Second Owner,6,Audi,Audi A6,5666.666666666667,2.0
Fiat Avventura MULTIJET Emotion,2015,350000,53000,Diesel,Individual,Manual,Second Owner,5,Fiat,Fiat Avventura,10600.0,1.0
Audi A8 4.2 TDI,2013,2800000,49000,Diesel,Dealer,Automatic,First Owner,7,Audi,Audi A8,7000.0,1.0
Datsun RediGO 1.0 S,2017,210000,15000,Petrol,Dealer,Manual,Second Owner,3,Datsun,Datsun RediGO,5000.0,2.0
Volkswagen Jetta 1.4 TSI Comfortline,2013,450000,50000,Petrol,Individual,Manual,First Owner,7,Volkswagen,Volkswagen Jetta,7142.857142857143,2.0
Audi A4 2.0 TDI 177 Bhp Premium Plus,2013,1150000,53000,Diesel,Dealer,Automatic,First Owner,7,Audi,Audi A4,7571.428571428572,1.0
Honda Civic 1.8 V AT,2009,210000,63500,Petrol,Dealer,Automatic,First Owner,11,Honda,Honda Civic,5772.727272727273,3.0
Mercedes-Benz E-Class Exclusive E 200 BSIV,2018,4500000,9800,Petrol,Dealer,Automatic,First Owner,2,Mercedes-Benz,Mercedes-Benz E-Class,4900.0,1.0
BMW X1 sDrive 20d xLine,2017,2750000,13000,Diesel,Individual,Automatic,First Owner,3,BMW,BMW X1,4333.333333333333,3.0
Volvo V40 D3 R Design,2018,1975000,21000,Diesel,Dealer,Automatic,First Owner,2,Volvo,Volvo V40,10500.0,1.0
Maruti SX4 Zxi BSIII,2008,175000,29173,Petrol,Dealer,Manual,First Owner,12,Maruti,Maruti SX4,2431.0833333333335,3.0
BMW 7 Series 730Ld,2012,2500000,48000,Diesel,Dealer,Automatic,First Owner,8,BMW,BMW 7,6000.0,3.0
Mahindra Bolero Power Plus SLX,2017,628000,120000,Diesel,Individual,Manual,First Owner,3,Mahindra,Mahindra Bolero,40000.0,11.0
Hyundai Sonata CRDi M/T,2010,600000,100000,Diesel,Individual,Manual,First Owner,10,Hyundai,Hyundai Sonata,10000.0,1.0
Nissan Micra Active XV Petrol,2017,399000,30000,Petrol,Individual,Manual,First Owner,3,Nissan,Nissan Micra,10000.0,1.0
Mahindra Xylo D4,2018,750000,87000,Diesel,Individual,Manual,First Owner,2,Mahindra,Mahindra Xylo,43500.0,7.0
Hyundai Elite i20 Sportz Plus Dual Tone BSIV,2019,750000,15000,Petrol,Individual,Manual,First Owner,1,Hyundai,Hyundai Elite,15000.0,2.0
Renault KWID RXT,2017,315000,16000,Petrol,Individual,Manual,First Owner,3,Renault,Renault KWID,5333.333333333333,18.0
Mahindra Xylo E4 BS III,2012,600000,60000,Diesel,Individual,Manual,First Owner,8,Mahindra,Mahindra Xylo,7500.0,1.0
Maruti Wagon R LXI Minor,2010,100000,60000,Petrol,Individual,Manual,Fourth & Above Owner,10,Maruti,Maruti Wagon,6000.0,21.0
Maruti SX4 ZXI MT BSIV,2011,250000,110000,Petrol,Individual,Manual,Third Owner,9,Maruti,Maruti SX4,12222.222222222223,3.0
Renault KWID RXT,2017,350000,25000,Petrol,Individual,Manual,First Owner,3,Renault,Renault KWID,8333.333333333334,18.0
Hyundai Creta 1.4 CRDi S,2016,780000,60000,Diesel,Individual,Manual,First Owner,4,Hyundai,Hyundai Creta,15000.0,1.0
Maruti Swift Dzire VDI,2014,434000,79350,Diesel,Individual,Manual,Second Owner,6,Maruti,Maruti Swift,13225.0,54.0
Hyundai Verna 1.6 VTVT AT S Option,2016,690000,80000,Petrol,Individual,Automatic,First Owner,4,Hyundai,Hyundai Verna,20000.0,2.0
Mahindra Scorpio LX BSIV,2014,555000,90000,Diesel,Individual,Manual,Second Owner,6,Mahindra,Mahindra Scorpio,15000.0,2.0
Maruti SX4 Vxi BSIII,2007,120000,90000,Petrol,Individual,Manual,Second Owner,13,Maruti,Maruti SX4,6923.076923076923,2.0
Maruti Ertiga VDI,2014,500000,120000,Diesel,Individual,Manual,Second Owner,6,Maruti,Maruti Ertiga,20000.0,11.0
Chevrolet Beat Diesel,2013,165000,60000,Diesel,Individual,Manual,Second Owner,7,Chevrolet,Chevrolet Beat,8571.42857142857,3.0
Maruti Zen LX,2004,95000,50000,Petrol,Individual,Manual,First Owner,16,Maruti,Maruti Zen,3125.0,9.0
Maruti Baleno Delta 1.2,2018,550000,20000,Petrol,Individual,Manual,First Owner,2,Maruti,Maruti Baleno,10000.0,6.0
Maruti Swift Vdi BSIII,2007,100000,110000,Diesel,Individual,Manual,Fourth & Above Owner,13,Maruti,Maruti Swift,8461.538461538461,12.0
Tata Nano Lx BSIV,2012,100000,50000,Petrol,Individual,Manual,Second Owner,8,Tata,Tata Nano,6250.0,4.0
Toyota Innova 2.5 GX (Diesel) 8 Seater,2012,500000,100000,Diesel,Individual,Manual,First Owner,8,Toyota,Toyota Innova,12500.0,1.0
Maruti Ertiga SHVS VDI,2016,800000,70000,Diesel,Individual,Manual,Second Owner,4,Maruti,Maruti Ertiga,17500.0,8.0
Hyundai Creta 1.6 CRDi SX,2016,840000,70000,Diesel,Individual,Manual,Second Owner,4,Hyundai,Hyundai Creta,17500.0,7.0
Honda Amaze S i-Vtech,2016,490000,50000,Petrol,Individual,Manual,First Owner,4,Honda,Honda Amaze,12500.0,2.0
Tata Indica Vista Aqua 1.4 TDI,2010,125000,81000,Diesel,Individual,Manual,Second Owner,10,Tata,Tata Indica,8100.0,6.0
Chevrolet Tavera Neo 2 LS B4 7 Str BSIII,2012,400000,120000,Diesel,Individual,Manual,Third Owner,8,Chevrolet,Chevrolet Tavera,15000.0,1.0
Chevrolet Cruze LTZ,2015,1000000,3600,Diesel,Dealer,Manual,First Owner,5,Chevrolet,Chevrolet Cruze,720.0,8.0
Ford Figo Aspire 1.2 Ti-VCT Titanium Plus,2015,530000,14272,Petrol,Dealer,Manual,First Owner,5,Ford,Ford Figo,2854.4,3.0
Ford EcoSport 1.5 Diesel Titanium Plus BSIV,2017,840000,49213,Diesel,Dealer,Manual,First Owner,3,Ford,Ford EcoSport,16404.333333333332,6.0
Hyundai i10 Sportz 1.1L,2015,229999,40000,Petrol,Individual,Manual,First Owner,5,Hyundai,Hyundai i10,8000.0,4.0
Maruti 800 Std,1998,40000,40000,Petrol,Individual,Manual,Fourth & Above Owner,22,Maruti,Maruti 800,1818.1818181818182,10.0
Chevrolet Spark 1.0 LS,2012,130000,80000,Petrol,Individual,Manual,First Owner,8,Chevrolet,Chevrolet Spark,10000.0,12.0
Hyundai EON Era Plus,2015,200000,70000,Petrol,Individual,Manual,First Owner,5,Hyundai,Hyundai EON,14000.0,28.0
Tata Indica Vista Aqua TDI BSIII,2011,120000,70000,Diesel,Individual,Manual,First Owner,9,Tata,Tata Indica,7777.777777777777,4.0
Hyundai Santro LP zipPlus,2003,75000,57000,Petrol,Individual,Manual,First Owner,17,Hyundai,Hyundai Santro,3352.9411764705883,3.0
Tata Bolt Quadrajet XE,2016,250000,120000,Diesel,Individual,Manual,First Owner,4,Tata,Tata Bolt,30000.0,2.0
Maruti 800 AC BSIII,2005,100000,30000,Petrol,Individual,Manual,First Owner,15,Maruti,Maruti 800,2000.0,6.0
Hyundai EON Era Plus,2013,280000,3240,Petrol,Individual,Manual,Second Owner,7,Hyundai,Hyundai EON,462.85714285714283,28.0
Hyundai i20 Magna 1.2,2015,540000,5000,Petrol,Individual,Manual,First Owner,5,Hyundai,Hyundai i20,1000.0,3.0
Hyundai i20 1.2 Asta,2018,700000,10000,Petrol,Individual,Manual,First Owner,2,Hyundai,Hyundai i20,5000.0,3.0
Maruti Ciaz VDi Plus,2015,525000,100000,Diesel,Individual,Manual,First Owner,5,Maruti,Maruti Ciaz,20000.0,2.0
Hyundai i20 Asta 1.4 CRDi,2016,430000,80000,Diesel,Individual,Manual,First Owner,4,Hyundai,Hyundai i20,20000.0,10.0
Hyundai Santro LE,2002,65000,70000,Petrol,Individual,Manual,First Owner,18,Hyundai,Hyundai Santro,3888.8888888888887,1.0
Maruti Vitara Brezza VDi,2018,800000,35000,Diesel,Individual,Manual,First Owner,2,Maruti,Maruti Vitara,17500.0,4.0
Hyundai Santro Xing XL eRLX Euro III,2007,75000,114000,Petrol,Individual,Manual,Second Owner,13,Hyundai,Hyundai Santro,8769.23076923077,5.0
Hyundai Getz 1.3 GLS,2008,210000,53772,Petrol,Individual,Manual,First Owner,12,Hyundai,Hyundai Getz,4481.0,3.0
Mahindra Quanto C8,2012,195000,140000,Diesel,Individual,Manual,Second Owner,8,Mahindra,Mahindra Quanto,17500.0,4.0
Chevrolet Tavera Neo 3 LS 7 C BSIII,2015,400000,120000,Diesel,Individual,Manual,First Owner,5,Chevrolet,Chevrolet Tavera,24000.0,1.0
Hyundai EON Magna Plus,2012,170000,60000,Petrol,Individual,Manual,First Owner,8,Hyundai,Hyundai EON,7500.0,17.0
Renault KWID RXT,2016,225000,25000,Petrol,Individual,Manual,First Owner,4,Renault,Renault KWID,6250.0,18.0
Maruti Wagon R DUO LPG,2014,210000,90000,LPG,Individual,Manual,First Owner,6,Maruti,Maruti Wagon,15000.0,1.0
Maruti Wagon R LXI,2020,240000,120000,Petrol,Individual,Manual,First Owner,0,Maruti,Maruti Wagon,120000.0,15.0
Chevrolet Enjoy 1.3 TCDi LS 8,2015,300000,175000,Diesel,Individual,Manual,First Owner,5,Chevrolet,Chevrolet Enjoy,35000.0,2.0
Chevrolet Spark 1.0 LS,2011,99000,100000,Petrol,Individual,Manual,Third Owner,9,Chevrolet,Chevrolet Spark,11111.111111111111,12.0
Honda City i VTEC SV,2014,620000,36000,Petrol,Individual,Manual,First Owner,6,Honda,Honda City,6000.0,1.0
Honda Amaze VX i-DTEC,2013,500000,30000,Diesel,Individual,Manual,First Owner,7,Honda,Honda Amaze,4285.714285714285,7.0
Jaguar XJ 5.0 L V8 Supercharged,2010,2550000,40000,Petrol,Individual,Automatic,Second Owner,10,Jaguar,Jaguar XJ,4000.0,1.0
Honda Brio E MT,2013,260000,70000,Petrol,Individual,Manual,Second Owner,7,Honda,Honda Brio,10000.0,2.0
Maruti Swift VVT ZXI,2017,550000,60000,Petrol,Individual,Manual,First Owner,3,Maruti,Maruti Swift,20000.0,1.0
Tata Indigo CR4,2011,150000,155500,Diesel,Individual,Manual,First Owner,9,Tata,Tata Indigo,17277.777777777777,9.0
Hyundai i10 Asta AT,2011,350000,50000,Petrol,Individual,Automatic,Second Owner,9,Hyundai,Hyundai i10,5555.555555555556,1.0
Chevrolet Beat LT,2016,320000,40000,Petrol,Individual,Manual,First Owner,4,Chevrolet,Chevrolet Beat,10000.0,11.0
Maruti Swift VDI BSIV,2015,400000,100000,Diesel,Individual,Manual,Third Owner,5,Maruti,Maruti Swift,20000.0,28.0
Maruti Alto LXi,2012,175000,80000,Petrol,Individual,Manual,Third Owner,8,Maruti,Maruti Alto,10000.0,42.0
Chevrolet Beat LT,2011,120000,90000,Petrol,Individual,Manual,Second Owner,9,Chevrolet,Chevrolet Beat,10000.0,11.0
Renault Duster 110PS Diesel RxZ,2013,320000,90000,Diesel,Individual,Manual,Second Owner,7,Renault,Renault Duster,12857.142857142857,8.0
Hyundai Santro Xing XG,2006,70000,110000,Petrol,Individual,Manual,Third Owner,14,Hyundai,Hyundai Santro,7857.142857142857,7.0
Maruti Swift Dzire ZXI Plus,2019,810000,15000,Petrol,Individual,Manual,First Owner,1,Maruti,Maruti Swift,15000.0,2.0
Maruti 800 AC,2007,95000,100000,Petrol,Individual,Manual,Second Owner,13,Maruti,Maruti 800,7692.307692307692,20.0
Maruti Alto K10 LXI CNG,2020,282000,40000,CNG,Individual,Manual,First Owner,0,Maruti,Maruti Alto,40000.0,1.0
Maruti 800 Std BSII,2004,80000,60000,Petrol,Individual,Manual,Second Owner,16,Maruti,Maruti 800,3750.0,2.0
Tata Nano LX SE,2013,72000,25000,Petrol,Individual,Manual,First Owner,7,Tata,Tata Nano,3571.4285714285716,3.0
Hyundai i20 Magna 1.2,2016,600000,25000,Petrol,Individual,Manual,First Owner,4,Hyundai,Hyundai i20,6250.0,3.0
Skoda Rapid 1.6 MPI Ambition With Alloy Wheel,2015,640000,23000,Petrol,Individual,Manual,First Owner,5,Skoda,Skoda Rapid,4600.0,1.0
Maruti Alto K10 VXI,2018,380000,22155,Petrol,Individual,Manual,First Owner,2,Maruti,Maruti Alto,11077.5,20.0
Maruti Ciaz 1.4 Delta,2018,650000,70000,Petrol,Individual,Manual,First Owner,2,Maruti,Maruti Ciaz,35000.0,1.0
Maruti Alto LX,2009,150000,60000,Petrol,Individual,Manual,Second Owner,11,Maruti,Maruti Alto,5454.545454545455,30.0
Hyundai i20 Asta,2009,280000,110000,Petrol,Individual,Manual,Second Owner,11,Hyundai,Hyundai i20,10000.0,3.0
Tata Nexon 1.2 Revotron XM,2018,430000,30000,Petrol,Individual,Manual,First Owner,2,Tata,Tata Nexon,15000.0,2.0
Mahindra Bolero Power Plus SLX,2019,800000,15000,Diesel,Individual,Manual,First Owner,1,Mahindra,Mahindra Bolero,15000.0,11.0
Maruti Zen D,2003,75000,100000,Diesel,Individual,Manual,Second Owner,17,Maruti,Maruti Zen,5882.35294117647,1.0
Volkswagen Vento Celeste 1.5 TDI Highline AT,2016,650000,70000,Diesel,Individual,Automatic,First Owner,4,Volkswagen,Volkswagen Vento,17500.0,1.0
Maruti Eeco 7 Seater Standard BSIV,2017,390000,24000,Petrol,Individual,Manual,First Owner,3,Maruti,Maruti Eeco,8000.0,5.0
Honda City 1.5 EXI,2005,100000,120000,Petrol,Individual,Manual,Second Owner,15,Honda,Honda City,8000.0,3.0
Mercedes-Benz New C-Class 220 CDI AT,2013,1500000,35000,Diesel,Individual,Automatic,First Owner,7,Mercedes-Benz,Mercedes-Benz New,5000.0,2.0
Maruti SX4 Zxi with Leather BSIII,2007,175000,78380,Petrol,Individual,Manual,First Owner,13,Maruti,Maruti SX4,6029.2307692307695,2.0
Renault Duster 110PS Diesel RxZ,2012,434999,110000,Diesel,Individual,Manual,Second Owner,8,Renault,Renault Duster,13750.0,8.0
Ford Figo Diesel Titanium,2010,170000,90000,Diesel,Individual,Manual,Third Owner,10,Ford,Ford Figo,9000.0,14.0
Ford Figo Diesel Titanium,2011,190000,90000,Diesel,Individual,Manual,Third Owner,9,Ford,Ford Figo,10000.0,14.0
Maruti Swift Dzire VDi,2009,250000,150000,Diesel,Individual,Manual,Third Owner,11,Maruti,Maruti Swift,13636.363636363636,10.0
Mahindra Xylo E4,2009,229999,230000,Diesel,Individual,Manual,Third Owner,11,Mahindra,Mahindra Xylo,20909.090909090908,4.0
Maruti Esteem Vxi - BSIII,2006,140000,70000,Petrol,Individual,Manual,Third Owner,14,Maruti,Maruti Esteem,5000.0,3.0
Maruti Swift VDI BSIV,2017,600000,80362,Diesel,Individual,Manual,First Owner,3,Maruti,Maruti Swift,26787.333333333332,28.0
Hyundai i20 1.2 Sportz,2012,280000,110000,Petrol,Individual,Manual,Third Owner,8,Hyundai,Hyundai i20,13750.0,6.0
Chevrolet Beat Diesel LT,2012,150000,60000,Diesel,Individual,Manual,First Owner,8,Chevrolet,Chevrolet Beat,7500.0,14.0
Chevrolet Cruze LTZ AT,2015,650000,50000,Diesel,Individual,Automatic,First Owner,5,Chevrolet,Chevrolet Cruze,10000.0,4.0
Nissan Micra XL,2014,210000,40000,Petrol,Individual,Manual,Second Owner,6,Nissan,Nissan Micra,6666.666666666667,5.0
BMW 5 Series 520d Luxury Line,2017,2900000,40000,Diesel,Individual,Automatic,First Owner,3,BMW,BMW 5,13333.333333333334,3.0
Chevrolet Enjoy 1.3 TCDi LS 8,2013,425000,20000,Diesel,Dealer,Manual,First Owner,7,Chevrolet,Chevrolet Enjoy,2857.1428571428573,2.0
Hyundai EON Era Plus Option,2014,265000,55000,Petrol,Dealer,Manual,First Owner,6,Hyundai,Hyundai EON,9166.666666666666,3.0
Fiat Linea T Jet Emotion,2018,890000,1136,Petrol,Dealer,Manual,First Owner,2,Fiat,Fiat Linea,568.0,2.0
Renault Scala RxL,2013,365000,55000,Petrol,Dealer,Manual,First Owner,7,Renault,Renault Scala,7857.142857142857,1.0
Ford Figo Petrol Titanium,2014,350000,43000,Petrol,Dealer,Manual,First Owner,6,Ford,Ford Figo,7166.666666666667,4.0
Maruti Ciaz ZDi SHVS,2016,685000,60000,Diesel,Individual,Manual,First Owner,4,Maruti,Maruti Ciaz,15000.0,2.0
Skoda Rapid 1.5 TDI Ambition BSIV,2018,940000,2650,Diesel,Dealer,Manual,First Owner,2,Skoda,Skoda Rapid,1325.0,1.0
Mahindra XUV500 W6 2WD,2017,1000000,40000,Diesel,Individual,Manual,First Owner,3,Mahindra,Mahindra XUV500,13333.333333333334,13.0
Mahindra XUV300 W8 Option,2019,1150000,15000,Petrol,Dealer,Manual,First Owner,1,Mahindra,Mahindra XUV300,15000.0,1.0
Maruti Ertiga SHVS ZDI,2016,450000,115962,Diesel,Individual,Manual,Second Owner,4,Maruti,Maruti Ertiga,28990.5,3.0
Nissan Terrano XE D,2015,590000,65000,Diesel,Dealer,Manual,First Owner,5,Nissan,Nissan Terrano,13000.0,1.0
Maruti S-Cross Facelift,2017,800000,40000,Diesel,Individual,Manual,First Owner,3,Maruti,Maruti S-Cross,13333.333333333334,1.0
Hyundai i20 Magna 1.4 CRDi (Diesel),2012,385000,58000,Diesel,Dealer,Manual,First Owner,8,Hyundai,Hyundai i20,7250.0,5.0
Mercedes-Benz New C-Class C 220 CDI BE Avantgare,2013,2000000,15000,Diesel,Individual,Automatic,First Owner,7,Mercedes-Benz,Mercedes-Benz New,2142.8571428571427,1.0
Hyundai EON Era Plus,2012,235000,54000,Petrol,Dealer,Manual,First Owner,8,Hyundai,Hyundai EON,6750.0,28.0
Volkswagen Ameo 1.5 TDI Highline,2017,640000,56000,Diesel,Dealer,Manual,First Owner,3,Volkswagen,Volkswagen Ameo,18666.666666666668,2.0
Maruti Alto LX,2006,52000,120000,Petrol,Individual,Manual,Third Owner,14,Maruti,Maruti Alto,8571.42857142857,30.0
Maruti Omni LPG CARGO BSIII W IMMOBILISER,2009,80000,90000,LPG,Individual,Manual,Second Owner,11,Maruti,Maruti Omni,8181.818181818182,1.0
Maruti Alto LX,2012,140000,70000,Petrol,Individual,Manual,Second Owner,8,Maruti,Maruti Alto,8750.0,30.0
Hyundai Verna i (Petrol),2008,120000,90000,Petrol,Individual,Manual,Second Owner,12,Hyundai,Hyundai Verna,7500.0,2.0
Mahindra Renault Logan 1.5 DLS,2008,89999,213000,Diesel,Individual,Manual,First Owner,12,Mahindra,Mahindra Renault,17750.0,1.0
Chevrolet Optra Magnum 2.0 LS BSIII,2012,180000,120000,Diesel,Individual,Manual,First Owner,8,Chevrolet,Chevrolet Optra,15000.0,1.0
Mahindra Scorpio S11 BSIV,2017,1500000,20000,Diesel,Individual,Manual,First Owner,3,Mahindra,Mahindra Scorpio,6666.666666666667,4.0
Hyundai i20 Active 1.2 SX,2017,700000,10000,Petrol,Individual,Manual,First Owner,3,Hyundai,Hyundai i20,3333.3333333333335,5.0
Maruti SX4 Celebration Diesel,2012,285000,80000,Diesel,Individual,Manual,Second Owner,8,Maruti,Maruti SX4,10000.0,2.0
Hyundai Grand i10 Magna,2015,390000,90000,Petrol,Individual,Manual,First Owner,5,Hyundai,Hyundai Grand,18000.0,4.0
Maruti Alto LXi BSIII,2008,125000,80000,Petrol,Individual,Manual,First Owner,12,Maruti,Maruti Alto,6666.666666666667,14.0
Maruti SX4 Zxi with Leather BSIII,2008,225000,60000,Petrol,Individual,Manual,Second Owner,12,Maruti,Maruti SX4,5000.0,2.0
Hyundai i10 Era,2011,175000,139000,Petrol,Individual,Manual,Second Owner,9,Hyundai,Hyundai i10,15444.444444444445,7.0
Toyota Innova 2.5 V Diesel 7-seater,2011,1075000,160000,Diesel,Individual,Manual,Second Owner,9,Toyota,Toyota Innova,17777.777777777777,5.0
Honda Mobilio V i DTEC,2014,300000,150000,Diesel,Individual,Manual,First Owner,6,Honda,Honda Mobilio,25000.0,3.0
Toyota Innova 2.5 G (Diesel) 7 Seater BS IV,2010,700000,163000,Diesel,Individual,Manual,Fourth & Above Owner,10,Toyota,Toyota Innova,16300.0,2.0
Tata Indica V2 2001-2011 DLS BSIII,2009,90000,120000,Diesel,Dealer,Manual,First Owner,11,Tata,Tata Indica,10909.09090909091,1.0
Tata Indica Vista TDI LS,2011,120000,120000,Diesel,Individual,Manual,Second Owner,9,Tata,Tata Indica,13333.333333333334,7.0
Chevrolet Beat Diesel LS,2012,220000,100000,Diesel,Individual,Manual,Second Owner,8,Chevrolet,Chevrolet Beat,12500.0,12.0
Tata Zest Quadrajet 1.3 75PS XE,2015,300000,140000,Diesel,Dealer,Manual,First Owner,5,Tata,Tata Zest,28000.0,3.0
Skoda Fabia 1.2L Diesel Ambiente,2010,180000,87000,Diesel,Dealer,Manual,Second Owner,10,Skoda,Skoda Fabia,8700.0,2.0
Maruti 800 Std,2013,170000,70000,Petrol,Individual,Manual,First Owner,7,Maruti,Maruti 800,10000.0,10.0
Ford Figo Petrol Titanium,2015,300000,50000,Petrol,Individual,Manual,Second Owner,5,Ford,Ford Figo,10000.0,4.0
Toyota Innova 2.5 VX (Diesel) 8 Seater,2014,1050000,70000,Diesel,Individual,Manual,First Owner,6,Toyota,Toyota Innova,11666.666666666666,5.0
Hyundai Grand i10 1.2 CRDi Asta,2018,465000,25000,Diesel,Individual,Manual,First Owner,2,Hyundai,Hyundai Grand,12500.0,3.0
Chevrolet Beat Diesel LT,2011,130000,80000,Diesel,Individual,Manual,Second Owner,9,Chevrolet,Chevrolet Beat,8888.888888888889,14.0
Datsun GO Plus T Option Petrol,2018,434999,10000,Petrol,Individual,Manual,First Owner,2,Datsun,Datsun GO,5000.0,1.0
Hyundai Grand i10 1.2 Kappa Asta,2018,500000,32000,Petrol,Individual,Manual,First Owner,2,Hyundai,Hyundai Grand,16000.0,8.0
Maruti Omni MPI STD BSIV,2018,200000,10000,Petrol,Individual,Manual,First Owner,2,Maruti,Maruti Omni,5000.0,6.0
Maruti Baleno Alpha 1.2,2017,625000,52000,Petrol,Dealer,Manual,First Owner,3,Maruti,Maruti Baleno,17333.333333333332,6.0
Ford Fiesta Classic 1.4 SXI Duratorq,2006,110000,120000,Diesel,Individual,Manual,Third Owner,14,Ford,Ford Fiesta,8571.42857142857,3.0
Hyundai Elite i20 Asta Option BSIV,2019,800000,11240,Petrol,Individual,Manual,First Owner,1,Hyundai,Hyundai Elite,11240.0,1.0
Hyundai Grand i10 CRDi Magna,2017,490000,66000,Diesel,Dealer,Manual,First Owner,3,Hyundai,Hyundai Grand,22000.0,3.0
Maruti Ertiga SHVS ZDI,2017,880000,64000,Diesel,Dealer,Manual,First Owner,3,Maruti,Maruti Ertiga,21333.333333333332,3.0
Hyundai Santro Xing GL Plus,2013,290000,49000,Petrol,Individual,Manual,First Owner,7,Hyundai,Hyundai Santro,7000.0,4.0
Tata Sumo GX TC 7 Str BSIII,2006,115999,100000,Diesel,Individual,Manual,Second Owner,14,Tata,Tata Sumo,7142.857142857143,1.0
Renault KWID RXT,2018,360000,26500,Petrol,Individual,Manual,First Owner,2,Renault,Renault KWID,13250.0,18.0
Maruti 800 AC,2002,65000,100000,Petrol,Individual,Manual,Second Owner,18,Maruti,Maruti 800,5555.555555555556,20.0
Maruti Vitara Brezza LDi Option,2017,685000,72000,Diesel,Dealer,Manual,First Owner,3,Maruti,Maruti Vitara,24000.0,1.0
Honda Jazz S,2009,300000,50000,Petrol,Individual,Manual,First Owner,11,Honda,Honda Jazz,4545.454545454545,1.0
Hyundai i20 1.4 Sportz,2017,680000,44000,Diesel,Dealer,Manual,First Owner,3,Hyundai,Hyundai i20,14666.666666666666,4.0
Maruti Ertiga SHVS ZDI Plus,2017,1000000,60000,Diesel,Individual,Manual,Second Owner,3,Maruti,Maruti Ertiga,20000.0,5.0
Tata Sumo SE Plus BSIII,2002,100000,120000,Diesel,Individual,Manual,First Owner,18,Tata,Tata Sumo,6666.666666666667,1.0
Mahindra Xylo E4,2010,160000,130000,Diesel,Individual,Manual,First Owner,10,Mahindra,Mahindra Xylo,13000.0,4.0
Maruti Swift ZDi BSIV,2017,450000,70000,Diesel,Individual,Manual,First Owner,3,Maruti,Maruti Swift,23333.333333333332,4.0
Maruti Ertiga VXI,2014,600000,20000,Petrol,Individual,Manual,First Owner,6,Maruti,Maruti Ertiga,3333.3333333333335,4.0
Hyundai i20 1.4 Magna ABS,2009,180000,60000,Diesel,Individual,Manual,Second Owner,11,Hyundai,Hyundai i20,5454.545454545455,1.0
Maruti Alto LXi,2007,100000,195000,Petrol,Individual,Manual,First Owner,13,Maruti,Maruti Alto,15000.0,42.0
Maruti Alto LXi,2010,120000,90000,Petrol,Individual,Manual,Second Owner,10,Maruti,Maruti Alto,9000.0,42.0
Hyundai Getz GL,2006,130000,80000,Petrol,Individual,Manual,Third Owner,14,Hyundai,Hyundai Getz,5714.285714285715,1.0
Maruti Wagon R LX BS IV,2011,160000,155000,Petrol,Individual,Manual,First Owner,9,Maruti,Maruti Wagon,17222.222222222223,2.0
Mahindra Bolero Power Plus SLX,2019,860000,35000,Diesel,Individual,Manual,First Owner,1,Mahindra,Mahindra Bolero,35000.0,11.0
Hyundai i20 1.2 Spotz,2018,650000,20000,Petrol,Individual,Manual,Second Owner,2,Hyundai,Hyundai i20,10000.0,5.0
Maruti Wagon R LXI Minor,2010,100000,80000,Petrol,Individual,Manual,Second Owner,10,Maruti,Maruti Wagon,8000.0,21.0
Maruti Alto 800 VXI,2017,282000,20000,Petrol,Individual,Manual,First Owner,3,Maruti,Maruti Alto,6666.666666666667,13.0
Hyundai i20 Asta (o),2009,300000,50000,Petrol,Individual,Manual,First Owner,11,Hyundai,Hyundai i20,4545.454545454545,2.0
Hyundai i20 Asta,2010,270000,110000,Petrol,Individual,Manual,Second Owner,10,Hyundai,Hyundai i20,11000.0,3.0
Hyundai Verna 1.6 SX CRDi (O),2013,550000,29000,Diesel,Individual,Manual,First Owner,7,Hyundai,Hyundai Verna,4142.857142857143,14.0
Mahindra Xylo D2 BSIV,2013,450000,120000,Diesel,Individual,Manual,First Owner,7,Mahindra,Mahindra Xylo,17142.85714285714,1.0
Mahindra Bolero SLX 2WD BSIII,2011,430000,70000,Diesel,Individual,Manual,Second Owner,9,Mahindra,Mahindra Bolero,7777.777777777777,2.0
Maruti Ertiga VXI ABS,2013,350000,40000,Petrol,Individual,Manual,First Owner,7,Maruti,Maruti Ertiga,5714.285714285715,1.0
Honda Brio 1.2 E MT,2017,350000,20000,Petrol,Individual,Manual,First Owner,3,Honda,Honda Brio,6666.666666666667,1.0
Toyota Etios Liva G,2013,229999,50000,Petrol,Individual,Manual,Second Owner,7,Toyota,Toyota Etios,7142.857142857143,1.0
Maruti Alto 800 LXI,2013,110000,50000,Petrol,Individual,Manual,First Owner,7,Maruti,Maruti Alto,7142.857142857143,48.0
Maruti Swift Dzire 1.2 Vxi BSIV,2012,395000,49000,Petrol,Individual,Manual,Second Owner,8,Maruti,Maruti Swift,6125.0,3.0
Mahindra Scorpio VLS AT 2.2 mHAWK,2011,650000,70000,Diesel,Individual,Automatic,Second Owner,9,Mahindra,Mahindra Scorpio,7777.777777777777,4.0
Mahindra Bolero SLX,2011,350000,90000,Diesel,Individual,Manual,Second Owner,9,Mahindra,Mahindra Bolero,10000.0,8.0
Mahindra XUV500 W11 Option AWD,2020,1400000,25000,Diesel,Dealer,Manual,First Owner,0,Mahindra,Mahindra XUV500,25000.0,1.0
Tata Tiago 1.2 Revotron XZ,2018,360000,4000,Petrol,Individual,Manual,First Owner,2,Tata,Tata Tiago,2000.0,5.0
Mahindra Marazzo M8 8Str,2018,1300000,10000,Diesel,Individual,Manual,First Owner,2,Mahindra,Mahindra Marazzo,5000.0,1.0
Renault Duster 110PS Diesel RxL,2015,800000,15000,Diesel,Individual,Manual,First Owner,5,Renault,Renault Duster,3000.0,3.0
Hyundai EON Magna Plus,2018,229999,30000,Petrol,Individual,Manual,First Owner,2,Hyundai,Hyundai EON,15000.0,17.0
Maruti Wagon R VXI,2014,315000,41000,Petrol,Dealer,Manual,First Owner,6,Maruti,Maruti Wagon,6833.333333333333,7.0
Chevrolet Spark 1.0 LT,2012,125000,28000,Petrol,Individual,Manual,First Owner,8,Chevrolet,Chevrolet Spark,3500.0,6.0
Maruti Baleno Alpha,2019,700000,16000,Petrol,Individual,Manual,First Owner,1,Maruti,Maruti Baleno,16000.0,1.0
Hyundai EON 1.0 Kappa Magna Plus,2015,160000,70000,Petrol,Individual,Manual,First Owner,5,Hyundai,Hyundai EON,14000.0,2.0
Ford Figo Aspire 1.2 Ti-VCT Trend,2017,530000,10832,Petrol,Dealer,Manual,First Owner,3,Ford,Ford Figo,3610.6666666666665,3.0
Ford Figo Aspire Facelift,2018,624000,14681,Diesel,Dealer,Manual,First Owner,2,Ford,Ford Figo,7340.5,1.0
Hyundai i10 Era,2009,250000,50000,Petrol,Individual,Manual,First Owner,11,Hyundai,Hyundai i10,4545.454545454545,7.0
Mahindra Bolero SLX,2016,585000,51000,Diesel,Dealer,Manual,First Owner,4,Mahindra,Mahindra Bolero,12750.0,8.0
Hyundai Verna 1.4 VTVT,2015,500000,25000,Petrol,Individual,Manual,First Owner,5,Hyundai,Hyundai Verna,5000.0,2.0
Chevrolet Sail 1.2 LT ABS,2014,350000,30000,Petrol,Individual,Manual,First Owner,6,Chevrolet,Chevrolet Sail,5000.0,1.0
Honda City i-DTEC SV,2014,495000,80000,Diesel,Dealer,Manual,First Owner,6,Honda,Honda City,13333.333333333334,2.0
Hyundai Grand i10 1.2 Kappa Asta,2017,500000,50000,Petrol,Individual,Manual,First Owner,3,Hyundai,Hyundai Grand,16666.666666666668,8.0
Mahindra Bolero Power Plus Plus AC BSIV PS,2015,430000,200000,Diesel,Individual,Manual,First Owner,5,Mahindra,Mahindra Bolero,40000.0,8.0
Hyundai Grand i10 1.2 Kappa Sportz Option,2013,345000,44000,Petrol,Dealer,Manual,First Owner,7,Hyundai,Hyundai Grand,6285.714285714285,2.0
Maruti Baleno Sigma 1.2,2015,500000,10000,Petrol,Individual,Manual,First Owner,5,Maruti,Maruti Baleno,2000.0,1.0
Tata Tiago 1.2 Revotron XZ,2019,425000,19600,Petrol,Individual,Manual,First Owner,1,Tata,Tata Tiago,19600.0,5.0
Maruti Wagon R LXI,2005,80000,40000,Petrol,Individual,Manual,Second Owner,15,Maruti,Maruti Wagon,2666.6666666666665,15.0
Chevrolet Beat Diesel LS,2011,106000,50000,Diesel,Individual,Manual,First Owner,9,Chevrolet,Chevrolet Beat,5555.555555555556,12.0
Maruti A-Star Vxi,2009,180000,46730,Petrol,Individual,Manual,First Owner,11,Maruti,Maruti A-Star,4248.181818181818,7.0
Datsun GO A,2015,250000,40000,Petrol,Individual,Manual,Second Owner,5,Datsun,Datsun GO,8000.0,1.0
Skoda Yeti Ambition 4WD,2011,350000,80000,Diesel,Individual,Manual,First Owner,9,Skoda,Skoda Yeti,8888.888888888889,1.0
Maruti Zen LXi BSII,2002,60000,80000,Petrol,Individual,Manual,Second Owner,18,Maruti,Maruti Zen,4444.444444444444,1.0
Hyundai Verna CRDi 1.6 EX,2018,900000,24000,Diesel,Individual,Manual,First Owner,2,Hyundai,Hyundai Verna,12000.0,3.0
Ford Aspire Titanium Diesel BSIV,2017,700000,21170,Diesel,Dealer,Manual,First Owner,3,Ford,Ford Aspire,7056.666666666667,2.0
BMW 3 Series 320d Sport,2013,2000000,167223,Diesel,Dealer,Automatic,First Owner,7,BMW,BMW 3,23889.0,2.0
Maruti Ertiga SHVS ZDI Plus,2017,1000000,40000,Diesel,Individual,Manual,First Owner,3,Maruti,Maruti Ertiga,13333.333333333334,5.0
BMW X1 sDrive 20d Exclusive,2011,1375000,60000,Diesel,Individual,Automatic,First Owner,9,BMW,BMW X1,6666.666666666667,1.0
Toyota Innova Crysta 2.4 VX MT,2016,1800000,141440,Diesel,Dealer,Manual,First Owner,4,Toyota,Toyota Innova,35360.0,1.0
Chevrolet Tavera Neo 3 10 Seats BSIV,2007,160000,120000,Diesel,Individual,Manual,Third Owner,13,Chevrolet,Chevrolet Tavera,9230.76923076923,2.0
Mitsubishi Outlander 2.4,2012,525000,140000,Petrol,Individual,Automatic,First Owner,8,Mitsubishi,Mitsubishi Outlander,17500.0,1.0
Mahindra XUV500 W8 2WD,2012,850000,212814,Diesel,Dealer,Manual,First Owner,8,Mahindra,Mahindra XUV500,26601.75,16.0
Maruti Baleno Alpha 1.3,2019,800000,30000,Diesel,Individual,Manual,First Owner,1,Maruti,Maruti Baleno,30000.0,8.0
Ford Figo Aspire 1.5 TDCi Titanium,2017,700000,88635,Diesel,Dealer,Manual,First Owner,3,Ford,Ford Figo,29545.0,4.0
Maruti Swift Dzire VDI,2018,800000,25000,Diesel,Individual,Manual,First Owner,2,Maruti,Maruti Swift,12500.0,54.0
Hyundai i20 1.2 Spotz,2017,575000,20000,Petrol,Individual,Manual,Second Owner,3,Hyundai,Hyundai i20,6666.666666666667,5.0
Renault Duster 110PS Diesel RxZ,2012,350000,110000,Diesel,Individual,Manual,Second Owner,8,Renault,Renault Duster,13750.0,8.0
Maruti Swift Vdi BSIII,2008,250000,120000,Diesel,Individual,Manual,Third Owner,12,Maruti,Maruti Swift,10000.0,12.0
Ford Endeavour Titanium 4X2,2011,600000,149674,Diesel,Dealer,Manual,Second Owner,9,Ford,Ford Endeavour,16630.444444444445,1.0
Mahindra Scorpio 2.6 Turbo 9 Str,2007,370000,100000,Diesel,Individual,Manual,Third Owner,13,Mahindra,Mahindra Scorpio,7692.307692307692,1.0
Maruti Baleno Vxi,2006,80000,120000,Petrol,Individual,Manual,Third Owner,14,Maruti,Maruti Baleno,8571.42857142857,2.0
Tata Indica DLX,2003,50000,120000,Diesel,Individual,Manual,Second Owner,17,Tata,Tata Indica,7058.823529411765,1.0
Hyundai Verna CRDi 1.6 EX,2018,900000,25000,Diesel,Individual,Manual,First Owner,2,Hyundai,Hyundai Verna,12500.0,3.0
Maruti Wagon R VXI BS IV,2014,300000,35000,Petrol,Individual,Manual,Second Owner,6,Maruti,Maruti Wagon,5833.333333333333,26.0
Tata Indica LSI,2002,125000,40000,Petrol,Individual,Manual,First Owner,18,Tata,Tata Indica,2222.222222222222,3.0
Maruti Swift Dzire VDI,2015,490000,60000,Diesel,Individual,Manual,Second Owner,5,Maruti,Maruti Swift,12000.0,54.0
Toyota Etios Liva GD,2012,300000,50000,Diesel,Individual,Manual,Second Owner,8,Toyota,Toyota Etios,6250.0,4.0
Tata Nano STD,2013,55000,25000,Petrol,Individual,Manual,Fourth & Above Owner,7,Tata,Tata Nano,3571.4285714285716,1.0
Hyundai Grand i10 Sportz,2016,350000,25000,Petrol,Individual,Manual,First Owner,4,Hyundai,Hyundai Grand,6250.0,11.0
Hyundai Grand i10 1.2 CRDi Asta,2019,755000,8000,Diesel,Individual,Manual,First Owner,1,Hyundai,Hyundai Grand,8000.0,3.0
Maruti Ertiga SHVS VDI,2017,720000,60000,Diesel,Individual,Manual,First Owner,3,Maruti,Maruti Ertiga,20000.0,8.0
Mahindra Bolero SLX,2006,229999,200000,Diesel,Individual,Manual,Third Owner,14,Mahindra,Mahindra Bolero,14285.714285714286,8.0
Mahindra Scorpio S7 140 BSIV,2018,1100000,20000,Diesel,Individual,Manual,First Owner,2,Mahindra,Mahindra Scorpio,10000.0,1.0
Volkswagen Polo Petrol Comfortline 1.2L,2013,400000,100000,Petrol,Individual,Manual,First Owner,7,Volkswagen,Volkswagen Polo,14285.714285714286,2.0
Hyundai Xcent 1.1 CRDi Base,2015,350000,70000,Diesel,Individual,Manual,Second Owner,5,Hyundai,Hyundai Xcent,14000.0,5.0
Chevrolet Beat Diesel PS,2012,159000,68000,Diesel,Dealer,Manual,First Owner,8,Chevrolet,Chevrolet Beat,8500.0,2.0
Maruti Swift ZXi BSIV,2017,550000,38000,Petrol,Dealer,Manual,First Owner,3,Maruti,Maruti Swift,12666.666666666666,1.0
Maruti Ritz VDi,2013,335000,80000,Diesel,Dealer,Manual,First Owner,7,Maruti,Maruti Ritz,11428.57142857143,19.0
Tata Indigo CS Emax CNG GLX,2014,185000,72000,CNG,Dealer,Manual,First Owner,6,Tata,Tata Indigo,12000.0,1.0
Maruti Eeco 5 STR With AC Plus HTR CNG,2012,229999,75000,CNG,Dealer,Manual,First Owner,8,Maruti,Maruti Eeco,9375.0,5.0
Maruti Estilo LXI,2014,225000,43000,Petrol,Dealer,Manual,First Owner,6,Maruti,Maruti Estilo,7166.666666666667,1.0
Maruti Swift VXI with ABS,2007,250000,120000,Petrol,Individual,Manual,Second Owner,13,Maruti,Maruti Swift,9230.76923076923,1.0
Tata Zest Quadrajet 1.3 XM,2015,400000,100000,Diesel,Individual,Manual,First Owner,5,Tata,Tata Zest,20000.0,1.0
Maruti Swift VDI BSIV,2014,470000,163000,Diesel,Individual,Manual,First Owner,6,Maruti,Maruti Swift,27166.666666666668,28.0
Maruti Alto K10 VXI AGS Optional,2018,300000,25000,Petrol,Individual,Automatic,First Owner,2,Maruti,Maruti Alto,12500.0,1.0
Maruti Alto LX,2011,145000,25000,Petrol,Individual,Manual,First Owner,9,Maruti,Maruti Alto,2777.777777777778,30.0
Maruti SX4 Vxi BSIII,2007,100000,90000,Petrol,Individual,Manual,Second Owner,13,Maruti,Maruti SX4,6923.076923076923,2.0
Mahindra Scorpio SLE BSIV,2014,500000,70000,Diesel,Individual,Manual,Second Owner,6,Mahindra,Mahindra Scorpio,11666.666666666666,6.0
Hyundai Santro Xing GLS CNG,2010,130000,98000,CNG,Individual,Manual,Second Owner,10,Hyundai,Hyundai Santro,9800.0,1.0
Chevrolet Cruze LTZ,2010,240000,81925,Diesel,Individual,Manual,First Owner,10,Chevrolet,Chevrolet Cruze,8192.5,8.0
Ford Figo Diesel Celebration Edition,2013,150000,80000,Diesel,Individual,Manual,Second Owner,7,Ford,Ford Figo,11428.57142857143,5.0
Renault KWID RXT Optional,2017,270000,40000,Petrol,Individual,Manual,First Owner,3,Renault,Renault KWID,13333.333333333334,5.0
Maruti Swift Dzire VDI,2014,400000,90000,Diesel,Individual,Manual,First Owner,6,Maruti,Maruti Swift,15000.0,54.0
Hyundai EON Era Plus,2012,200000,46000,Petrol,Individual,Manual,First Owner,8,Hyundai,Hyundai EON,5750.0,28.0
Mahindra XUV500 W6 2WD,2012,550000,80000,Diesel,Individual,Manual,First Owner,8,Mahindra,Mahindra XUV500,10000.0,13.0
Renault KWID 1.0 RXT Optional,2018,325000,35000,Petrol,Individual,Manual,First Owner,2,Renault,Renault KWID,17500.0,14.0
Skoda Rapid 1.5 TDI AT Style BSIV,2017,860000,82080,Diesel,Individual,Automatic,First Owner,3,Skoda,Skoda Rapid,27360.0,1.0
Mahindra XUV500 W8 2WD,2012,600000,200000,Diesel,Individual,Manual,First Owner,8,Mahindra,Mahindra XUV500,25000.0,16.0
Chevrolet Spark 1.0,2009,125000,70000,Petrol,Individual,Manual,First Owner,11,Chevrolet,Chevrolet Spark,6363.636363636364,4.0
Maruti 800 AC,2000,60000,40000,Petrol,Individual,Manual,Third Owner,20,Maruti,Maruti 800,2000.0,20.0
Chevrolet Tavera Neo 3 10 Seats BSIV,2010,300000,120000,Diesel,Individual,Manual,Third Owner,10,Chevrolet,Chevrolet Tavera,12000.0,2.0
Ford Fiesta 1.6 ZXi Duratec,2007,190000,60000,Petrol,Individual,Manual,Third Owner,13,Ford,Ford Fiesta,4615.384615384615,2.0
Maruti Ertiga VDI,2013,400000,110000,Diesel,Individual,Manual,First Owner,7,Maruti,Maruti Ertiga,15714.285714285714,11.0
Tata Manza Aura Quadrajet BS IV,2011,260000,97000,Diesel,Individual,Manual,Second Owner,9,Tata,Tata Manza,10777.777777777777,2.0
Maruti Swift VVT VXI,2017,400000,30000,Petrol,Individual,Manual,First Owner,3,Maruti,Maruti Swift,10000.0,1.0
Hyundai i20 Sportz Petrol,2010,250000,40000,Petrol,Individual,Manual,First Owner,10,Hyundai,Hyundai i20,4000.0,1.0
Hyundai Grand i10 1.2 Kappa Asta,2019,600000,10000,Petrol,Individual,Manual,First Owner,1,Hyundai,Hyundai Grand,10000.0,8.0
Maruti Zen Estilo VXI BSIV,2010,175000,52047,Petrol,Individual,Manual,First Owner,10,Maruti,Maruti Zen,5204.7,3.0
Toyota Innova 2.5 G (Diesel) 8 Seater BS IV,2011,450000,200000,Diesel,Individual,Manual,Third Owner,9,Toyota,Toyota Innova,22222.222222222223,6.0
Tata Tiago 1.2 Revotron XZA,2019,350000,15000,Petrol,Individual,Automatic,Second Owner,1,Tata,Tata Tiago,15000.0,1.0
Maruti Vitara Brezza ZDi,2018,800000,50000,Diesel,Individual,Manual,First Owner,2,Maruti,Maruti Vitara,25000.0,2.0
Maruti Swift VXI BSIII,2011,250000,70000,Petrol,Individual,Manual,Second Owner,9,Maruti,Maruti Swift,7777.777777777777,4.0
Maruti Swift VXI BSIV,2019,600000,10000,Petrol,Individual,Manual,First Owner,1,Maruti,Maruti Swift,10000.0,2.0
Maruti Swift VDI BSIV,2017,600000,90000,Diesel,Individual,Manual,First Owner,3,Maruti,Maruti Swift,30000.0,28.0
Maruti Alto 800 LXI,2016,130000,40000,Petrol,Individual,Manual,First Owner,4,Maruti,Maruti Alto,10000.0,48.0
Maruti Wagon R LXI,2006,90000,62009,Petrol,Individual,Manual,Second Owner,14,Maruti,Maruti Wagon,4429.214285714285,15.0
Hyundai i20 Active 1.2 S,2017,595000,33100,Petrol,Individual,Manual,Second Owner,3,Hyundai,Hyundai i20,11033.333333333334,4.0
Hyundai EON Era Plus,2014,190000,40000,Petrol,Individual,Manual,Second Owner,6,Hyundai,Hyundai EON,6666.666666666667,28.0
Hyundai Santro GLS I - Euro I,1999,50000,120000,Petrol,Individual,Manual,Second Owner,21,Hyundai,Hyundai Santro,5714.285714285715,3.0
Maruti Wagon R LXI Minor,2007,95000,80000,Petrol,Individual,Manual,First Owner,13,Maruti,Maruti Wagon,6153.846153846154,21.0
Tata Safari Storme VX,2016,1000000,70000,Diesel,Individual,Manual,First Owner,4,Tata,Tata Safari,17500.0,3.0
Mahindra Scorpio REV 116,2006,220000,220000,Petrol,Individual,Manual,Second Owner,14,Mahindra,Mahindra Scorpio,15714.285714285714,1.0
Mahindra Bolero SLX,2010,400000,50000,Diesel,Individual,Manual,First Owner,10,Mahindra,Mahindra Bolero,5000.0,8.0
Datsun GO Plus A,2015,315000,45000,Petrol,Individual,Manual,Second Owner,5,Datsun,Datsun GO,9000.0,1.0
Toyota Fortuner 4x4 MT,2014,1000000,110000,Diesel,Individual,Manual,First Owner,6,Toyota,Toyota Fortuner,18333.333333333332,2.0
Ford Ecosport 1.5 DV5 MT Titanium,2014,500000,49000,Diesel,Individual,Manual,First Owner,6,Ford,Ford Ecosport,8166.666666666667,12.0
Mahindra XUV500 W11 AT BSIV,2018,1600000,35000,Diesel,Individual,Automatic,First Owner,2,Mahindra,Mahindra XUV500,17500.0,1.0
Mahindra Supro VX 8 Str,2017,500000,160000,Diesel,Individual,Manual,First Owner,3,Mahindra,Mahindra Supro,53333.333333333336,1.0
Maruti Alto LX,2007,70000,180000,Petrol,Individual,Manual,Third Owner,13,Maruti,Maruti Alto,13846.153846153846,30.0
Maruti 800 AC,2007,105000,60000,Petrol,Individual,Manual,Second Owner,13,Maruti,Maruti 800,4615.384615384615,20.0
Ford Endeavour 2.5L 4X2 MT,2008,400000,110000,Diesel,Individual,Manual,Third Owner,12,Ford,Ford Endeavour,9166.666666666666,4.0
Maruti Wagon R LXI,2004,80000,60000,Petrol,Individual,Manual,Third Owner,16,Maruti,Maruti Wagon,3750.0,15.0
Maruti Alto 800 VXI,2016,300000,30000,Petrol,Individual,Manual,First Owner,4,Maruti,Maruti Alto,7500.0,13.0
Mahindra KUV 100 D75 K2,2017,409999,40000,Diesel,Individual,Manual,First Owner,3,Mahindra,Mahindra KUV,13333.333333333334,1.0
Maruti Swift Glam,2009,250000,70000,Petrol,Individual,Manual,First Owner,11,Maruti,Maruti Swift,6363.636363636364,1.0
Tata New Safari DICOR 2.2 EX 4x2,2010,250000,120000,Diesel,Individual,Manual,Second Owner,10,Tata,Tata New,12000.0,12.0
Maruti Swift Dzire VDI,2012,215000,80000,Diesel,Individual,Manual,Third Owner,8,Maruti,Maruti Swift,10000.0,54.0
Toyota Fortuner 4x4 MT,2015,1400000,120000,Diesel,Individual,Manual,First Owner,5,Toyota,Toyota Fortuner,24000.0,2.0
Honda Brio 1.2 VX MT,2018,475000,20000,Petrol,Individual,Manual,First Owner,2,Honda,Honda Brio,10000.0,2.0
Honda Brio 1.2 VX MT,2018,475000,22000,Petrol,Individual,Manual,First Owner,2,Honda,Honda Brio,11000.0,2.0
Chevrolet Spark 1.0 LS,2008,75000,35000,Petrol,Individual,Manual,Second Owner,12,Chevrolet,Chevrolet Spark,2916.6666666666665,12.0
Chevrolet Sail Hatchback LS ABS,2013,200000,120000,Diesel,Individual,Manual,Second Owner,7,Chevrolet,Chevrolet Sail,17142.85714285714,1.0
Tata Tiago NRG Petrol,2019,575000,8000,Petrol,Individual,Manual,First Owner,1,Tata,Tata Tiago,8000.0,2.0
Maruti Ritz VDi,2011,150000,40000,Diesel,Individual,Manual,Second Owner,9,Maruti,Maruti Ritz,4444.444444444444,19.0
Maruti Vitara Brezza ZDi Plus,2018,850000,10000,Diesel,Individual,Manual,First Owner,2,Maruti,Maruti Vitara,5000.0,5.0
Hyundai Santro Era,2019,350000,30000,Petrol,Individual,Manual,First Owner,1,Hyundai,Hyundai Santro,30000.0,1.0
Ford Endeavour 2.5L 4X2 MT,2011,550000,54000,Diesel,Individual,Manual,Second Owner,9,Ford,Ford Endeavour,6000.0,4.0
Hyundai Verna 1.4 VTVT,2017,330000,80577,Petrol,Individual,Manual,First Owner,3,Hyundai,Hyundai Verna,26859.0,2.0
Honda City i-DTEC V,2017,1044999,25000,Diesel,Individual,Manual,First Owner,3,Honda,Honda City,8333.333333333334,1.0
Hyundai Verna 1.6 CRDI,2011,300000,127500,Diesel,Individual,Manual,Second Owner,9,Hyundai,Hyundai Verna,14166.666666666666,4.0
Hyundai EON D Lite Plus,2015,235000,40903,Petrol,Dealer,Manual,First Owner,5,Hyundai,Hyundai EON,8180.6,5.0
Ford Figo Petrol Titanium,2011,120000,60000,Petrol,Individual,Manual,Third Owner,9,Ford,Ford Figo,6666.666666666667,4.0
Maruti Wagon R VXI,2004,130000,46000,Petrol,Individual,Manual,First Owner,16,Maruti,Maruti Wagon,2875.0,7.0
Ford Endeavour 4x4 XLT,2004,275000,22288,Diesel,Dealer,Manual,Second Owner,16,Ford,Ford Endeavour,1393.0,2.0
Volkswagen Jetta 2.0 TDI Trendline,2011,270000,180000,Diesel,Individual,Manual,Second Owner,9,Volkswagen,Volkswagen Jetta,20000.0,1.0
Volkswagen Polo 1.5 TDI Highline,2015,500000,30000,Diesel,Individual,Manual,Second Owner,5,Volkswagen,Volkswagen Polo,6000.0,3.0
Hyundai Grand i10 Sportz,2015,400000,61690,Petrol,Dealer,Manual,First Owner,5,Hyundai,Hyundai Grand,12338.0,11.0
Hyundai i20 Asta 1.2,2015,600000,64484,Petrol,Dealer,Manual,First Owner,5,Hyundai,Hyundai i20,12896.8,4.0
Audi Q5 2.0 TDI,2012,1350000,90000,Diesel,Individual,Automatic,Second Owner,8,Audi,Audi Q5,11250.0,3.0
Renault Duster 85PS Diesel RxE,2013,400000,75976,Diesel,Dealer,Manual,Second Owner,7,Renault,Renault Duster,10853.714285714286,5.0
Ford Figo Diesel Titanium,2011,220000,70000,Diesel,Individual,Manual,Second Owner,9,Ford,Ford Figo,7777.777777777777,14.0
Honda Brio E MT,2012,300000,85962,Petrol,Dealer,Manual,Second Owner,8,Honda,Honda Brio,10745.25,2.0
Maruti Omni E MPI STD BS IV,2018,250000,120000,Petrol,Individual,Manual,First Owner,2,Maruti,Maruti Omni,60000.0,7.0
Honda Mobilio V i DTEC,2015,600000,120000,Diesel,Individual,Manual,First Owner,5,Honda,Honda Mobilio,24000.0,3.0
Honda Brio S Option AT,2012,285000,75000,Petrol,Individual,Automatic,Second Owner,8,Honda,Honda Brio,9375.0,1.0
Honda Accord 2.4 MT,2009,350000,57035,Petrol,Dealer,Manual,First Owner,11,Honda,Honda Accord,5185.0,2.0
Mahindra Bolero SLX,2011,170000,70000,Diesel,Individual,Manual,Third Owner,9,Mahindra,Mahindra Bolero,7777.777777777777,8.0
Ford Figo 1.2P Ambiente MT,2015,229999,45000,Petrol,Individual,Manual,First Owner,5,Ford,Ford Figo,9000.0,1.0
Mahindra XUV500 W6 2WD,2013,500000,72104,Diesel,Dealer,Manual,Second Owner,7,Mahindra,Mahindra XUV500,10300.57142857143,13.0
Tata Nano Lx,2011,75000,15000,Petrol,Individual,Manual,First Owner,9,Tata,Tata Nano,1666.6666666666667,4.0
Hyundai i20 Active 1.2 SX,2016,600000,30000,Petrol,Individual,Manual,First Owner,4,Hyundai,Hyundai i20,7500.0,5.0
Tata Indigo LS Dicor,2011,220000,80000,Diesel,Individual,Manual,First Owner,9,Tata,Tata Indigo,8888.888888888889,1.0
Tata Indica Vista Terra 1.4 TDI,2009,150000,164000,Diesel,Individual,Manual,Second Owner,11,Tata,Tata Indica,14909.09090909091,4.0
Maruti Alto LX,2006,65000,124439,Petrol,Individual,Manual,Second Owner,14,Maruti,Maruti Alto,8888.5,30.0
Maruti Zen VXI,2006,120000,77000,Petrol,Individual,Manual,Second Owner,14,Maruti,Maruti Zen,5500.0,2.0
Maruti Swift Dzire VDI,2014,240000,90000,Diesel,Individual,Manual,First Owner,6,Maruti,Maruti Swift,15000.0,54.0
Renault KWID 1.0 RXT Optional,2017,390000,30000,Petrol,Individual,Manual,First Owner,3,Renault,Renault KWID,10000.0,14.0
Chevrolet Beat LS,2012,180000,50000,Petrol,Individual,Manual,First Owner,8,Chevrolet,Chevrolet Beat,6250.0,7.0
Maruti Swift VDI,2012,320000,80000,Diesel,Individual,Manual,Second Owner,8,Maruti,Maruti Swift,10000.0,23.0
Maruti Alto 800 LXI,2018,310000,5000,Petrol,Individual,Manual,First Owner,2,Maruti,Maruti Alto,2500.0,48.0
Maruti Wagon R AMT VXI,2018,420000,24000,Petrol,Individual,Automatic,First Owner,2,Maruti,Maruti Wagon,12000.0,2.0
Tata Tiago NRG Petrol,2019,550000,10000,Petrol,Individual,Manual,First Owner,1,Tata,Tata Tiago,10000.0,2.0
Maruti Ertiga SHVS VDI,2016,550000,78000,Diesel,Individual,Manual,Third Owner,4,Maruti,Maruti Ertiga,19500.0,8.0
Mahindra TUV 300 T4 Plus,2018,760000,50000,Diesel,Individual,Manual,First Owner,2,Mahindra,Mahindra TUV,25000.0,2.0
Maruti 800 AC BSII,2001,43000,100000,Petrol,Individual,Manual,Second Owner,19,Maruti,Maruti 800,5263.1578947368425,4.0
Maruti Omni MPI STD BSIV,2018,250000,20000,Petrol,Individual,Manual,First Owner,2,Maruti,Maruti Omni,10000.0,6.0
Hyundai Santro Magna BSIV,2019,500000,1250,Petrol,Individual,Manual,First Owner,1,Hyundai,Hyundai Santro,1250.0,2.0
Tata Zest Revotron 1.2 XT,2015,380000,17152,Petrol,Individual,Manual,First Owner,5,Tata,Tata Zest,3430.4,2.0
Mahindra XUV500 W11 Option AT AWD,2019,1850000,5000,Diesel,Individual,Automatic,First Owner,1,Mahindra,Mahindra XUV500,5000.0,1.0
Volkswagen Polo Diesel Trendline 1.2L,2012,350000,77000,Diesel,Individual,Manual,First Owner,8,Volkswagen,Volkswagen Polo,9625.0,7.0
Hyundai Verna CRDi,2008,195000,90000,Diesel,Individual,Manual,Second Owner,12,Hyundai,Hyundai Verna,7500.0,6.0
Chevrolet Beat LS,2011,225000,80000,Petrol,Individual,Manual,Second Owner,9,Chevrolet,Chevrolet Beat,8888.888888888889,7.0
Toyota Innova 2.5 G (Diesel) 7 Seater,2015,1125000,65000,Diesel,Individual,Manual,First Owner,5,Toyota,Toyota Innova,13000.0,10.0
Tata Indica Vista Quadrajet LX,2011,133000,80000,Diesel,Individual,Manual,First Owner,9,Tata,Tata Indica,8888.888888888889,6.0
Hyundai EON Era Plus,2013,200000,24005,Petrol,Individual,Manual,First Owner,7,Hyundai,Hyundai EON,3429.285714285714,28.0
Maruti Vitara Brezza ZDi Plus,2018,940000,20000,Diesel,Individual,Manual,First Owner,2,Maruti,Maruti Vitara,10000.0,5.0
Renault Duster 85PS Diesel RxL,2014,400000,120000,Diesel,Individual,Manual,First Owner,6,Renault,Renault Duster,20000.0,6.0
Hyundai i10 Era 1.1,2009,120000,120000,Petrol,Individual,Manual,Second Owner,11,Hyundai,Hyundai i10,10909.09090909091,4.0
Maruti Swift Dzire ZDI,2015,625000,80000,Diesel,Individual,Manual,First Owner,5,Maruti,Maruti Swift,16000.0,11.0
Maruti Swift 1.3 VXi,2005,110000,80000,Petrol,Individual,Manual,First Owner,15,Maruti,Maruti Swift,5333.333333333333,10.0
Renault Duster 110PS Diesel RxZ,2012,490000,100000,Diesel,Individual,Manual,First Owner,8,Renault,Renault Duster,12500.0,8.0
Maruti Alto LX,2009,140000,120000,Petrol,Individual,Manual,Second Owner,11,Maruti,Maruti Alto,10909.09090909091,30.0
Ford Figo Diesel ZXI,2011,175000,149000,Diesel,Individual,Manual,Second Owner,9,Ford,Ford Figo,16555.555555555555,6.0
Maruti Wagon R LXI BSIII,2005,90000,65000,Petrol,Individual,Manual,Second Owner,15,Maruti,Maruti Wagon,4333.333333333333,2.0
Maruti Swift Ldi BSIV,2009,275000,100000,Diesel,Individual,Manual,Second Owner,11,Maruti,Maruti Swift,9090.90909090909,3.0
Volkswagen Vento Diesel Highline,2011,300000,65000,Diesel,Individual,Manual,Second Owner,9,Volkswagen,Volkswagen Vento,7222.222222222223,6.0
Datsun GO Plus T Option BSIV,2018,270000,19000,Petrol,Individual,Manual,Second Owner,2,Datsun,Datsun GO,9500.0,3.0
Chevrolet Beat LT,2010,130000,80000,Petrol,Individual,Manual,Second Owner,10,Chevrolet,Chevrolet Beat,8000.0,11.0
Maruti Alto K10 VXI Airbag,2015,275000,30000,Petrol,Individual,Manual,First Owner,5,Maruti,Maruti Alto,6000.0,4.0
Maruti Swift VDI,2012,352000,109000,Diesel,Individual,Manual,First Owner,8,Maruti,Maruti Swift,13625.0,23.0
Hyundai EON LPG Magna Plus,2012,180000,90000,LPG,Individual,Manual,First Owner,8,Hyundai,Hyundai EON,11250.0,3.0
Maruti Alto LX,2012,150000,90000,Petrol,Individual,Manual,First Owner,8,Maruti,Maruti Alto,11250.0,30.0
Maruti Swift Vdi BSIII,2010,300000,110000,Diesel,Individual,Manual,Second Owner,10,Maruti,Maruti Swift,11000.0,12.0
Mahindra Bolero DI DX 7 Seater,2007,225000,120000,Diesel,Individual,Manual,First Owner,13,Mahindra,Mahindra Bolero,9230.76923076923,3.0
Honda Mobilio V i DTEC,2014,600000,44000,Diesel,Individual,Manual,First Owner,6,Honda,Honda Mobilio,7333.333333333333,3.0
Maruti Ertiga BSIV ZXI,2015,500000,80000,Petrol,Individual,Manual,First Owner,5,Maruti,Maruti Ertiga,16000.0,1.0
Honda BR-V i-VTEC S MT,2018,900000,5000,Petrol,Individual,Manual,First Owner,2,Honda,Honda BR-V,2500.0,1.0
Hyundai i20 Magna 1.2,2016,600000,61000,Petrol,Individual,Manual,First Owner,4,Hyundai,Hyundai i20,15250.0,3.0
Toyota Etios VD,2011,450000,100000,Diesel,Individual,Manual,Second Owner,9,Toyota,Toyota Etios,11111.111111111111,7.0
Hyundai i10 Era 1.1,2009,270000,27633,Petrol,Individual,Manual,First Owner,11,Hyundai,Hyundai i10,2512.090909090909,4.0
Maruti Swift Vdi BSIII,2010,310000,100000,Diesel,Individual,Manual,Third Owner,10,Maruti,Maruti Swift,10000.0,12.0
Hyundai Santro Xing GLS Audio LPG,2012,250000,100000,LPG,Individual,Manual,First Owner,8,Hyundai,Hyundai Santro,12500.0,1.0
Ford Figo 1.2P Titanium MT,2019,700000,12586,Petrol,Dealer,Manual,First Owner,1,Ford,Ford Figo,12586.0,2.0
Fiat Avventura Urban Cross 1.3 Multijet Emotion,2018,650000,38083,Diesel,Dealer,Manual,First Owner,2,Fiat,Fiat Avventura,19041.5,1.0
Ford Figo Diesel ZXI,2012,400000,55328,Diesel,Dealer,Manual,First Owner,8,Ford,Ford Figo,6916.0,6.0
Ford Figo Diesel Titanium,2012,425000,81632,Diesel,Dealer,Manual,First Owner,8,Ford,Ford Figo,10204.0,14.0
Ford Aspire Titanium Diesel BSIV,2016,600000,155201,Diesel,Dealer,Manual,First Owner,4,Ford,Ford Aspire,38800.25,2.0
Ford EcoSport 1.5 TDCi Titanium BSIV,2013,600000,93283,Diesel,Dealer,Manual,First Owner,7,Ford,Ford EcoSport,13326.142857142857,9.0
Maruti Swift Ldi BSIII,2009,300000,217871,Diesel,Dealer,Manual,First Owner,11,Maruti,Maruti Swift,19806.454545454544,2.0
Ford Fiesta Classic 1.4 Duratorq CLXI,2012,450000,90165,Diesel,Dealer,Manual,First Owner,8,Ford,Ford Fiesta,11270.625,3.0
Ford Ecosport 1.5 DV5 MT Titanium,2014,750000,101504,Diesel,Dealer,Manual,First Owner,6,Ford,Ford Ecosport,16917.333333333332,12.0
Ford Figo Titanium Diesel BSIV,2010,325000,86017,Diesel,Dealer,Manual,Second Owner,10,Ford,Ford Figo,8601.7,1.0
Mahindra XUV500 W8 2WD,2013,900000,85036,Diesel,Dealer,Manual,Second Owner,7,Mahindra,Mahindra XUV500,12148.0,16.0
Ford Ikon 1.3L Rocam Flair,2006,180000,91086,Petrol,Dealer,Manual,Second Owner,14,Ford,Ford Ikon,6506.142857142857,1.0
Fiat Punto 1.3 Emotion,2013,350000,160254,Diesel,Dealer,Manual,Second Owner,7,Fiat,Fiat Punto,22893.428571428572,3.0
Ford EcoSport 1.5 TDCi Titanium BSIV,2013,600000,125531,Diesel,Dealer,Manual,Second Owner,7,Ford,Ford EcoSport,17933.0,9.0
Honda WR-V i-DTEC V,2019,900000,60000,Diesel,Individual,Manual,First Owner,1,Honda,Honda WR-V,60000.0,1.0
Skoda Laura L n K 1.9 PD,2006,350000,100000,Diesel,Individual,Manual,First Owner,14,Skoda,Skoda Laura,7142.857142857143,3.0
Maruti Ritz LDi,2013,280000,90000,Diesel,Individual,Manual,Third Owner,7,Maruti,Maruti Ritz,12857.142857142857,6.0
Mahindra Xylo D2,2009,225000,120000,Diesel,Individual,Manual,Second Owner,11,Mahindra,Mahindra Xylo,10909.09090909091,3.0
Honda City i DTEC S,2014,520000,82000,Diesel,Individual,Manual,First Owner,6,Honda,Honda City,13666.666666666666,2.0
Mahindra Scorpio 1.99 S4,2016,509999,60000,Diesel,Individual,Manual,First Owner,4,Mahindra,Mahindra Scorpio,15000.0,1.0
Maruti Baleno Alpha 1.2,2019,556000,24000,Petrol,Individual,Manual,First Owner,1,Maruti,Maruti Baleno,24000.0,6.0
Tata Indigo Grand Dicor,2014,225000,120000,Diesel,Individual,Manual,First Owner,6,Tata,Tata Indigo,20000.0,2.0
Honda Amaze EX i-Dtech,2013,325000,65000,Diesel,Dealer,Manual,First Owner,7,Honda,Honda Amaze,9285.714285714286,4.0
Maruti Swift VDI,2013,365000,65000,Diesel,Dealer,Manual,First Owner,7,Maruti,Maruti Swift,9285.714285714286,23.0
Hyundai Creta 1.6 CRDi SX Plus,2015,850000,84000,Diesel,Dealer,Manual,First Owner,5,Hyundai,Hyundai Creta,16800.0,3.0
Toyota Etios GD SP,2013,350000,75000,Diesel,Dealer,Manual,First Owner,7,Toyota,Toyota Etios,10714.285714285714,2.0
Maruti Swift VDI,2007,225000,50000,Diesel,Dealer,Manual,First Owner,13,Maruti,Maruti Swift,3846.153846153846,23.0
Maruti Alto LX,2011,135000,50000,Petrol,Individual,Manual,First Owner,9,Maruti,Maruti Alto,5555.555555555556,30.0
Maruti Wagon R LXI Minor,2007,140000,49000,Petrol,Dealer,Manual,First Owner,13,Maruti,Maruti Wagon,3769.230769230769,21.0
Maruti SX4 S Cross DDiS 320 Delta,2016,665000,560000,Diesel,Dealer,Manual,First Owner,4,Maruti,Maruti SX4,140000.0,2.0
Renault KWID RXT,2015,275000,14365,Petrol,Dealer,Manual,First Owner,5,Renault,Renault KWID,2873.0,18.0
Toyota Fortuner 2.8 4WD AT BSIV,2017,2750000,41000,Diesel,Individual,Automatic,First Owner,3,Toyota,Toyota Fortuner,13666.666666666666,2.0
Hyundai Verna 1.6 SX,2013,484999,65000,Diesel,Dealer,Manual,First Owner,7,Hyundai,Hyundai Verna,9285.714285714286,13.0
Maruti Ciaz VDi Option SHVS,2015,565000,65000,Diesel,Dealer,Manual,First Owner,5,Maruti,Maruti Ciaz,13000.0,1.0
Maruti Swift Dzire VDI,2013,425000,61083,Diesel,Dealer,Manual,First Owner,7,Maruti,Maruti Swift,8726.142857142857,54.0
Toyota Innova 2.5 VX (Diesel) 8 Seater,2013,925000,75000,Diesel,Individual,Manual,First Owner,7,Toyota,Toyota Innova,10714.285714285714,5.0
Mahindra Scorpio VLX 2WD AIRBAG SE BSIV,2012,565000,72000,Diesel,Dealer,Manual,First Owner,8,Mahindra,Mahindra Scorpio,9000.0,1.0
Renault Duster 110PS Diesel RxL,2014,525000,65000,Diesel,Dealer,Manual,First Owner,6,Renault,Renault Duster,10833.333333333334,3.0
Hyundai Tucson 2.0 e-VGT 2WD MT,2017,1650000,55000,Diesel,Dealer,Manual,First Owner,3,Hyundai,Hyundai Tucson,18333.333333333332,1.0
Hyundai EON Era Plus,2015,295000,21000,Petrol,Dealer,Manual,Second Owner,5,Hyundai,Hyundai EON,4200.0,28.0
Jaguar XF 5.0 Litre V8 Petrol,2012,2050000,66363,Petrol,Dealer,Automatic,Second Owner,8,Jaguar,Jaguar XF,8295.375,1.0
Hyundai Creta 1.6 VTVT AT SX Plus,2018,1475000,11700,Petrol,Dealer,Automatic,First Owner,2,Hyundai,Hyundai Creta,5850.0,1.0
Hyundai Verna VTVT 1.6 AT SX Option,2017,1100000,10000,Petrol,Individual,Automatic,First Owner,3,Hyundai,Hyundai Verna,3333.3333333333335,2.0
Mercedes-Benz GL-Class 350 CDI Blue Efficiency,2014,4400000,100000,Diesel,Individual,Automatic,Second Owner,6,Mercedes-Benz,Mercedes-Benz GL-Class,16666.666666666668,1.0
Maruti Swift ZXI BSIV,2016,670000,7104,Petrol,Trustmark Dealer,Manual,First Owner,4,Maruti,Maruti Swift,1776.0,1.0
Maruti S-Cross Zeta DDiS 200 SH,2015,750000,45974,Diesel,Trustmark Dealer,Manual,First Owner,5,Maruti,Maruti S-Cross,9194.8,3.0
Hyundai Verna 1.6 VTVT SX,2015,760000,55340,Petrol,Trustmark Dealer,Manual,First Owner,5,Hyundai,Hyundai Verna,11068.0,1.0
Volkswagen Polo GTI,2017,850000,20000,Petrol,Dealer,Automatic,Second Owner,3,Volkswagen,Volkswagen Polo,6666.666666666667,2.0
Renault Pulse RxL,2015,390000,61585,Diesel,Trustmark Dealer,Manual,First Owner,5,Renault,Renault Pulse,12317.0,1.0
Maruti Celerio VXI AMT BSIV,2016,450000,39415,Petrol,Trustmark Dealer,Automatic,Second Owner,4,Maruti,Maruti Celerio,9853.75,1.0
Honda Brio V MT,2014,425000,29654,Petrol,Trustmark Dealer,Manual,First Owner,6,Honda,Honda Brio,4942.333333333333,2.0
Maruti Baleno Alpha 1.3,2016,770000,64672,Diesel,Trustmark Dealer,Manual,First Owner,4,Maruti,Maruti Baleno,16168.0,8.0
Hyundai Creta 1.6 SX Automatic Diesel,2015,1150000,54634,Diesel,Trustmark Dealer,Automatic,Second Owner,5,Hyundai,Hyundai Creta,10926.8,1.0
Honda City i VTEC V,2015,775000,66521,Petrol,Trustmark Dealer,Manual,First Owner,5,Honda,Honda City,13304.2,6.0
Toyota Innova Crysta 2.4 GX AT,2018,1725000,23974,Diesel,Dealer,Automatic,Second Owner,2,Toyota,Toyota Innova,11987.0,1.0
BMW 3 Series 320d Luxury Line,2016,2150000,43000,Diesel,Dealer,Automatic,First Owner,4,BMW,BMW 3,10750.0,3.0
Renault Duster 85PS Diesel RxL,2013,450000,1000,Diesel,Dealer,Manual,Second Owner,7,Renault,Renault Duster,142.85714285714286,6.0
Mercedes-Benz C-Class Progressive C 220d,2018,3800000,10000,Diesel,Dealer,Automatic,First Owner,2,Mercedes-Benz,Mercedes-Benz C-Class,5000.0,1.0
Audi A4 3.0 TDI Quattro,2013,1580000,86000,Diesel,Dealer,Automatic,First Owner,7,Audi,Audi A4,12285.714285714286,1.0
BMW X5 xDrive 30d xLine,2019,4950000,30000,Diesel,Dealer,Automatic,First Owner,1,BMW,BMW X5,30000.0,1.0
Hyundai Creta 1.6 CRDi SX,2016,535000,52600,Diesel,Individual,Manual,First Owner,4,Hyundai,Hyundai Creta,13150.0,7.0
Maruti SX4 Vxi BSIV,2012,225000,110000,Petrol,Individual,Manual,Second Owner,8,Maruti,Maruti SX4,13750.0,4.0
Hyundai Grand i10 1.2 Kappa Magna AT,2017,550000,19890,Petrol,Dealer,Automatic,First Owner,3,Hyundai,Hyundai Grand,6630.0,3.0
Maruti Ertiga VXI,2015,625000,11918,Petrol,Trustmark Dealer,Manual,First Owner,5,Maruti,Maruti Ertiga,2383.6,4.0
Hyundai Grand i10 Magna AT,2017,520000,10510,Petrol,Dealer,Automatic,First Owner,3,Hyundai,Hyundai Grand,3503.3333333333335,1.0
Chevrolet Beat LT Option,2016,239000,41000,Petrol,Dealer,Manual,First Owner,4,Chevrolet,Chevrolet Beat,10250.0,2.0
Toyota Fortuner 4x2 AT,2017,2600000,47162,Diesel,Trustmark Dealer,Automatic,First Owner,3,Toyota,Toyota Fortuner,15720.666666666666,3.0
Hyundai i10 Magna,2012,229999,49824,Petrol,Dealer,Manual,First Owner,8,Hyundai,Hyundai i10,6228.0,9.0
Audi A6 2.0 TDI Premium Plus,2013,1300000,58500,Diesel,Dealer,Automatic,First Owner,7,Audi,Audi A6,8357.142857142857,2.0
Hyundai Santro GS,2005,80000,56580,Petrol,Dealer,Manual,First Owner,15,Hyundai,Hyundai Santro,3772.0,2.0
Skoda Laura Ambiente 2.0 TDI CR MT,2012,385000,52000,Diesel,Dealer,Manual,First Owner,8,Skoda,Skoda Laura,6500.0,3.0
Maruti Swift Dzire VDI,2017,600000,46507,Diesel,Trustmark Dealer,Manual,First Owner,3,Maruti,Maruti Swift,15502.333333333334,54.0
Hyundai i20 Sportz 1.2,2013,350000,50000,Petrol,Individual,Manual,Second Owner,7,Hyundai,Hyundai i20,7142.857142857143,8.0
Maruti Alto 800 LXI,2014,114999,30000,Petrol,Individual,Manual,First Owner,6,Maruti,Maruti Alto,5000.0,48.0
Hyundai i20 Sportz 1.2,2013,380000,50000,Petrol,Individual,Manual,Second Owner,7,Hyundai,Hyundai i20,7142.857142857143,8.0
Maruti Gypsy E MG410W ST,1995,95000,100000,Petrol,Individual,Manual,Second Owner,25,Maruti,Maruti Gypsy,4000.0,1.0
Mahindra Scorpio 1.99 S6 Plus,2016,900000,35000,Diesel,Individual,Manual,First Owner,4,Mahindra,Mahindra Scorpio,8750.0,2.0
Chevrolet Beat LT,2012,200999,90000,Petrol,Individual,Manual,Second Owner,8,Chevrolet,Chevrolet Beat,11250.0,11.0
Maruti Omni E MPI STD BS IV,2014,229999,11451,Petrol,Individual,Manual,First Owner,6,Maruti,Maruti Omni,1908.5,7.0
Tata Nexon 1.5 Revotorq XZ,2019,800000,60000,Diesel,Individual,Manual,First Owner,1,Tata,Tata Nexon,60000.0,2.0
Mahindra Verito 1.5 D4 BSIV,2012,150000,172000,Diesel,Individual,Manual,Second Owner,8,Mahindra,Mahindra Verito,21500.0,4.0
Maruti Swift VDI,2018,600000,60000,Diesel,Individual,Manual,First Owner,2,Maruti,Maruti Swift,30000.0,23.0
Chevrolet Tavera LS B3 7 Seats BSII,2005,150000,150000,Diesel,Individual,Manual,First Owner,15,Chevrolet,Chevrolet Tavera,10000.0,1.0
Chevrolet Optra Magnum 2.0 LS,2009,150000,66000,Diesel,Individual,Manual,First Owner,11,Chevrolet,Chevrolet Optra,6000.0,2.0
Maruti Eeco 5 Seater Standard BSIV,2019,380000,5000,Petrol,Individual,Manual,First Owner,1,Maruti,Maruti Eeco,5000.0,1.0
Maruti Swift 1.3 VXi,2006,80000,66508,Petrol,Individual,Manual,Second Owner,14,Maruti,Maruti Swift,4750.571428571428,10.0
Honda Civic 1.8 MT Sport,2007,225000,55000,Petrol,Individual,Manual,Second Owner,13,Honda,Honda Civic,4230.7692307692305,1.0
Tata Nano Lx BSIV,2012,75000,29900,Petrol,Individual,Manual,First Owner,8,Tata,Tata Nano,3737.5,4.0
Tata Hexa XT 4X4,2017,1600000,3000,Diesel,Individual,Manual,First Owner,3,Tata,Tata Hexa,1000.0,1.0
Tata Indica Vista Quadrajet VX,2012,185000,85000,Diesel,Individual,Manual,First Owner,8,Tata,Tata Indica,10625.0,5.0
Mahindra Scorpio 2.6 CRDe SLE,2011,425000,50000,Diesel,Individual,Manual,First Owner,9,Mahindra,Mahindra Scorpio,5555.555555555556,2.0
Tata Indica Vista Aqua 1.4 TDI,2010,100000,120000,Diesel,Individual,Manual,Second Owner,10,Tata,Tata Indica,12000.0,6.0
Maruti Zen Estilo LXI BSIII,2008,140000,90000,Petrol,Individual,Manual,Third Owner,12,Maruti,Maruti Zen,7500.0,4.0
Maruti Swift Dzire AMT ZXI Plus BS IV,2017,710000,8000,Petrol,Individual,Automatic,First Owner,3,Maruti,Maruti Swift,2666.6666666666665,1.0
Honda Amaze S AT i-Vtech,2015,450000,7900,Petrol,Individual,Automatic,First Owner,5,Honda,Honda Amaze,1580.0,2.0
Datsun RediGO T Option,2017,210000,50000,Petrol,Individual,Manual,First Owner,3,Datsun,Datsun RediGO,16666.666666666668,5.0
Maruti Alto K10 VXI,2016,270000,25000,Petrol,Individual,Manual,First Owner,4,Maruti,Maruti Alto,6250.0,20.0
Maruti Alto LXi,2009,110000,20000,Petrol,Individual,Manual,First Owner,11,Maruti,Maruti Alto,1818.1818181818182,42.0
Maruti Swift VXI,2018,540000,17500,Petrol,Individual,Manual,First Owner,2,Maruti,Maruti Swift,8750.0,10.0
Mahindra Renault Logan 1.4 GLX Petrol,2008,145000,25000,Petrol,Individual,Manual,First Owner,12,Mahindra,Mahindra Renault,2083.3333333333335,2.0
Tata Safari Storme VX,2013,360000,206500,Diesel,Individual,Manual,First Owner,7,Tata,Tata Safari,29500.0,3.0
Hyundai i10 Magna LPG,2013,250000,88600,LPG,Individual,Manual,First Owner,7,Hyundai,Hyundai i10,12657.142857142857,3.0
Tata Venture EX,2012,110000,80000,Diesel,Individual,Manual,First Owner,8,Tata,Tata Venture,10000.0,1.0
Chevrolet Captiva LT,2008,250000,100000,Diesel,Individual,Manual,Fourth & Above Owner,12,Chevrolet,Chevrolet Captiva,8333.333333333334,2.0
Ford Fiesta Classic 1.4 Duratorq CLXI,2011,150000,186000,Diesel,Individual,Manual,Second Owner,9,Ford,Ford Fiesta,20666.666666666668,3.0
Chevrolet Aveo U-VA 1.2 LS,2010,140000,60000,Petrol,Individual,Manual,First Owner,10,Chevrolet,Chevrolet Aveo,6000.0,4.0
Maruti Ciaz Zeta BSIV,2019,925000,11000,Petrol,Individual,Manual,First Owner,1,Maruti,Maruti Ciaz,11000.0,1.0
Tata Hexa XM,2017,969999,30000,Diesel,Individual,Manual,First Owner,3,Tata,Tata Hexa,10000.0,3.0
Hyundai Santro Xing GL PLUS CNG,2007,90000,80000,CNG,Individual,Manual,Third Owner,13,Hyundai,Hyundai Santro,6153.846153846154,1.0
Hyundai Santro GLS I - Euro I,2001,55000,60000,Petrol,Individual,Manual,Third Owner,19,Hyundai,Hyundai Santro,3157.8947368421054,3.0
Hyundai Verna CRDi,2007,155000,100000,Diesel,Individual,Manual,Fourth & Above Owner,13,Hyundai,Hyundai Verna,7692.307692307692,6.0
Mahindra Thar CRDe ABS,2019,900000,15000,Diesel,Individual,Manual,First Owner,1,Mahindra,Mahindra Thar,15000.0,1.0
Maruti Alto K10 2010-2014 VXI,2011,135000,90000,Petrol,Individual,Manual,First Owner,9,Maruti,Maruti Alto,10000.0,9.0
Maruti 800 AC,2012,180000,120000,Petrol,Individual,Manual,First Owner,8,Maruti,Maruti 800,15000.0,20.0
Hyundai Verna 1.6 SX,2013,495000,100000,Diesel,Individual,Manual,Second Owner,7,Hyundai,Hyundai Verna,14285.714285714286,13.0
Toyota Innova 2.5 V Diesel 8-seater,2009,400000,138000,Diesel,Individual,Manual,Third Owner,11,Toyota,Toyota Innova,12545.454545454546,6.0
Hyundai Verna CRDi,2008,250000,110000,Diesel,Individual,Manual,Second Owner,12,Hyundai,Hyundai Verna,9166.666666666666,6.0
Maruti Alto K10 LXI,2015,138000,120000,Petrol,Individual,Manual,Fourth & Above Owner,5,Maruti,Maruti Alto,24000.0,8.0
Honda City 1.5 V AT,2011,311000,70000,Petrol,Individual,Automatic,Second Owner,9,Honda,Honda City,7777.777777777777,2.0
Maruti Alto 800 VXI,2015,190000,70000,Petrol,Individual,Manual,First Owner,5,Maruti,Maruti Alto,14000.0,13.0
Mahindra Bolero SLX,2011,311000,140000,Diesel,Individual,Manual,First Owner,9,Mahindra,Mahindra Bolero,15555.555555555555,8.0
Maruti Ritz LXI,2009,300000,15000,Petrol,Individual,Manual,First Owner,11,Maruti,Maruti Ritz,1363.6363636363637,1.0
Honda Jazz VX,2018,600000,20000,Petrol,Individual,Manual,First Owner,2,Honda,Honda Jazz,10000.0,2.0
Mahindra Scorpio SLE BSIII,2009,550000,100000,Diesel,Individual,Manual,First Owner,11,Mahindra,Mahindra Scorpio,9090.90909090909,2.0
Skoda Rapid 1.6 MPI AT Elegance Plus,2015,600000,70000,Petrol,Individual,Automatic,First Owner,5,Skoda,Skoda Rapid,14000.0,1.0
Maruti Alto 800 VXI,2018,195000,5000,Petrol,Individual,Manual,First Owner,2,Maruti,Maruti Alto,2500.0,13.0
Tata Nano LX,2013,58000,27974,Petrol,Individual,Manual,First Owner,7,Tata,Tata Nano,3996.285714285714,2.0
Maruti Alto 800 VXI,2018,183000,40000,Petrol,Individual,Manual,First Owner,2,Maruti,Maruti Alto,20000.0,13.0
Maruti Zen Estilo 1.1 VXI BSIII,2007,95000,80000,Petrol,Individual,Manual,First Owner,13,Maruti,Maruti Zen,6153.846153846154,2.0
Maruti Wagon R LX Minor,2013,250000,38000,Petrol,Individual,Manual,First Owner,7,Maruti,Maruti Wagon,5428.571428571428,5.0
Tata Zest Revotron 1.2 XT,2014,400000,35000,Petrol,Individual,Manual,First Owner,6,Tata,Tata Zest,5833.333333333333,2.0
Hyundai Verna 1.6 SX CRDi (O),2012,409999,60000,Diesel,Individual,Manual,Second Owner,8,Hyundai,Hyundai Verna,7500.0,14.0
Skoda Octavia Classic 1.9 TDI MT,2004,120000,120000,Diesel,Individual,Manual,Second Owner,16,Skoda,Skoda Octavia,7500.0,1.0
Maruti Swift AMT VXI,2018,600000,18000,Petrol,Individual,Automatic,First Owner,2,Maruti,Maruti Swift,9000.0,2.0
Honda Amaze SX i-VTEC,2016,600000,10000,Petrol,Individual,Manual,First Owner,4,Honda,Honda Amaze,2500.0,2.0
Mahindra XUV500 W6 2WD,2015,825000,90000,Diesel,Individual,Manual,Third Owner,5,Mahindra,Mahindra XUV500,18000.0,13.0
Toyota Etios GD,2016,625000,80000,Diesel,Individual,Manual,Second Owner,4,Toyota,Toyota Etios,20000.0,7.0
Hyundai Grand i10 Nios Magna CRDi,2020,700000,1400,Diesel,Individual,Manual,First Owner,0,Hyundai,Hyundai Grand,1400.0,1.0
Chevrolet Beat LS,2011,160000,60000,Petrol,Individual,Manual,First Owner,9,Chevrolet,Chevrolet Beat,6666.666666666667,7.0
Maruti Alto LX,2011,114999,60000,Petrol,Individual,Manual,Third Owner,9,Maruti,Maruti Alto,6666.666666666667,30.0
Maruti Wagon R LXI Minor,2009,150000,53000,Petrol,Individual,Manual,First Owner,11,Maruti,Maruti Wagon,4818.181818181818,21.0
Volkswagen Jetta 1.9 L TDI,2010,250000,100000,Diesel,Dealer,Manual,First Owner,10,Volkswagen,Volkswagen Jetta,10000.0,1.0
Hyundai Verna 1.6 SX,2012,390000,86000,Diesel,Dealer,Manual,Second Owner,8,Hyundai,Hyundai Verna,10750.0,13.0
Renault Duster 85PS Diesel RxL,2015,650000,100000,Diesel,Individual,Manual,First Owner,5,Renault,Renault Duster,20000.0,6.0
Hyundai Xcent 1.1 CRDi SX Option,2016,600000,30000,Diesel,Individual,Manual,First Owner,4,Hyundai,Hyundai Xcent,7500.0,2.0
Hyundai i20 1.2 Sportz,2011,250000,120000,Petrol,Individual,Manual,First Owner,9,Hyundai,Hyundai i20,13333.333333333334,6.0
Hyundai Santro Xing GL Plus LPG,2011,229999,60000,LPG,Individual,Manual,Second Owner,9,Hyundai,Hyundai Santro,6666.666666666667,1.0
Maruti Ritz LDi,2016,299000,50000,Diesel,Individual,Manual,Second Owner,4,Maruti,Maruti Ritz,12500.0,6.0
Chevrolet Cruze LTZ,2010,330000,124000,Diesel,Individual,Manual,Second Owner,10,Chevrolet,Chevrolet Cruze,12400.0,8.0
Hyundai Accent Executive,2012,180000,100000,Petrol,Individual,Manual,Third Owner,8,Hyundai,Hyundai Accent,12500.0,4.0
Hyundai Grand i10 1.2 Kappa Asta,2017,475000,42000,Petrol,Individual,Manual,First Owner,3,Hyundai,Hyundai Grand,14000.0,8.0
Hyundai Grand i10 CRDi Sportz,2015,325000,100000,Diesel,Individual,Manual,First Owner,5,Hyundai,Hyundai Grand,20000.0,6.0
Honda City i VTEC V,2016,639000,28205,Petrol,Dealer,Manual,First Owner,4,Honda,Honda City,7051.25,6.0
Maruti Celerio VXI AT,2017,415000,32670,Petrol,Dealer,Automatic,First Owner,3,Maruti,Maruti Celerio,10890.0,3.0
Hyundai Creta 1.6 CRDi AT SX Plus,2016,1199000,30093,Diesel,Dealer,Automatic,First Owner,4,Hyundai,Hyundai Creta,7523.25,2.0
Maruti Ertiga VXI CNG,2013,525000,56228,CNG,Dealer,Manual,First Owner,7,Maruti,Maruti Ertiga,8032.571428571428,3.0
Hyundai Verna 1.6 SX VTVT,2013,425000,59319,Petrol,Dealer,Manual,First Owner,7,Hyundai,Hyundai Verna,8474.142857142857,3.0
Maruti Vitara Brezza VDi,2016,699000,39503,Diesel,Dealer,Manual,First Owner,4,Maruti,Maruti Vitara,9875.75,4.0
Hyundai Grand i10 1.2 Kappa Sportz Dual Tone,2013,325000,35299,Petrol,Dealer,Manual,First Owner,7,Hyundai,Hyundai Grand,5042.714285714285,2.0
Toyota Etios V,2011,275000,51687,Petrol,Dealer,Manual,First Owner,9,Toyota,Toyota Etios,5743.0,3.0
Volkswagen Vento Petrol Highline AT,2011,269000,76259,Petrol,Dealer,Automatic,First Owner,9,Volkswagen,Volkswagen Vento,8473.222222222223,2.0
Volkswagen Polo Diesel Highline 1.2L,2013,399000,44049,Diesel,Dealer,Manual,First Owner,7,Volkswagen,Volkswagen Polo,6292.714285714285,6.0
Mahindra KUV 100 mFALCON D75 K8,2017,475000,45087,Diesel,Dealer,Manual,First Owner,3,Mahindra,Mahindra KUV,15029.0,1.0
Toyota Etios V,2011,249000,41125,Petrol,Dealer,Manual,First Owner,9,Toyota,Toyota Etios,4569.444444444444,3.0
Audi A4 New 2.0 TDI Multitronic,2014,1549000,42215,Diesel,Dealer,Automatic,First Owner,6,Audi,Audi A4,7035.833333333333,1.0
Volkswagen Polo Petrol Highline 1.2L,2011,254999,54206,Petrol,Dealer,Manual,First Owner,9,Volkswagen,Volkswagen Polo,6022.888888888889,2.0
Skoda Rapid 1.6 MPI Active,2012,269000,52547,Petrol,Dealer,Manual,First Owner,8,Skoda,Skoda Rapid,6568.375,1.0
Maruti Ertiga ZDI,2014,665000,59110,Diesel,Dealer,Manual,First Owner,6,Maruti,Maruti Ertiga,9851.666666666666,5.0
Maruti Wagon R Stingray LXI,2014,299000,54565,Petrol,Dealer,Manual,First Owner,6,Maruti,Maruti Wagon,9094.166666666666,1.0
Hyundai i20 Asta,2010,265000,47564,Petrol,Dealer,Manual,Second Owner,10,Hyundai,Hyundai i20,4756.4,3.0
Volkswagen Polo Petrol Highline 1.2L,2010,211000,45143,Petrol,Dealer,Manual,Second Owner,10,Volkswagen,Volkswagen Polo,4514.3,2.0
Skoda Superb 1.8 TSI,2013,599000,61624,Petrol,Dealer,Automatic,Second Owner,7,Skoda,Skoda Superb,8803.42857142857,1.0
Tata Indigo LS,2007,55000,195000,Diesel,Individual,Manual,Third Owner,13,Tata,Tata Indigo,15000.0,8.0
Hyundai Verna 1.6 SX CRDi (O),2014,550000,50000,Diesel,Individual,Manual,First Owner,6,Hyundai,Hyundai Verna,8333.333333333334,14.0
Land Rover Discovery Sport TD4 HSE 7S,2018,4000000,68000,Diesel,Individual,Automatic,First Owner,2,Land,Land Rover,34000.0,1.0
Tata Sumo GX TC 8 Str,2010,220000,120000,Diesel,Individual,Manual,Second Owner,10,Tata,Tata Sumo,12000.0,1.0
Maruti Swift VXI,2019,500000,20000,Petrol,Individual,Manual,First Owner,1,Maruti,Maruti Swift,20000.0,10.0
Maruti Alto LXi,2010,140000,30000,Petrol,Individual,Manual,First Owner,10,Maruti,Maruti Alto,3000.0,42.0
Maruti Swift VDI,2013,325000,60000,Diesel,Individual,Manual,First Owner,7,Maruti,Maruti Swift,8571.42857142857,23.0
Hyundai i20 Magna,2010,210000,90000,Petrol,Individual,Manual,Third Owner,10,Hyundai,Hyundai i20,9000.0,4.0
Maruti Alto LXi,2008,110000,90000,Petrol,Individual,Manual,Second Owner,12,Maruti,Maruti Alto,7500.0,42.0
Hyundai Verna CRDi 1.6 SX Option,2019,1200000,25000,Diesel,Individual,Manual,First Owner,1,Hyundai,Hyundai Verna,25000.0,5.0
Maruti Alto 800 VXI,2017,229999,40000,Petrol,Individual,Manual,First Owner,3,Maruti,Maruti Alto,13333.333333333334,13.0
Maruti Alto 800 LXI,2006,165000,132000,Petrol,Individual,Manual,First Owner,14,Maruti,Maruti Alto,9428.57142857143,48.0
Tata Tiago XZA AMT,2018,525000,10980,Petrol,Dealer,Automatic,First Owner,2,Tata,Tata Tiago,5490.0,1.0
Hyundai EON Era Plus,2018,325000,20629,Petrol,Dealer,Manual,First Owner,2,Hyundai,Hyundai EON,10314.5,28.0
Toyota Innova Crysta 2.4 VX MT BSIV,2018,1500000,50000,Diesel,Individual,Manual,First Owner,2,Toyota,Toyota Innova,25000.0,3.0
Hyundai Grand i10 AT Asta,2015,400000,30000,Petrol,Individual,Automatic,First Owner,5,Hyundai,Hyundai Grand,6000.0,2.0
Maruti Ciaz VXi,2015,550000,69782,Petrol,Dealer,Manual,First Owner,5,Maruti,Maruti Ciaz,13956.4,2.0
Maruti 800 Std,2003,98000,54000,Petrol,Individual,Manual,First Owner,17,Maruti,Maruti 800,3176.470588235294,10.0
Mahindra XUV500 W8 4WD,2013,900000,63654,Diesel,Dealer,Manual,First Owner,7,Mahindra,Mahindra XUV500,9093.42857142857,9.0
Renault Lodgy 85PS RxL,2017,700000,60000,Diesel,Individual,Manual,First Owner,3,Renault,Renault Lodgy,20000.0,3.0
Mahindra Scorpio S6 Plus 7 Seater,2015,890000,52000,Diesel,Dealer,Manual,First Owner,5,Mahindra,Mahindra Scorpio,10400.0,1.0
Maruti Swift LDI BSIV,2015,490000,59385,Diesel,Dealer,Manual,First Owner,5,Maruti,Maruti Swift,11877.0,1.0
Hyundai i20 2015-2017 Magna 1.2,2015,525000,70378,Petrol,Dealer,Manual,First Owner,5,Hyundai,Hyundai i20,14075.6,1.0
Maruti Wagon R LXI BS IV,2013,330000,55425,Petrol,Dealer,Manual,First Owner,7,Maruti,Maruti Wagon,7917.857142857143,9.0
Mahindra Bolero 2011-2019 SLX 2WD BSIII,2013,550000,78413,Diesel,Dealer,Manual,Second Owner,7,Mahindra,Mahindra Bolero,11201.857142857143,1.0
Mahindra Bolero Power Plus SLX,2018,790000,40890,Diesel,Dealer,Manual,First Owner,2,Mahindra,Mahindra Bolero,20445.0,11.0
Honda Brio S MT,2015,350000,34823,Petrol,Dealer,Manual,Second Owner,5,Honda,Honda Brio,6964.6,6.0
Toyota Innova Crysta 2.8 ZX AT BSIV,2017,1700000,75000,Diesel,Individual,Automatic,First Owner,3,Toyota,Toyota Innova,25000.0,2.0
Maruti Ciaz VDI SHVS,2017,750000,55545,Diesel,Dealer,Manual,First Owner,3,Maruti,Maruti Ciaz,18515.0,2.0
Honda Amaze EX i-Dtech,2014,409999,56541,Diesel,Dealer,Manual,First Owner,6,Honda,Honda Amaze,9423.5,4.0
Hyundai EON Magna Plus,2016,220000,43700,Petrol,Individual,Manual,First Owner,4,Hyundai,Hyundai EON,10925.0,17.0
Tata Indica GLS BS IV,2009,68000,120000,Petrol,Individual,Manual,Second Owner,11,Tata,Tata Indica,10909.09090909091,14.0
Hyundai EON Era Plus,2017,290000,20000,Petrol,Individual,Manual,First Owner,3,Hyundai,Hyundai EON,6666.666666666667,28.0
Honda City i DTec SV,2014,600000,27483,Diesel,Dealer,Manual,First Owner,6,Honda,Honda City,4580.5,2.0
Maruti Swift LXI,2019,470000,8000,Petrol,Individual,Manual,First Owner,1,Maruti,Maruti Swift,8000.0,2.0
Hyundai i10 Sportz 1.2,2008,150000,30000,Petrol,Individual,Manual,First Owner,12,Hyundai,Hyundai i10,2500.0,7.0
Maruti Alto 800 LXI,2014,180000,56207,Petrol,Dealer,Manual,Second Owner,6,Maruti,Maruti Alto,9367.833333333334,48.0
Maruti Zen LXI,2006,80000,70000,Petrol,Individual,Manual,First Owner,14,Maruti,Maruti Zen,5000.0,6.0
Honda WR-V i-VTEC VX,2018,875000,1440,Petrol,Individual,Manual,First Owner,2,Honda,Honda WR-V,720.0,3.0
Maruti Alto 800 LXI,2019,300000,50000,Petrol,Individual,Manual,First Owner,1,Maruti,Maruti Alto,50000.0,48.0
Toyota Fortuner 2.8 2WD AT BSIV,2017,2800000,20000,Diesel,Individual,Automatic,First Owner,3,Toyota,Toyota Fortuner,6666.666666666667,3.0
Toyota Innova Crysta 2.4 ZX MT,2017,1330000,91195,Diesel,Dealer,Manual,First Owner,3,Toyota,Toyota Innova,30398.333333333332,1.0
Volkswagen Polo 1.5 TDI Trendline,2011,220000,63657,Diesel,Dealer,Manual,First Owner,9,Volkswagen,Volkswagen Polo,7073.0,2.0
Mahindra Verito Vibe 1.5 dCi D4,2013,250000,60000,Diesel,Individual,Manual,First Owner,7,Mahindra,Mahindra Verito,8571.42857142857,1.0
Toyota Innova 2.5 G (Diesel) 7 Seater,2016,919999,75000,Diesel,Dealer,Manual,First Owner,4,Toyota,Toyota Innova,18750.0,10.0
Volkswagen Vento Magnific 1.6 Highline,2013,380000,97248,Petrol,Dealer,Manual,First Owner,7,Volkswagen,Volkswagen Vento,13892.57142857143,1.0
Maruti Swift VDI,2012,450000,46000,Diesel,Individual,Manual,First Owner,8,Maruti,Maruti Swift,5750.0,23.0
Hyundai Verna 1.6 VTVT AT S Option,2016,770000,10000,Petrol,Individual,Automatic,First Owner,4,Hyundai,Hyundai Verna,2500.0,2.0
Maruti Swift Dzire LDI,2018,550000,80000,Diesel,Individual,Manual,First Owner,2,Maruti,Maruti Swift,40000.0,8.0
Tata New Safari DICOR 2.2 GX 4x2,2011,320000,100000,Diesel,Individual,Manual,Second Owner,9,Tata,Tata New,11111.111111111111,1.0
Maruti SX4 Vxi BSIV,2013,400000,35000,Petrol,Individual,Manual,First Owner,7,Maruti,Maruti SX4,5000.0,4.0
Maruti Celerio VXI AT,2017,450000,50000,Petrol,Individual,Automatic,First Owner,3,Maruti,Maruti Celerio,16666.666666666668,3.0
Maruti SX4 ZDI,2011,220000,90000,Diesel,Individual,Manual,Third Owner,9,Maruti,Maruti SX4,10000.0,3.0
Mahindra XUV500 W8 2WD,2012,400000,150000,Diesel,Individual,Manual,Second Owner,8,Mahindra,Mahindra XUV500,18750.0,16.0
Hyundai Verna 1.6 SX VTVT (O),2013,530000,89000,Petrol,Individual,Manual,Second Owner,7,Hyundai,Hyundai Verna,12714.285714285714,3.0
Maruti Swift Dzire VDI,2014,390000,60000,Diesel,Individual,Manual,Second Owner,6,Maruti,Maruti Swift,10000.0,54.0
Fiat Grande Punto 1.3 Dynamic (Diesel),2012,185000,100000,Diesel,Individual,Manual,Second Owner,8,Fiat,Fiat Grande,12500.0,2.0
Maruti SX4 Vxi BSIV,2012,300000,100000,Petrol,Individual,Manual,Second Owner,8,Maruti,Maruti SX4,12500.0,4.0
Maruti Swift VDI BSIV,2014,575000,90000,Diesel,Individual,Manual,Second Owner,6,Maruti,Maruti Swift,15000.0,28.0
Maruti Wagon R Stingray VXI,2014,300000,75000,Petrol,Individual,Manual,First Owner,6,Maruti,Maruti Wagon,12500.0,4.0
Toyota Etios Liva 1.4 VD,2017,425000,36000,Diesel,Dealer,Manual,First Owner,3,Toyota,Toyota Etios,12000.0,1.0
Hyundai Xcent 1.2 Kappa SX,2016,350000,12000,Petrol,Individual,Manual,First Owner,4,Hyundai,Hyundai Xcent,3000.0,2.0
Honda Amaze VX O iDTEC,2017,550000,12997,Diesel,Dealer,Manual,First Owner,3,Honda,Honda Amaze,4332.333333333333,1.0
Maruti Ciaz 1.4 AT Zeta,2017,500000,40000,Petrol,Individual,Automatic,First Owner,3,Maruti,Maruti Ciaz,13333.333333333334,2.0
Mahindra Scorpio S4 4WD,2015,600000,60000,Diesel,Individual,Manual,First Owner,5,Mahindra,Mahindra Scorpio,12000.0,2.0
Mahindra Quanto C8,2013,300000,25000,Diesel,Individual,Manual,Second Owner,7,Mahindra,Mahindra Quanto,3571.4285714285716,4.0
Hyundai Verna CRDi 1.6 SX Option,2018,1150000,26430,Diesel,Dealer,Manual,First Owner,2,Hyundai,Hyundai Verna,13215.0,5.0
Maruti Swift 1.3 VXI ABS,2015,475000,24600,Petrol,Dealer,Manual,First Owner,5,Maruti,Maruti Swift,4920.0,2.0
Maruti Wagon R LXI,2011,260000,28481,Petrol,Dealer,Manual,First Owner,9,Maruti,Maruti Wagon,3164.5555555555557,15.0
Ford Ecosport 1.0 Ecoboost Titanium Optional,2013,350000,100000,Petrol,Individual,Manual,First Owner,7,Ford,Ford Ecosport,14285.714285714286,2.0
Mahindra XUV500 W8 2WD,2013,750000,41988,Diesel,Dealer,Manual,First Owner,7,Mahindra,Mahindra XUV500,5998.285714285715,16.0
Maruti Wagon R LXI,2009,180000,30375,Petrol,Dealer,Manual,First Owner,11,Maruti,Maruti Wagon,2761.3636363636365,15.0
Renault KWID Climber 1.0 AMT BSIV,2017,350000,7658,Petrol,Dealer,Automatic,First Owner,3,Renault,Renault KWID,2552.6666666666665,1.0
Maruti Swift Dzire VDI,2017,611000,34400,Diesel,Dealer,Manual,First Owner,3,Maruti,Maruti Swift,11466.666666666666,54.0
Renault KWID RXL BSIV,2017,325000,18500,Petrol,Dealer,Manual,First Owner,3,Renault,Renault KWID,6166.666666666667,1.0
Hyundai EON 1.0 Era Plus,2012,225000,48000,Petrol,Dealer,Manual,First Owner,8,Hyundai,Hyundai EON,6000.0,5.0
Maruti Wagon R AMT VXI,2014,300000,28942,Petrol,Dealer,Automatic,First Owner,6,Maruti,Maruti Wagon,4823.666666666667,2.0
Mahindra Bolero Power Plus SLX,2017,400000,50000,Diesel,Individual,Manual,Second Owner,3,Mahindra,Mahindra Bolero,16666.666666666668,11.0
Mahindra XUV500 W8 2WD,2012,711000,53600,Diesel,Dealer,Manual,First Owner,8,Mahindra,Mahindra XUV500,6700.0,16.0
Toyota Innova 2.5 G (Diesel) 8 Seater,2015,851000,53652,Diesel,Dealer,Manual,First Owner,5,Toyota,Toyota Innova,10730.4,6.0
Maruti Ertiga VXI,2014,500000,25000,Petrol,Individual,Manual,First Owner,6,Maruti,Maruti Ertiga,4166.666666666667,4.0
Toyota Innova 2.5 G4 Diesel 8-seater,2007,250000,80000,Diesel,Individual,Manual,Second Owner,13,Toyota,Toyota Innova,6153.846153846154,1.0
Maruti Alto 800 VXI,2017,150000,50000,Petrol,Individual,Manual,First Owner,3,Maruti,Maruti Alto,16666.666666666668,13.0
Mahindra Scorpio 1.99 S10,2016,610000,15000,Diesel,Individual,Manual,Second Owner,4,Mahindra,Mahindra Scorpio,3750.0,6.0
Mahindra KUV 100 G80 K2,2018,450000,5000,Petrol,Individual,Manual,First Owner,2,Mahindra,Mahindra KUV,2500.0,2.0
Hyundai i20 1.4 Asta Option,2017,744000,106000,Diesel,Individual,Manual,First Owner,3,Hyundai,Hyundai i20,35333.333333333336,3.0
Chevrolet Spark 1.0,2008,120000,100000,Petrol,Individual,Manual,Third Owner,12,Chevrolet,Chevrolet Spark,8333.333333333334,4.0
Renault KWID RXL,2016,220000,60000,Petrol,Individual,Manual,Third Owner,4,Renault,Renault KWID,15000.0,6.0
Maruti Ertiga ZDI,2012,480000,120000,Diesel,Individual,Manual,Fourth & Above Owner,8,Maruti,Maruti Ertiga,15000.0,5.0
Maruti Celerio ZXI Optional AMT BSIV,2017,370000,82000,Petrol,Individual,Automatic,First Owner,3,Maruti,Maruti Celerio,27333.333333333332,1.0
Fiat Palio D 1.9 EL PS,2003,55000,35000,Diesel,Individual,Manual,Second Owner,17,Fiat,Fiat Palio,2058.823529411765,1.0
Hyundai EON Magna Plus,2013,125000,205000,Petrol,Individual,Manual,First Owner,7,Hyundai,Hyundai EON,29285.714285714286,17.0
Hyundai Verna 1.6 CRDI,2011,260000,125000,Diesel,Individual,Manual,Third Owner,9,Hyundai,Hyundai Verna,13888.888888888889,4.0
Fiat Linea Classic 1.3 Multijet,2015,350000,130000,Diesel,Individual,Manual,First Owner,5,Fiat,Fiat Linea,26000.0,1.0
Maruti Alto 800 CNG LXI,2012,170000,97000,CNG,Individual,Manual,Second Owner,8,Maruti,Maruti Alto,12125.0,1.0
Hyundai Grand i10 Sportz,2015,350000,90000,Petrol,Individual,Manual,Second Owner,5,Hyundai,Hyundai Grand,18000.0,11.0
Maruti Swift Dzire VXi,2009,250000,60000,Petrol,Individual,Manual,Third Owner,11,Maruti,Maruti Swift,5454.545454545455,6.0
Tata Indigo CR4,2013,170000,60000,Diesel,Individual,Manual,First Owner,7,Tata,Tata Indigo,8571.42857142857,9.0
Mahindra Scorpio S11 BSIV,2018,1300000,35000,Diesel,Individual,Manual,First Owner,2,Mahindra,Mahindra Scorpio,17500.0,4.0
Hyundai Grand i10 1.2 Kappa Sportz BSIV,2019,550000,25000,Petrol,Individual,Manual,First Owner,1,Hyundai,Hyundai Grand,25000.0,5.0
Honda Brio 1.2 S MT,2017,400000,15000,Petrol,Individual,Manual,First Owner,3,Honda,Honda Brio,5000.0,4.0
Tata Nano Lx,2011,120000,20000,Petrol,Individual,Manual,First Owner,9,Tata,Tata Nano,2222.222222222222,4.0
Ford Figo Petrol Titanium,2010,275000,70000,Petrol,Individual,Manual,First Owner,10,Ford,Ford Figo,7000.0,4.0
Tata Zest Revotron 1.2T XE,2016,285000,90000,Petrol,Individual,Manual,First Owner,4,Tata,Tata Zest,22500.0,4.0
Hyundai Creta 1.4 CRDi Base,2016,900000,80000,Diesel,Individual,Manual,First Owner,4,Hyundai,Hyundai Creta,20000.0,2.0
Mercedes-Benz M-Class ML 350 CDI,2014,2500000,79500,Diesel,Individual,Automatic,Second Owner,6,Mercedes-Benz,Mercedes-Benz M-Class,13250.0,1.0
Hyundai Verna 1.6 SX CRDi (O),2013,620000,70000,Diesel,Individual,Manual,Second Owner,7,Hyundai,Hyundai Verna,10000.0,14.0
Toyota Innova Crysta 2.4 GX MT 8S BSIV,2018,1700000,5000,Diesel,Individual,Manual,First Owner,2,Toyota,Toyota Innova,2500.0,1.0
Ford Figo Aspire 1.2 Ti-VCT Titanium Plus,2018,650000,15000,Petrol,Individual,Manual,First Owner,2,Ford,Ford Figo,7500.0,3.0
Maruti Ertiga VXI,2014,500000,35000,Petrol,Individual,Manual,First Owner,6,Maruti,Maruti Ertiga,5833.333333333333,4.0
Tata New Safari DICOR 2.2 EX 4x4,2009,250000,120000,Diesel,Individual,Manual,Second Owner,11,Tata,Tata New,10909.09090909091,1.0
Mahindra Marazzo M4,2018,950000,15000,Diesel,Individual,Manual,Second Owner,2,Mahindra,Mahindra Marazzo,7500.0,1.0
Toyota Etios Cross 1.2L G,2015,320000,60000,Petrol,Individual,Manual,First Owner,5,Toyota,Toyota Etios,12000.0,2.0
Renault Duster 110PS Diesel RxZ,2013,450000,120000,Diesel,Individual,Manual,First Owner,7,Renault,Renault Duster,17142.85714285714,8.0
Mahindra KUV 100 mFALCON D75 K8 AW,2016,350000,90000,Diesel,Individual,Manual,First Owner,4,Mahindra,Mahindra KUV,22500.0,1.0
Maruti Swift Dzire VXI,2015,400000,90000,Petrol,Individual,Manual,First Owner,5,Maruti,Maruti Swift,18000.0,3.0
Hyundai i20 Asta 1.4 CRDi (Diesel),2009,250000,72000,Diesel,Individual,Manual,Second Owner,11,Hyundai,Hyundai i20,6545.454545454545,1.0
Toyota Innova 2.0 GX 8 STR BSIV,2011,550000,197000,Petrol,Individual,Manual,Second Owner,9,Toyota,Toyota Innova,21888.88888888889,1.0
Maruti Zen LXI,1999,85000,70000,Petrol,Individual,Manual,Second Owner,21,Maruti,Maruti Zen,3333.3333333333335,6.0
Hyundai Santro LP zipPlus,2001,52000,50000,Petrol,Individual,Manual,Third Owner,19,Hyundai,Hyundai Santro,2631.5789473684213,3.0
Tata Hexa XTA,2017,1200000,50000,Diesel,Individual,Automatic,First Owner,3,Tata,Tata Hexa,16666.666666666668,2.0
Hyundai Verna 1.6 SX VTVT AT,2011,450000,60000,Petrol,Individual,Automatic,Third Owner,9,Hyundai,Hyundai Verna,6666.666666666667,1.0
Maruti Swift Dzire VXI 1.2 BS IV,2018,615000,40000,Petrol,Individual,Manual,First Owner,2,Maruti,Maruti Swift,20000.0,1.0
Maruti SX4 ZDI Leather,2012,400000,60000,Diesel,Individual,Manual,Second Owner,8,Maruti,Maruti SX4,7500.0,1.0
Tata Nano LX,2013,60000,40000,Petrol,Individual,Manual,First Owner,7,Tata,Tata Nano,5714.285714285715,2.0
Maruti Ignis 1.2 Alpha BSIV,2017,500000,9161,Petrol,Individual,Manual,First Owner,3,Maruti,Maruti Ignis,3053.6666666666665,1.0
Honda Mobilio V i VTEC,2015,600000,45000,Petrol,Individual,Manual,First Owner,5,Honda,Honda Mobilio,9000.0,2.0
Hyundai Getz 1.3 GVS,2010,110000,110000,Petrol,Individual,Manual,First Owner,10,Hyundai,Hyundai Getz,11000.0,1.0
Hyundai Santro Xing GL Plus,2013,175000,80000,Petrol,Individual,Manual,First Owner,7,Hyundai,Hyundai Santro,11428.57142857143,4.0
Ford Fiesta Titanium 1.5 TDCi,2011,325000,100000,Diesel,Individual,Manual,Second Owner,9,Ford,Ford Fiesta,11111.111111111111,4.0
Maruti Swift Dzire LDI,2017,425000,90000,Diesel,Individual,Manual,First Owner,3,Maruti,Maruti Swift,30000.0,8.0
Hyundai Accent GLE CNG,2009,160000,70000,CNG,Individual,Manual,Third Owner,11,Hyundai,Hyundai Accent,6363.636363636364,2.0
Maruti Zen Estilo LXI BSIII,2007,100000,80000,Petrol,Individual,Manual,Third Owner,13,Maruti,Maruti Zen,6153.846153846154,4.0
Maruti Swift Dzire LDI,2014,390000,110000,Diesel,Individual,Manual,Second Owner,6,Maruti,Maruti Swift,18333.333333333332,8.0
Hyundai i20 1.2 Spotz,2017,400000,50000,Petrol,Individual,Manual,First Owner,3,Hyundai,Hyundai i20,16666.666666666668,5.0
Tata Tigor 1.2 Revotron XM,2018,509999,5000,Petrol,Individual,Manual,First Owner,2,Tata,Tata Tigor,2500.0,2.0
Hyundai i10 Magna 1.1,2008,150000,90000,Petrol,Individual,Manual,Third Owner,12,Hyundai,Hyundai i10,7500.0,4.0
Hyundai Santro Xing GLS,2009,110000,120000,Petrol,Individual,Manual,First Owner,11,Hyundai,Hyundai Santro,10909.09090909091,20.0
Nissan Sunny Diesel XV,2013,450000,80000,Diesel,Individual,Manual,First Owner,7,Nissan,Nissan Sunny,11428.57142857143,3.0
Hyundai i20 1.2 Spotz,2017,400000,38000,Petrol,Individual,Manual,Second Owner,3,Hyundai,Hyundai i20,12666.666666666666,5.0
Hyundai Santro Xing GLS,2009,140000,120000,Petrol,Individual,Manual,First Owner,11,Hyundai,Hyundai Santro,10909.09090909091,20.0
Tata Indigo CR4,2011,130000,90000,Diesel,Individual,Manual,First Owner,9,Tata,Tata Indigo,10000.0,9.0
Maruti Alto 800 LXI,2017,160000,50000,Petrol,Individual,Manual,First Owner,3,Maruti,Maruti Alto,16666.666666666668,48.0
Maruti Alto 800 LXI,2016,150000,60000,Petrol,Individual,Manual,First Owner,4,Maruti,Maruti Alto,15000.0,48.0
Mahindra XUV500 W8 2WD,2013,500000,100000,Diesel,Individual,Manual,Second Owner,7,Mahindra,Mahindra XUV500,14285.714285714286,16.0
Tata Nano Std,2011,40000,19000,Petrol,Individual,Manual,First Owner,9,Tata,Tata Nano,2111.1111111111113,1.0
Chevrolet Tavera LT L1 7 Seats BSIII,2006,140000,200000,Diesel,Individual,Manual,Third Owner,14,Chevrolet,Chevrolet Tavera,14285.714285714286,1.0
Mahindra Verito 1.5 D2 BSIV,2015,227000,70000,Diesel,Individual,Manual,Second Owner,5,Mahindra,Mahindra Verito,14000.0,1.0
Maruti Swift VDI,2011,285000,50000,Diesel,Individual,Manual,Second Owner,9,Maruti,Maruti Swift,5555.555555555556,23.0
Maruti Alto LX,2012,155000,19077,Petrol,Individual,Manual,Second Owner,8,Maruti,Maruti Alto,2384.625,30.0
Hyundai EON D Lite,2016,210000,30000,Petrol,Individual,Manual,First Owner,4,Hyundai,Hyundai EON,7500.0,3.0
Maruti Alto LXi,2009,140000,80000,Petrol,Individual,Manual,Second Owner,11,Maruti,Maruti Alto,7272.727272727273,42.0
Toyota Innova 2.5 GX (Diesel) 7 Seater,2015,940000,128000,Diesel,Individual,Manual,First Owner,5,Toyota,Toyota Innova,25600.0,2.0
Nissan Terrano XV Premium 110 PS,2013,750000,80000,Diesel,Individual,Manual,First Owner,7,Nissan,Nissan Terrano,11428.57142857143,2.0
Maruti Baleno Alpha 1.3,2016,610000,100000,Diesel,Individual,Manual,First Owner,4,Maruti,Maruti Baleno,25000.0,8.0
Nissan Sunny XV D Premium Leather,2015,450000,50000,Diesel,Individual,Manual,First Owner,5,Nissan,Nissan Sunny,10000.0,1.0
Toyota Etios Liva GD,2012,409999,56000,Diesel,Individual,Manual,First Owner,8,Toyota,Toyota Etios,7000.0,4.0
Hyundai EON 1.0 Era Plus,2018,100000,21302,Petrol,Individual,Manual,First Owner,2,Hyundai,Hyundai EON,10651.0,5.0
Renault KWID 1.0 RXT Optional,2018,300000,10500,Petrol,Individual,Manual,First Owner,2,Renault,Renault KWID,5250.0,14.0
Mahindra Bolero 2011-2019 SLX,2013,400000,107000,Diesel,Individual,Manual,First Owner,7,Mahindra,Mahindra Bolero,15285.714285714286,3.0
Hyundai i10 Sportz 1.2,2010,210000,60000,Petrol,Individual,Manual,Second Owner,10,Hyundai,Hyundai i10,6000.0,7.0
Hyundai Santro Xing XG eRLX Euro III,2006,90000,120000,Petrol,Individual,Manual,Second Owner,14,Hyundai,Hyundai Santro,8571.42857142857,3.0
Maruti Wagon R LXI BS IV,2010,222000,70000,Petrol,Individual,Manual,First Owner,10,Maruti,Maruti Wagon,7000.0,9.0
Maruti Alto 800 LXI,2015,240000,50000,Petrol,Individual,Manual,Second Owner,5,Maruti,Maruti Alto,10000.0,48.0
Toyota Etios Liva GD,2013,450000,70000,Diesel,Individual,Manual,Second Owner,7,Toyota,Toyota Etios,10000.0,4.0
Volkswagen Jetta 2.0L TDI Highline AT,2012,735000,55300,Diesel,Dealer,Automatic,First Owner,8,Volkswagen,Volkswagen Jetta,6912.5,1.0
Tata Indica Vista Quadrajet 90 VX,2012,285000,74300,Diesel,Dealer,Manual,First Owner,8,Tata,Tata Indica,9287.5,1.0
Honda City VX MT,2010,350000,48781,Petrol,Dealer,Manual,First Owner,10,Honda,Honda City,4878.1,1.0
Volkswagen Jetta 1.9 Highline TDI,2010,290000,87620,Diesel,Dealer,Automatic,First Owner,10,Volkswagen,Volkswagen Jetta,8762.0,2.0
Volkswagen Vento 1.5 TDI Highline Plus AT,2017,890000,40219,Diesel,Dealer,Automatic,First Owner,3,Volkswagen,Volkswagen Vento,13406.333333333334,1.0
Honda Jazz VX,2011,385000,11473,Petrol,Dealer,Manual,First Owner,9,Honda,Honda Jazz,1274.7777777777778,2.0
Maruti Eeco 5 Seater AC BSIV,2017,425000,8352,Petrol,Dealer,Manual,First Owner,3,Maruti,Maruti Eeco,2784.0,6.0
Maruti Wagon R VXI AMT1.2BSIV,2017,525000,9745,Petrol,Dealer,Automatic,First Owner,3,Maruti,Maruti Wagon,3248.3333333333335,1.0
Hyundai Grand i10 Asta,2017,550000,9748,Petrol,Dealer,Manual,First Owner,3,Hyundai,Hyundai Grand,3249.3333333333335,4.0
Volkswagen Polo 1.0 MPI Trendline,2012,271000,49000,Petrol,Dealer,Manual,First Owner,8,Volkswagen,Volkswagen Polo,6125.0,1.0
Hyundai Creta 1.6 CRDi SX Option,2018,1490000,20694,Diesel,Dealer,Manual,First Owner,2,Hyundai,Hyundai Creta,10347.0,5.0
Hyundai Grand i10 Asta Option,2015,490000,31080,Petrol,Dealer,Manual,First Owner,5,Hyundai,Hyundai Grand,6216.0,4.0
Hyundai EON Era Plus,2014,260000,37605,Petrol,Dealer,Manual,First Owner,6,Hyundai,Hyundai EON,6267.5,28.0
Hyundai Xcent 1.1 CRDi SX Option,2014,455000,55850,Diesel,Dealer,Manual,First Owner,6,Hyundai,Hyundai Xcent,9308.333333333334,2.0
Tata Nano Lx BSIV,2010,75000,58850,Petrol,Dealer,Manual,First Owner,10,Tata,Tata Nano,5885.0,4.0
Toyota Etios Cross 1.2L G,2015,421000,23839,Petrol,Dealer,Manual,First Owner,5,Toyota,Toyota Etios,4767.8,2.0
Maruti Swift DDiS LDI,2016,550000,54000,Diesel,Dealer,Manual,First Owner,4,Maruti,Maruti Swift,13500.0,1.0
Hyundai i10 Sportz 1.2 AT,2013,330000,38000,Petrol,Dealer,Automatic,First Owner,7,Hyundai,Hyundai i10,5428.571428571428,3.0
Volkswagen Vento 1.5 TDI Comfortline,2012,390000,45454,Diesel,Dealer,Manual,First Owner,8,Volkswagen,Volkswagen Vento,5681.75,1.0
Skoda Rapid 1.5 TDI AT Ambition,2015,599000,46957,Diesel,Dealer,Automatic,First Owner,5,Skoda,Skoda Rapid,9391.4,1.0
Hyundai Getz GLE,2007,110000,60000,Petrol,Individual,Manual,Fourth & Above Owner,13,Hyundai,Hyundai Getz,4615.384615384615,1.0
Renault KWID RXT Optional,2016,250000,25000,Petrol,Individual,Manual,First Owner,4,Renault,Renault KWID,6250.0,5.0
Mahindra Scorpio M2DI,2012,600000,110000,Diesel,Individual,Manual,Fourth & Above Owner,8,Mahindra,Mahindra Scorpio,13750.0,7.0
Ford Endeavour XLT TDCi 4X2,2008,280000,190000,Diesel,Individual,Manual,Second Owner,12,Ford,Ford Endeavour,15833.333333333334,1.0
Audi Q3 35 TDI Quattro Technology,2018,2700000,25000,Diesel,Individual,Automatic,First Owner,2,Audi,Audi Q3,12500.0,2.0
Mahindra Renault Logan 1.4 GLX Petrol,2008,80000,90000,Petrol,Individual,Manual,First Owner,12,Mahindra,Mahindra Renault,7500.0,2.0
Maruti Alto K10 VXI,2019,350000,5000,Petrol,Individual,Manual,First Owner,1,Maruti,Maruti Alto,5000.0,20.0
Maruti Swift VDI BSIV,2015,475000,60000,Diesel,Individual,Manual,First Owner,5,Maruti,Maruti Swift,12000.0,28.0
Audi A5 Sportback,2020,4700000,1500,Diesel,Individual,Automatic,First Owner,0,Audi,Audi A5,1500.0,1.0
Maruti Swift Dzire VDI,2018,500000,50000,Diesel,Individual,Manual,First Owner,2,Maruti,Maruti Swift,25000.0,54.0
Chevrolet Sail Hatchback 1.3 TCDi LT ABS,2014,250000,120000,Diesel,Individual,Manual,First Owner,6,Chevrolet,Chevrolet Sail,20000.0,1.0
Hyundai Accent CRDi,2005,100000,120000,Diesel,Individual,Manual,Second Owner,15,Hyundai,Hyundai Accent,8000.0,4.0
Maruti Alto K10 VXI Airbag,2019,350000,5000,Petrol,Individual,Manual,First Owner,1,Maruti,Maruti Alto,5000.0,4.0
BMW 7 Series Signature 730Ld,2014,4000000,47000,Diesel,Individual,Automatic,First Owner,6,BMW,BMW 7,7833.333333333333,1.0
Toyota Camry 2.5 Hybrid,2017,1900000,20000,Petrol,Individual,Automatic,First Owner,3,Toyota,Toyota Camry,6666.666666666667,1.0
Hyundai Santro Xing XG,2005,95000,120000,Petrol,Individual,Manual,Second Owner,15,Hyundai,Hyundai Santro,8000.0,7.0
Hyundai Grand i10 CRDi Sportz,2015,409999,58000,Diesel,Individual,Manual,First Owner,5,Hyundai,Hyundai Grand,11600.0,6.0
Mahindra XUV500 W5 BSIV,2018,1050000,35000,Diesel,Individual,Manual,First Owner,2,Mahindra,Mahindra XUV500,17500.0,1.0
Maruti Alto K10 VXI,2017,320000,30000,Petrol,Individual,Manual,First Owner,3,Maruti,Maruti Alto,10000.0,20.0
Mahindra XUV300 W8 Option Diesel BSIV,2019,1000000,10000,Diesel,Individual,Manual,First Owner,1,Mahindra,Mahindra XUV300,10000.0,1.0
Toyota Innova Crysta 2.4 VX MT BSIV,2017,1770000,25000,Diesel,Individual,Manual,First Owner,3,Toyota,Toyota Innova,8333.333333333334,3.0
Mahindra Thar CRDe,2018,950000,20000,Diesel,Individual,Manual,First Owner,2,Mahindra,Mahindra Thar,10000.0,2.0
Maruti Swift Dzire ZDI,2018,750000,50000,Diesel,Individual,Manual,First Owner,2,Maruti,Maruti Swift,25000.0,11.0
Hyundai EON Magna Plus,2014,220000,42000,Petrol,Individual,Manual,First Owner,6,Hyundai,Hyundai EON,7000.0,17.0
Tata Hexa XM,2017,1000000,50000,Diesel,Individual,Manual,First Owner,3,Tata,Tata Hexa,16666.666666666668,3.0
Honda Mobilio E i DTEC,2017,660000,116000,Diesel,Individual,Manual,First Owner,3,Honda,Honda Mobilio,38666.666666666664,1.0
Maruti Ertiga ZDI,2015,716000,100000,Diesel,Individual,Manual,First Owner,5,Maruti,Maruti Ertiga,20000.0,5.0
Maruti Ciaz ZXi Plus,2015,675000,66000,Petrol,Individual,Manual,First Owner,5,Maruti,Maruti Ciaz,13200.0,2.0
Mahindra Scorpio LX,2010,385000,110000,Diesel,Individual,Manual,Third Owner,10,Mahindra,Mahindra Scorpio,11000.0,5.0
Fiat Grande Punto EVO 1.3 Dynamic,2014,325000,70000,Diesel,Individual,Manual,First Owner,6,Fiat,Fiat Grande,11666.666666666666,1.0
Hyundai Creta 1.6 CRDi SX Option,2015,950000,60000,Diesel,Individual,Manual,First Owner,5,Hyundai,Hyundai Creta,12000.0,5.0
Ford Endeavour Hurricane Limited Edition,2007,400000,110000,Diesel,Individual,Automatic,Fourth & Above Owner,13,Ford,Ford Endeavour,8461.538461538461,1.0
Tata Indica Vista TDI LS,2014,250000,25000,Diesel,Individual,Manual,First Owner,6,Tata,Tata Indica,4166.666666666667,7.0
Land Rover Discovery S 2.0 SD4,2018,4000000,68000,Petrol,Individual,Automatic,First Owner,2,Land,Land Rover,34000.0,1.0
Maruti Alto 800 LXI,2014,210000,20000,Petrol,Individual,Manual,First Owner,6,Maruti,Maruti Alto,3333.3333333333335,48.0
Hyundai i10 Era 1.1 iTech SE,2011,147000,110000,Petrol,Individual,Manual,Second Owner,9,Hyundai,Hyundai i10,12222.222222222223,3.0
Maruti Vitara Brezza VDi Option,2018,725000,26350,Diesel,Individual,Manual,First Owner,2,Maruti,Maruti Vitara,13175.0,3.0
Mahindra Scorpio SLE BSIV,2012,550000,90000,Diesel,Individual,Manual,First Owner,8,Mahindra,Mahindra Scorpio,11250.0,6.0
Hyundai i20 Sportz Option 1.2,2016,475000,25000,Petrol,Individual,Manual,First Owner,4,Hyundai,Hyundai i20,6250.0,1.0
Hyundai Santro Xing GLS,2014,250000,50000,Petrol,Individual,Manual,Second Owner,6,Hyundai,Hyundai Santro,8333.333333333334,20.0
Tata Indica LSI,2006,70000,60000,Petrol,Individual,Manual,Second Owner,14,Tata,Tata Indica,4285.714285714285,3.0
Hyundai EON Era Plus,2012,160000,70000,Petrol,Individual,Manual,Third Owner,8,Hyundai,Hyundai EON,8750.0,28.0
Ford Endeavour 3.0L 4X4 AT,2011,1000000,90000,Diesel,Individual,Automatic,Second Owner,9,Ford,Ford Endeavour,10000.0,2.0
Hyundai Santro LE zipPlus,2001,68000,70000,Petrol,Individual,Manual,First Owner,19,Hyundai,Hyundai Santro,3684.2105263157896,3.0
Hyundai Grand i10 1.2 Kappa Asta,2017,500000,26500,Petrol,Individual,Manual,First Owner,3,Hyundai,Hyundai Grand,8833.333333333334,8.0
Hyundai Creta 1.4 EX Diesel,2020,1050000,10000,Diesel,Individual,Manual,First Owner,0,Hyundai,Hyundai Creta,10000.0,1.0
Hyundai Verna CRDi 1.6 SX,2017,900000,50000,Diesel,Individual,Manual,First Owner,3,Hyundai,Hyundai Verna,16666.666666666668,2.0
Maruti Alto LX,2007,100000,52000,Petrol,Individual,Manual,Second Owner,13,Maruti,Maruti Alto,4000.0,30.0
Hyundai i20 Asta 1.4 CRDi,2013,300000,90000,Diesel,Individual,Manual,First Owner,7,Hyundai,Hyundai i20,12857.142857142857,10.0
Tata Indigo LX,2011,140000,60000,Diesel,Individual,Manual,Second Owner,9,Tata,Tata Indigo,6666.666666666667,4.0
Ford Figo Aspire 1.2 Ti-VCT Trend,2018,550000,35000,Petrol,Individual,Manual,First Owner,2,Ford,Ford Figo,17500.0,3.0
Mahindra XUV500 W8 4WD,2012,650000,71042,Diesel,Dealer,Manual,First Owner,8,Mahindra,Mahindra XUV500,8880.25,9.0
Mitsubishi Pajero Sport 4X4,2012,1025000,167870,Diesel,Dealer,Manual,Second Owner,8,Mitsubishi,Mitsubishi Pajero,20983.75,2.0
Ford Fiesta 1.5 TDCi Titanium,2011,195000,133564,Diesel,Dealer,Manual,First Owner,9,Ford,Ford Fiesta,14840.444444444445,2.0
BMW 3 Series 320d Sport,2013,1490000,40000,Diesel,Dealer,Automatic,First Owner,7,BMW,BMW 3,5714.285714285715,2.0
Honda City i-VTEC CVT ZX,2018,1140000,23038,Petrol,Trustmark Dealer,Automatic,First Owner,2,Honda,Honda City,11519.0,3.0
Chevrolet Beat Diesel LS,2011,95000,70000,Diesel,Individual,Manual,First Owner,9,Chevrolet,Chevrolet Beat,7777.777777777777,12.0
BMW 3 Series GT Luxury Line,2017,3050000,30000,Diesel,Individual,Automatic,First Owner,3,BMW,BMW 3,10000.0,1.0
Maruti Baleno Delta 1.2,2017,585000,43608,Petrol,Trustmark Dealer,Manual,First Owner,3,Maruti,Maruti Baleno,14536.0,6.0
Maruti Baleno Alpha CVT,2018,825000,11212,Petrol,Trustmark Dealer,Automatic,First Owner,2,Maruti,Maruti Baleno,5606.0,1.0
Hyundai i20 1.4 Magna Executive,2013,280000,52000,Diesel,Dealer,Manual,First Owner,7,Hyundai,Hyundai i20,7428.571428571428,1.0
Maruti Baleno Zeta,2016,725000,49217,Petrol,Trustmark Dealer,Manual,First Owner,4,Maruti,Maruti Baleno,12304.25,2.0
Mahindra Verito 1.5 D4 BSIV,2015,300000,90000,Diesel,Individual,Manual,First Owner,5,Mahindra,Mahindra Verito,18000.0,4.0
Hyundai Xcent 1.2 Kappa S,2015,375000,70000,Petrol,Individual,Manual,First Owner,5,Hyundai,Hyundai Xcent,14000.0,4.0
Honda City VTEC,2003,310000,90000,Petrol,Individual,Manual,Fourth & Above Owner,17,Honda,Honda City,5294.117647058823,1.0
Maruti Swift Dzire VDi,2011,375000,190000,Diesel,Individual,Manual,Third Owner,9,Maruti,Maruti Swift,21111.11111111111,10.0
Ford Endeavour 3.2 Titanium AT 4X4,2016,1950000,106000,Diesel,Individual,Automatic,First Owner,4,Ford,Ford Endeavour,26500.0,6.0
Tata Xenon XT EX 4X2,2012,400000,80000,Diesel,Individual,Manual,Second Owner,8,Tata,Tata Xenon,10000.0,2.0
Nissan Terrano XL Plus 85 PS,2014,550000,80000,Diesel,Individual,Manual,Second Owner,6,Nissan,Nissan Terrano,13333.333333333334,4.0
Maruti Eeco 7 Seater Standard BSIV,2018,270000,20000,Petrol,Individual,Manual,First Owner,2,Maruti,Maruti Eeco,10000.0,5.0
Maruti Ertiga ZDI,2012,555000,110000,Diesel,Individual,Manual,Second Owner,8,Maruti,Maruti Ertiga,13750.0,5.0
Ford Ecosport 1.5 DV5 MT Ambiente,2013,500000,60000,Diesel,Individual,Manual,Second Owner,7,Ford,Ford Ecosport,8571.42857142857,1.0
Skoda Laura Elegance 1.9 TDI AT,2010,400000,130000,Diesel,Individual,Automatic,Second Owner,10,Skoda,Skoda Laura,13000.0,1.0
Hyundai EON 1.0 Era Plus,2017,280000,28838,Petrol,Individual,Manual,First Owner,3,Hyundai,Hyundai EON,9612.666666666666,5.0
Tata Indica GLS BS IV,2008,80000,200000,Petrol,Individual,Manual,First Owner,12,Tata,Tata Indica,16666.666666666668,14.0
Tata Indica DLS,2006,55000,100000,Diesel,Individual,Manual,First Owner,14,Tata,Tata Indica,7142.857142857143,6.0
Maruti Alto 800 LXI Airbag,2014,250000,50000,Petrol,Individual,Manual,First Owner,6,Maruti,Maruti Alto,8333.333333333334,2.0
Mahindra Bolero SLX 2WD,2010,250000,190000,Diesel,Individual,Manual,Fourth & Above Owner,10,Mahindra,Mahindra Bolero,19000.0,2.0
Mahindra Jeep MM 540,2007,95000,100000,Diesel,Individual,Manual,Second Owner,13,Mahindra,Mahindra Jeep,7692.307692307692,2.0
Mahindra Scorpio 1.99 S10,2014,725000,135000,Diesel,Individual,Manual,Second Owner,6,Mahindra,Mahindra Scorpio,22500.0,6.0
Mahindra Bolero Power Plus Plus AC BSIV PS,2015,320000,50000,Diesel,Individual,Manual,Third Owner,5,Mahindra,Mahindra Bolero,10000.0,8.0
Skoda Octavia Elegance 2.0 TDI AT,2014,1200000,135000,Diesel,Individual,Automatic,Third Owner,6,Skoda,Skoda Octavia,22500.0,2.0
Chevrolet Beat Diesel LS,2012,160000,50000,Diesel,Individual,Manual,First Owner,8,Chevrolet,Chevrolet Beat,6250.0,12.0
Honda Jazz 1.5 VX i DTEC,2018,790000,19571,Diesel,Dealer,Manual,First Owner,2,Honda,Honda Jazz,9785.5,6.0
Honda City i-VTEC ZX,2018,1200000,29600,Petrol,Dealer,Manual,First Owner,2,Honda,Honda City,14800.0,1.0
Maruti Swift LXI,2011,175000,70000,Petrol,Individual,Manual,First Owner,9,Maruti,Maruti Swift,7777.777777777777,2.0
Maruti Vitara Brezza ZDi Plus AMT Dual Tone,2018,950000,15000,Diesel,Individual,Automatic,First Owner,2,Maruti,Maruti Vitara,7500.0,1.0
Maruti Celerio LXI MT BSIV,2019,340000,50000,Petrol,Individual,Manual,First Owner,1,Maruti,Maruti Celerio,50000.0,1.0
Renault Captur 1.5 Diesel RXT,2017,825000,13500,Diesel,Individual,Manual,First Owner,3,Renault,Renault Captur,4500.0,1.0
Audi A4 30 TFSI Technology,2018,3100000,22000,Petrol,Individual,Automatic,First Owner,2,Audi,Audi A4,11000.0,1.0
Honda Amaze VX Diesel BSIV,2018,780000,25000,Diesel,Dealer,Manual,First Owner,2,Honda,Honda Amaze,12500.0,3.0
Toyota Corolla Altis 1.8 VL AT,2010,350000,80000,Petrol,Individual,Automatic,Third Owner,10,Toyota,Toyota Corolla,8000.0,1.0
Honda Amaze VX Petrol BSIV,2018,690000,39000,Petrol,Dealer,Manual,First Owner,2,Honda,Honda Amaze,19500.0,1.0
Maruti Alto 800 VXI,2016,245000,60000,Petrol,Individual,Manual,First Owner,4,Maruti,Maruti Alto,15000.0,13.0
Honda Amaze VX Diesel BSIV,2018,790000,49000,Diesel,Dealer,Manual,First Owner,2,Honda,Honda Amaze,24500.0,3.0
Honda Amaze VX i-VTEC,2018,680000,48600,Petrol,Dealer,Manual,First Owner,2,Honda,Honda Amaze,24300.0,3.0
Hyundai Grand i10 Asta Option,2017,540000,20000,Petrol,Individual,Manual,Second Owner,3,Hyundai,Hyundai Grand,6666.666666666667,4.0
Mahindra KUV 100 mFALCON G80 K2,2016,425000,25000,Petrol,Individual,Manual,First Owner,4,Mahindra,Mahindra KUV,6250.0,2.0
Maruti Zen Estilo Sports,2008,140000,120000,Petrol,Individual,Manual,First Owner,12,Maruti,Maruti Zen,10000.0,2.0
Maruti Ertiga ZDI Plus,2019,1100000,30000,Diesel,Individual,Manual,First Owner,1,Maruti,Maruti Ertiga,30000.0,1.0
Renault Lodgy 85PS RxL,2015,715000,35000,Diesel,Individual,Manual,First Owner,5,Renault,Renault Lodgy,7000.0,3.0
Audi Q3 2.0 TDI Quattro Premium Plus,2015,1750000,127643,Diesel,Dealer,Automatic,First Owner,5,Audi,Audi Q3,25528.6,3.0
Tata Zest Revotron 1.2T XMS,2018,400000,54000,Petrol,Dealer,Manual,Second Owner,2,Tata,Tata Zest,27000.0,3.0
Audi A6 2.0 TDI Design Edition,2014,1750000,102354,Diesel,Dealer,Automatic,First Owner,6,Audi,Audi A6,17059.0,2.0
Audi Q5 2.0 TFSI Quattro Premium Plus,2014,1850000,62237,Petrol,Dealer,Automatic,First Owner,6,Audi,Audi Q5,10372.833333333334,1.0
Hyundai Santro Xing XL eRLX Euro III,2005,114999,90000,Petrol,Dealer,Manual,Second Owner,15,Hyundai,Hyundai Santro,6000.0,5.0
Ford EcoSport 1.5 TDCi Titanium BSIV,2018,950000,21394,Diesel,Dealer,Manual,First Owner,2,Ford,Ford EcoSport,10697.0,9.0
Datsun GO T Petrol,2015,310000,32686,Petrol,Dealer,Manual,First Owner,5,Datsun,Datsun GO,6537.2,2.0
Mahindra Jeep CJ 500 DI,2006,575000,1001,Diesel,Dealer,Manual,First Owner,14,Mahindra,Mahindra Jeep,71.5,1.0
Renault Pulse RxZ,2017,490000,22000,Diesel,Dealer,Manual,First Owner,3,Renault,Renault Pulse,7333.333333333333,2.0
Hyundai Grand i10 Magna,2017,480000,53261,Petrol,Dealer,Manual,First Owner,3,Hyundai,Hyundai Grand,17753.666666666668,4.0
Land Rover Discovery Sport SD4 HSE Luxury,2016,3500000,53000,Diesel,Dealer,Automatic,First Owner,4,Land,Land Rover,13250.0,1.0
Renault KWID 1.0 RXT Optional,2018,370000,10000,Petrol,Dealer,Manual,First Owner,2,Renault,Renault KWID,5000.0,14.0
Maruti Baleno Alpha 1.3,2017,835000,14000,Diesel,Dealer,Manual,First Owner,3,Maruti,Maruti Baleno,4666.666666666667,8.0
Volkswagen Polo 2015-2019 1.2 MPI Highline,2017,650000,44000,Petrol,Dealer,Manual,First Owner,3,Volkswagen,Volkswagen Polo,14666.666666666666,2.0
Toyota Etios VD,2014,670000,39895,Diesel,Dealer,Manual,First Owner,6,Toyota,Toyota Etios,6649.166666666667,7.0
Chevrolet Cruze LTZ AT,2017,950000,73000,Diesel,Dealer,Automatic,First Owner,3,Chevrolet,Chevrolet Cruze,24333.333333333332,4.0
Honda City i-VTEC SV,2014,690000,17000,Petrol,Dealer,Manual,First Owner,6,Honda,Honda City,2833.3333333333335,1.0
Volkswagen Polo 2015-2019 1.2 MPI Highline,2017,670000,18591,Petrol,Dealer,Manual,First Owner,3,Volkswagen,Volkswagen Polo,6197.0,2.0
Tata Nexon 1.5 Revotorq XZ,2017,925000,26766,Diesel,Dealer,Manual,First Owner,3,Tata,Tata Nexon,8922.0,2.0
Hyundai EON Magna Plus,2015,250000,30000,Petrol,Individual,Manual,First Owner,5,Hyundai,Hyundai EON,6000.0,17.0
Tata Sumo Gold EX,2016,509999,42000,Diesel,Individual,Manual,First Owner,4,Tata,Tata Sumo,10500.0,2.0
Honda City i DTEC VX,2014,520000,110000,Diesel,Individual,Manual,First Owner,6,Honda,Honda City,18333.333333333332,7.0
Tata Indica DLE,2005,100000,100000,Diesel,Individual,Manual,First Owner,15,Tata,Tata Indica,6666.666666666667,2.0
Tata Indica DLS,2006,85000,300000,Diesel,Individual,Manual,Second Owner,14,Tata,Tata Indica,21428.571428571428,6.0
Tata Indigo LX,2009,130000,110000,Diesel,Individual,Manual,Third Owner,11,Tata,Tata Indigo,10000.0,4.0
Ford EcoSport 1.5 TDCi Titanium BSIV,2018,950000,27620,Diesel,Dealer,Manual,First Owner,2,Ford,Ford EcoSport,13810.0,9.0
Ford Figo Aspire 1.2 Ti-VCT Titanium Plus,2015,450000,70000,Petrol,Individual,Manual,First Owner,5,Ford,Ford Figo,14000.0,3.0
Honda City S,2012,320000,50000,Petrol,Individual,Manual,Second Owner,8,Honda,Honda City,6250.0,3.0
Maruti Swift Dzire VDI,2015,480000,50000,Diesel,Individual,Manual,First Owner,5,Maruti,Maruti Swift,10000.0,54.0
Mercedes-Benz New C-Class C 220 CDI Grand Edition,2014,2490000,46000,Diesel,Individual,Automatic,First Owner,6,Mercedes-Benz,Mercedes-Benz New,7666.666666666667,1.0
Toyota Innova 2.5 VX 8 STR,2012,790000,82000,Diesel,Individual,Manual,First Owner,8,Toyota,Toyota Innova,10250.0,2.0
Maruti Omni MPI STD BSIV,2016,120000,120000,Petrol,Individual,Manual,First Owner,4,Maruti,Maruti Omni,30000.0,6.0
Maruti Alto LXi,2006,75000,80000,Petrol,Individual,Manual,Third Owner,14,Maruti,Maruti Alto,5714.285714285715,42.0
Tata Indica GLS BS IV,2010,99000,70000,Petrol,Individual,Manual,First Owner,10,Tata,Tata Indica,7000.0,14.0
Maruti S-Cross Zeta DDiS 200 SH,2018,1015000,20000,Diesel,Individual,Manual,First Owner,2,Maruti,Maruti S-Cross,10000.0,3.0
Mahindra Xylo D4 BSIV,2013,250000,200000,Diesel,Individual,Manual,Second Owner,7,Mahindra,Mahindra Xylo,28571.428571428572,2.0
Toyota Innova Crysta 2.5 VX BS IV,2011,520000,120000,Diesel,Individual,Manual,First Owner,9,Toyota,Toyota Innova,13333.333333333334,1.0
Hyundai Verna CRDi 1.6 AT SX Option,2018,1100000,30000,Diesel,Individual,Automatic,First Owner,2,Hyundai,Hyundai Verna,15000.0,1.0
Toyota Innova 2.5 V Diesel 7-seater,2005,200000,223000,Diesel,Individual,Manual,First Owner,15,Toyota,Toyota Innova,14866.666666666666,5.0
Maruti Swift Dzire VDI,2016,525000,60000,Diesel,Individual,Manual,First Owner,4,Maruti,Maruti Swift,15000.0,54.0
Hyundai i20 Asta 1.2,2016,500000,40000,Petrol,Individual,Manual,First Owner,4,Hyundai,Hyundai i20,10000.0,4.0
Mahindra Scorpio S2 7 Seater,2016,675000,161327,Diesel,Individual,Manual,First Owner,4,Mahindra,Mahindra Scorpio,40331.75,3.0
Hyundai i10 Magna 1.2 iTech SE,2009,150000,60000,Petrol,Individual,Manual,Third Owner,11,Hyundai,Hyundai i10,5454.545454545455,4.0
Mahindra Bolero DI,2007,250000,50000,Diesel,Individual,Manual,First Owner,13,Mahindra,Mahindra Bolero,3846.153846153846,7.0
Hyundai Grand i10 1.2 Kappa Sportz BSIV,2018,450000,6000,Petrol,Individual,Manual,First Owner,2,Hyundai,Hyundai Grand,3000.0,5.0
Hyundai Santro Xing XS,2009,150000,68000,Petrol,Individual,Manual,Second Owner,11,Hyundai,Hyundai Santro,6181.818181818182,3.0
Chevrolet Beat Diesel LS,2012,200000,85000,Diesel,Individual,Manual,First Owner,8,Chevrolet,Chevrolet Beat,10625.0,12.0
Mahindra Scorpio VLS AT 2.2 mHAWK,2011,525000,70000,Diesel,Individual,Automatic,First Owner,9,Mahindra,Mahindra Scorpio,7777.777777777777,4.0
Maruti Esteem VX,1999,60000,35000,Petrol,Individual,Manual,Second Owner,21,Maruti,Maruti Esteem,1666.6666666666667,1.0
Maruti Swift Vdi BSIII,2010,180000,100000,Diesel,Individual,Manual,Second Owner,10,Maruti,Maruti Swift,10000.0,12.0
Honda Amaze S i-Dtech,2015,475000,110000,Diesel,Individual,Manual,First Owner,5,Honda,Honda Amaze,22000.0,7.0
Mahindra Scorpio VLS AT 2.2 mHAWK,2010,380000,195000,Diesel,Individual,Automatic,Second Owner,10,Mahindra,Mahindra Scorpio,19500.0,4.0
Maruti Alto 800 LXI,2015,285000,46000,Petrol,Individual,Manual,Second Owner,5,Maruti,Maruti Alto,9200.0,48.0
Maruti Alto LXi BSIII,2008,91200,60000,Petrol,Individual,Manual,Second Owner,12,Maruti,Maruti Alto,5000.0,14.0
Hyundai Grand i10 CRDi Sportz,2015,400000,42000,Diesel,Individual,Manual,First Owner,5,Hyundai,Hyundai Grand,8400.0,6.0
Hyundai Santro Xing XG AT,2006,160000,90000,Petrol,Individual,Automatic,Second Owner,14,Hyundai,Hyundai Santro,6428.571428571428,2.0
Skoda Yeti Ambition 4X2,2012,650000,85000,Diesel,Individual,Manual,Second Owner,8,Skoda,Skoda Yeti,10625.0,1.0
Hyundai Verna 1.6 SX,2012,409999,120000,Diesel,Individual,Manual,Third Owner,8,Hyundai,Hyundai Verna,15000.0,13.0
Ford Ecosport 1.5 DV5 MT Titanium,2013,425000,72000,Diesel,Individual,Manual,First Owner,7,Ford,Ford Ecosport,10285.714285714286,12.0
Maruti Wagon R LXI CNG,2013,250000,71000,CNG,Individual,Manual,Second Owner,7,Maruti,Maruti Wagon,10142.857142857143,5.0
Maruti Swift Dzire VXi,2009,200000,110000,Petrol,Individual,Manual,Fourth & Above Owner,11,Maruti,Maruti Swift,10000.0,6.0
Volkswagen Polo Diesel Trendline 1.2L,2010,130000,144000,Diesel,Individual,Manual,Fourth & Above Owner,10,Volkswagen,Volkswagen Polo,14400.0,7.0
Maruti Eeco 5 Seater AC BSIV,2017,260000,30000,Petrol,Dealer,Manual,First Owner,3,Maruti,Maruti Eeco,10000.0,6.0
Hyundai Verna SX,2007,155000,65000,Petrol,Dealer,Manual,First Owner,13,Hyundai,Hyundai Verna,5000.0,1.0
Honda Jazz 1.5 VX i DTEC,2015,450000,38000,Diesel,Individual,Manual,First Owner,5,Honda,Honda Jazz,7600.0,6.0
Maruti SX4 Celebration Petrol,2012,220000,90000,Petrol,Individual,Manual,Second Owner,8,Maruti,Maruti SX4,11250.0,1.0
Hyundai i20 Active S Diesel,2018,650000,37000,Diesel,Dealer,Manual,First Owner,2,Hyundai,Hyundai i20,18500.0,1.0
Maruti Alto 800 LXI,2018,285000,30000,Petrol,Dealer,Manual,First Owner,2,Maruti,Maruti Alto,15000.0,48.0
Honda Amaze V CVT Petrol BSIV,2018,725000,26000,Petrol,Dealer,Automatic,First Owner,2,Honda,Honda Amaze,13000.0,1.0
Maruti Ciaz ZXi,2016,625000,30000,Petrol,Dealer,Manual,First Owner,4,Maruti,Maruti Ciaz,7500.0,2.0
Hyundai i20 Active SX Petrol,2016,550000,23000,Petrol,Dealer,Manual,First Owner,4,Hyundai,Hyundai i20,5750.0,1.0
Hyundai i10 Magna,2012,240000,40000,Petrol,Dealer,Manual,First Owner,8,Hyundai,Hyundai i10,5000.0,9.0
Nissan Terrano XL 85 PS,2014,600000,27000,Diesel,Dealer,Manual,First Owner,6,Nissan,Nissan Terrano,4500.0,4.0
Tata New Safari DICOR 2.2 EX 4x2,2012,350000,65000,Diesel,Dealer,Manual,First Owner,8,Tata,Tata New,8125.0,12.0
Hyundai EON Magna Plus,2015,245000,32000,Petrol,Dealer,Manual,First Owner,5,Hyundai,Hyundai EON,6400.0,17.0
Mahindra Bolero B6,2016,600000,56000,Diesel,Dealer,Manual,First Owner,4,Mahindra,Mahindra Bolero,14000.0,1.0
BMW X1 sDrive 20d xLine,2017,2400000,30000,Diesel,Individual,Automatic,First Owner,3,BMW,BMW X1,10000.0,3.0
Mahindra Scorpio SLE BS IV,2014,620000,80000,Diesel,Dealer,Manual,First Owner,6,Mahindra,Mahindra Scorpio,13333.333333333334,1.0
Maruti Swift Dzire 1.2 Vxi BSIV,2014,395000,52000,Petrol,Dealer,Manual,Second Owner,6,Maruti,Maruti Swift,8666.666666666666,3.0
Maruti Ertiga ZXI,2014,635000,13250,Petrol,Dealer,Manual,First Owner,6,Maruti,Maruti Ertiga,2208.3333333333335,1.0
Maruti Alto LX,2011,180000,36000,Petrol,Dealer,Manual,First Owner,9,Maruti,Maruti Alto,4000.0,30.0
Maruti Swift ZDI Plus,2015,484999,73000,Diesel,Dealer,Manual,Second Owner,5,Maruti,Maruti Swift,14600.0,1.0
Maruti Alto LX,2004,110000,60000,Petrol,Individual,Manual,First Owner,16,Maruti,Maruti Alto,3750.0,30.0
Maruti Wagon R VXI BSIII,2006,150000,60000,Petrol,Individual,Manual,Second Owner,14,Maruti,Maruti Wagon,4285.714285714285,5.0
Chevrolet Tavera Neo 2 LT L 9 Str,2012,400000,110000,Diesel,Individual,Manual,First Owner,8,Chevrolet,Chevrolet Tavera,13750.0,1.0
Tata Indica Vista Aura Plus 1.3 Quadrajet,2012,200000,70000,Diesel,Individual,Manual,Second Owner,8,Tata,Tata Indica,8750.0,2.0
Renault Duster 85PS Diesel RxL Plus,2013,302000,60000,Diesel,Individual,Manual,Second Owner,7,Renault,Renault Duster,8571.42857142857,3.0
Maruti Swift Dzire Vdi BSIV,2011,215000,90000,Diesel,Individual,Manual,Fourth & Above Owner,9,Maruti,Maruti Swift,10000.0,1.0
Maruti Wagon R VXI BSIII,2004,155000,80000,Petrol,Individual,Manual,Second Owner,16,Maruti,Maruti Wagon,5000.0,5.0
Toyota Innova 2.5 G (Diesel) 8 Seater,2014,1000000,101000,Diesel,Individual,Manual,Second Owner,6,Toyota,Toyota Innova,16833.333333333332,6.0
Mahindra Bolero Power Plus SLX,2018,550000,44000,Diesel,Individual,Manual,First Owner,2,Mahindra,Mahindra Bolero,22000.0,11.0
Maruti Swift 1.3 VXi,2006,200000,45000,Petrol,Individual,Manual,First Owner,14,Maruti,Maruti Swift,3214.285714285714,10.0
Mahindra Scorpio S2 7 Seater,2017,750000,120000,Diesel,Individual,Manual,First Owner,3,Mahindra,Mahindra Scorpio,40000.0,3.0
Maruti Zen LXI,2005,90000,90000,Petrol,Individual,Manual,Second Owner,15,Maruti,Maruti Zen,6000.0,6.0
Maruti Wagon R LXI Minor,2007,80000,120000,Petrol,Individual,Manual,Second Owner,13,Maruti,Maruti Wagon,9230.76923076923,21.0
Hyundai EON D Lite Plus,2013,229999,13500,Petrol,Individual,Manual,First Owner,7,Hyundai,Hyundai EON,1928.5714285714287,5.0
Renault KWID 1.0 RXT Optional,2017,350000,10000,Petrol,Individual,Manual,First Owner,3,Renault,Renault KWID,3333.3333333333335,14.0
Hyundai Grand i10 Magna,2015,325000,25000,Petrol,Individual,Manual,Third Owner,5,Hyundai,Hyundai Grand,5000.0,4.0
Tata Tigor 1.2 Revotron XT,2018,450000,8500,Petrol,Individual,Manual,First Owner,2,Tata,Tata Tigor,4250.0,3.0
Maruti SX4 Celebration Diesel,2012,250000,120000,Diesel,Individual,Manual,First Owner,8,Maruti,Maruti SX4,15000.0,2.0
Volkswagen Polo Diesel Comfortline 1.2L,2012,225000,120000,Diesel,Individual,Manual,First Owner,8,Volkswagen,Volkswagen Polo,15000.0,2.0
Maruti Alto LXi,2009,150000,90246,Petrol,Individual,Manual,Third Owner,11,Maruti,Maruti Alto,8204.181818181818,42.0
Maruti Alto LX BSIII,2008,110000,90000,Petrol,Individual,Manual,Second Owner,12,Maruti,Maruti Alto,7500.0,8.0
Maruti Alto LXi BSIII,2010,150000,40000,Petrol,Individual,Manual,Second Owner,10,Maruti,Maruti Alto,4000.0,14.0
Maruti Gypsy King Hard Top,2000,165000,60000,Petrol,Individual,Manual,Fourth & Above Owner,20,Maruti,Maruti Gypsy,3000.0,1.0
Renault Duster 85PS Diesel RxL,2017,610000,32000,Diesel,Individual,Manual,Second Owner,3,Renault,Renault Duster,10666.666666666666,6.0
Tata Manza Club Class Quadrajet90 VX,2013,170000,60400,Diesel,Individual,Manual,First Owner,7,Tata,Tata Manza,8628.57142857143,1.0
Hyundai Verna CRDi,2008,150000,70950,Diesel,Individual,Manual,Second Owner,12,Hyundai,Hyundai Verna,5912.5,6.0
Hyundai Xcent 1.1 CRDi Base,2015,375000,72000,Diesel,Individual,Manual,First Owner,5,Hyundai,Hyundai Xcent,14400.0,5.0
Maruti Swift VDI,2013,390000,90000,Diesel,Individual,Manual,First Owner,7,Maruti,Maruti Swift,12857.142857142857,23.0
Hyundai i20 Active 1.2 S,2017,600000,10000,Petrol,Individual,Manual,First Owner,3,Hyundai,Hyundai i20,3333.3333333333335,4.0
Maruti Alto 800 LXI,2014,204999,25000,Petrol,Individual,Manual,Second Owner,6,Maruti,Maruti Alto,4166.666666666667,48.0
Hyundai Verna CRDi,2009,270000,80000,Diesel,Individual,Manual,Second Owner,11,Hyundai,Hyundai Verna,7272.727272727273,6.0
Hyundai Grand i10 Sportz,2017,375000,10000,Petrol,Individual,Manual,First Owner,3,Hyundai,Hyundai Grand,3333.3333333333335,11.0
Maruti Baleno Zeta,2020,700000,1100,Petrol,Individual,Manual,First Owner,0,Maruti,Maruti Baleno,1100.0,2.0
Maruti Swift VXI Deca,2017,455000,40000,Petrol,Individual,Manual,First Owner,3,Maruti,Maruti Swift,13333.333333333334,3.0
Hyundai i10 Sportz 1.1L,2017,375000,10000,Petrol,Individual,Manual,First Owner,3,Hyundai,Hyundai i10,3333.3333333333335,4.0
Hyundai Grand i10 Asta,2014,341000,31491,Petrol,Individual,Manual,First Owner,6,Hyundai,Hyundai Grand,5248.5,4.0
Maruti Swift Dzire VDI,2014,200000,107143,Diesel,Individual,Manual,Second Owner,6,Maruti,Maruti Swift,17857.166666666668,54.0
Maruti Ignis 1.2 AMT Delta BSIV,2017,450000,15000,Petrol,Individual,Automatic,First Owner,3,Maruti,Maruti Ignis,5000.0,1.0
Hyundai Santro Xing GL Plus,2012,170000,50000,Petrol,Individual,Manual,Second Owner,8,Hyundai,Hyundai Santro,6250.0,4.0
Toyota Innova Crysta 2.4 VX MT 8S BSIV,2017,1900000,100000,Diesel,Individual,Manual,First Owner,3,Toyota,Toyota Innova,33333.333333333336,3.0
Mahindra Bolero Power Plus LX,2016,500000,60000,Diesel,Individual,Manual,First Owner,4,Mahindra,Mahindra Bolero,15000.0,1.0
Maruti Vitara Brezza ZDi Plus,2016,819999,85000,Diesel,Individual,Manual,First Owner,4,Maruti,Maruti Vitara,21250.0,5.0
Maruti Swift 1.2 DLX,2014,351000,40000,Petrol,Individual,Manual,Second Owner,6,Maruti,Maruti Swift,6666.666666666667,4.0
Hyundai i10 Magna 1.2 iTech SE,2011,195000,80000,Petrol,Individual,Manual,Second Owner,9,Hyundai,Hyundai i10,8888.888888888889,4.0
Maruti Swift Dzire VDi,2008,250000,82000,Diesel,Individual,Manual,Second Owner,12,Maruti,Maruti Swift,6833.333333333333,10.0
Maruti Zen Estilo 1.1 VXI BSIII,2008,120000,70000,Petrol,Individual,Manual,Second Owner,12,Maruti,Maruti Zen,5833.333333333333,2.0
Maruti A-Star Vxi,2009,180000,70000,Petrol,Individual,Manual,Third Owner,11,Maruti,Maruti A-Star,6363.636363636364,7.0
Mahindra KUV 100 mFALCON D75 K6,2016,430000,20000,Diesel,Individual,Manual,First Owner,4,Mahindra,Mahindra KUV,5000.0,1.0
Tata Nano Cx BSIV,2012,75000,35000,Petrol,Individual,Manual,Second Owner,8,Tata,Tata Nano,4375.0,2.0
Mahindra Xylo D4,2017,750000,80000,Diesel,Individual,Manual,First Owner,3,Mahindra,Mahindra Xylo,26666.666666666668,7.0
Tata Nano Lx,2011,60000,40000,Petrol,Individual,Manual,First Owner,9,Tata,Tata Nano,4444.444444444444,4.0
Toyota Innova 2.5 VX (Diesel) 8 Seater,2015,1500000,46412,Diesel,Individual,Manual,First Owner,5,Toyota,Toyota Innova,9282.4,5.0
Mahindra Bolero SLX 2WD BSIII,2011,390000,150000,Diesel,Individual,Manual,Fourth & Above Owner,9,Mahindra,Mahindra Bolero,16666.666666666668,2.0
Mahindra TUV 300 T4,2016,630000,50000,Diesel,Individual,Manual,First Owner,4,Mahindra,Mahindra TUV,12500.0,1.0
Tata Safari Storme VX Varicor 400,2018,1085000,15000,Diesel,Individual,Manual,First Owner,2,Tata,Tata Safari,7500.0,2.0
Hyundai i10 Magna 1.2 iTech SE,2012,190000,60000,Petrol,Individual,Manual,Second Owner,8,Hyundai,Hyundai i10,7500.0,4.0
Maruti Baleno Delta Automatic,2018,550000,25000,Petrol,Individual,Automatic,First Owner,2,Maruti,Maruti Baleno,12500.0,3.0
Maruti Alto 800 LXI,2012,200000,90000,Petrol,Individual,Manual,Third Owner,8,Maruti,Maruti Alto,11250.0,48.0
Chevrolet Spark 1.0 LT,2011,165000,60000,Petrol,Individual,Manual,First Owner,9,Chevrolet,Chevrolet Spark,6666.666666666667,6.0
Ford Figo Diesel Celebration Edition,2013,260000,65000,Diesel,Individual,Manual,First Owner,7,Ford,Ford Figo,9285.714285714286,5.0
Maruti Alto LX,2011,151000,40000,Petrol,Individual,Manual,First Owner,9,Maruti,Maruti Alto,4444.444444444444,30.0
Maruti Vitara Brezza VDi,2018,780000,50000,Diesel,Individual,Manual,First Owner,2,Maruti,Maruti Vitara,25000.0,4.0
Tata Indica Vista Quadrajet LX,2012,175000,80000,Diesel,Individual,Manual,Third Owner,8,Tata,Tata Indica,10000.0,6.0
Tata Indica Vista TDI LS,2010,170000,107500,Diesel,Dealer,Manual,First Owner,10,Tata,Tata Indica,10750.0,7.0
Tata Indica Vista TDI LS,2013,210000,135000,Diesel,Dealer,Manual,Second Owner,7,Tata,Tata Indica,19285.714285714286,7.0
Maruti Alto LXi,2007,90000,43826,Petrol,Dealer,Manual,Second Owner,13,Maruti,Maruti Alto,3371.230769230769,42.0
Hyundai i20 Active S Petrol,2016,535000,55838,Petrol,Dealer,Manual,First Owner,4,Hyundai,Hyundai i20,13959.5,2.0
Maruti Swift VDI BSIV,2007,195000,112880,Diesel,Dealer,Manual,First Owner,13,Maruti,Maruti Swift,8683.076923076924,28.0
Tata Indica Vista Terra Quadrajet 1.3L,2011,140000,90000,Diesel,Individual,Manual,Third Owner,9,Tata,Tata Indica,10000.0,1.0
Nissan Sunny XL,2012,350000,40000,Petrol,Individual,Manual,First Owner,8,Nissan,Nissan Sunny,5000.0,5.0
Hyundai Verna 1.6 SX VTVT (O),2013,425000,66000,Petrol,Individual,Manual,First Owner,7,Hyundai,Hyundai Verna,9428.57142857143,3.0
Renault KWID 1.0 RXT Optional,2017,300000,30300,Petrol,Individual,Manual,First Owner,3,Renault,Renault KWID,10100.0,14.0
Volkswagen Vento Diesel Style Limited Edition,2013,340000,85000,Diesel,Individual,Manual,Second Owner,7,Volkswagen,Volkswagen Vento,12142.857142857143,2.0
Maruti Swift Dzire VXi,2009,250000,80659,Petrol,Dealer,Manual,First Owner,11,Maruti,Maruti Swift,7332.636363636364,6.0
Chevrolet Aveo 1.4 LS,2008,170000,81324,Petrol,Dealer,Manual,First Owner,12,Chevrolet,Chevrolet Aveo,6777.0,2.0
Honda Amaze S i-Dtech,2013,315000,127884,Diesel,Dealer,Manual,First Owner,7,Honda,Honda Amaze,18269.14285714286,7.0
Chevrolet Beat PS,2015,200000,50000,Petrol,Individual,Manual,First Owner,5,Chevrolet,Chevrolet Beat,10000.0,3.0
Chevrolet Beat PS,2016,300000,25000,Petrol,Individual,Manual,First Owner,4,Chevrolet,Chevrolet Beat,6250.0,3.0
Honda Amaze S i-Dtech,2015,300000,66755,Diesel,Dealer,Manual,First Owner,5,Honda,Honda Amaze,13351.0,7.0
Honda City E,2013,380000,123084,Petrol,Dealer,Manual,First Owner,7,Honda,Honda City,17583.428571428572,1.0
Maruti Swift VXI BSIII,2009,250000,806599,Petrol,Dealer,Manual,First Owner,11,Maruti,Maruti Swift,73327.18181818182,4.0
Honda Amaze S i-Dtech,2013,310000,95851,Diesel,Dealer,Manual,First Owner,7,Honda,Honda Amaze,13693.0,7.0
Maruti Wagon R VXI Minor ABS,2010,260000,50000,Petrol,Individual,Manual,First Owner,10,Maruti,Maruti Wagon,5000.0,1.0
Maruti Omni BSIII 8-STR W/ IMMOBILISER,2008,150000,50000,Petrol,Individual,Manual,Second Owner,12,Maruti,Maruti Omni,4166.666666666667,1.0
Maruti Esteem Vxi - BSIII,2006,85000,60000,Petrol,Individual,Manual,Second Owner,14,Maruti,Maruti Esteem,4285.714285714285,3.0
Maruti Alto 800 LXI,2015,280000,15000,Petrol,Individual,Manual,Second Owner,5,Maruti,Maruti Alto,3000.0,48.0
Mahindra Xylo H4 ABS,2016,850000,40000,Diesel,Individual,Manual,First Owner,4,Mahindra,Mahindra Xylo,10000.0,1.0
Datsun GO Plus T Option BSIV,2017,375000,20000,Petrol,Individual,Manual,Second Owner,3,Datsun,Datsun GO,6666.666666666667,3.0
Hyundai Elantra CRDi (Leather Option),2006,125000,120000,Diesel,Individual,Manual,Third Owner,14,Hyundai,Hyundai Elantra,8571.42857142857,1.0
Chevrolet Beat Diesel LT,2012,250000,110000,Diesel,Individual,Manual,First Owner,8,Chevrolet,Chevrolet Beat,13750.0,14.0
Toyota Corolla Altis D-4D J,2014,715000,234000,Diesel,Individual,Manual,First Owner,6,Toyota,Toyota Corolla,39000.0,2.0
Hyundai i20 1.4 CRDi Era,2011,220000,70000,Diesel,Individual,Manual,First Owner,9,Hyundai,Hyundai i20,7777.777777777777,1.0
Tata Indica Vista Aqua 1.3 Quadrajet,2010,110000,110000,Diesel,Individual,Manual,Second Owner,10,Tata,Tata Indica,11000.0,3.0
Hyundai Verna XXi (Petrol),2007,150000,84000,Petrol,Individual,Manual,Second Owner,13,Hyundai,Hyundai Verna,6461.538461538462,1.0
Nissan Sunny Diesel XV,2012,300000,170000,Diesel,Individual,Manual,First Owner,8,Nissan,Nissan Sunny,21250.0,3.0
Datsun RediGO T Option,2017,220000,40000,Petrol,Individual,Manual,First Owner,3,Datsun,Datsun RediGO,13333.333333333334,5.0
Maruti Wagon R LX,2006,75000,96000,Petrol,Individual,Manual,Second Owner,14,Maruti,Maruti Wagon,6857.142857142857,2.0
Tata Indigo LS,2009,100000,20000,Diesel,Individual,Manual,First Owner,11,Tata,Tata Indigo,1818.1818181818182,8.0
Ford Figo Aspire 1.2 Ti-VCT Trend,2016,380000,15000,Petrol,Individual,Manual,First Owner,4,Ford,Ford Figo,3750.0,3.0
Hyundai Santro Xing XK (Non-AC),2007,100000,50000,Petrol,Individual,Manual,First Owner,13,Hyundai,Hyundai Santro,3846.153846153846,1.0
Volkswagen Passat 1.8 TSI MT,2010,480000,80000,Petrol,Individual,Manual,Second Owner,10,Volkswagen,Volkswagen Passat,8000.0,1.0
Toyota Etios GD,2012,300000,124000,Diesel,Individual,Manual,First Owner,8,Toyota,Toyota Etios,15500.0,7.0
Chevrolet Beat Diesel LS,2013,190000,70000,Diesel,Individual,Manual,First Owner,7,Chevrolet,Chevrolet Beat,10000.0,12.0
Ford Figo Diesel LXI,2012,190000,130000,Diesel,Individual,Manual,Second Owner,8,Ford,Ford Figo,16250.0,3.0
Ford EcoSport 1.5 Ti VCT MT Trend BSIV,2017,650000,19014,Petrol,Dealer,Manual,First Owner,3,Ford,Ford EcoSport,6338.0,1.0
Toyota Corolla Executive (HE),2009,300000,23262,Petrol,Dealer,Manual,First Owner,11,Toyota,Toyota Corolla,2114.7272727272725,1.0
Ford Freestyle Titanium Diesel BSIV,2016,700000,29600,Diesel,Dealer,Manual,First Owner,4,Ford,Ford Freestyle,7400.0,1.0
Hyundai i10 Sportz 1.1L,2015,310000,35925,Petrol,Dealer,Manual,First Owner,5,Hyundai,Hyundai i10,7185.0,4.0
Maruti Ignis 1.2 Zeta BSIV,2018,500000,12000,Petrol,Individual,Manual,First Owner,2,Maruti,Maruti Ignis,6000.0,1.0
Toyota Etios V,2013,415000,40771,Petrol,Dealer,Manual,First Owner,7,Toyota,Toyota Etios,5824.428571428572,3.0
Maruti Celerio VXI AT,2015,395000,30500,Petrol,Dealer,Automatic,Second Owner,5,Maruti,Maruti Celerio,6100.0,3.0
Toyota Etios Liva 1.2 G,2014,430000,42000,Petrol,Dealer,Manual,Second Owner,6,Toyota,Toyota Etios,7000.0,1.0
Toyota Corolla H6,2007,215000,55800,Petrol,Dealer,Manual,Second Owner,13,Toyota,Toyota Corolla,4292.307692307692,1.0
Renault Duster RXL AWD,2014,550000,66569,Diesel,Dealer,Manual,First Owner,6,Renault,Renault Duster,11094.833333333334,1.0
Volkswagen Polo 1.5 TDI Trendline,2014,415000,81358,Diesel,Dealer,Manual,First Owner,6,Volkswagen,Volkswagen Polo,13559.666666666666,2.0
Volkswagen Polo 1.5 TDI Comfortline,2015,450000,82695,Diesel,Dealer,Manual,First Owner,5,Volkswagen,Volkswagen Polo,16539.0,1.0
Ford Figo Diesel EXI,2014,285000,68293,Diesel,Dealer,Manual,Second Owner,6,Ford,Ford Figo,11382.166666666666,8.0
Honda Jazz VX CVT,2016,580000,32000,Petrol,Dealer,Automatic,First Owner,4,Honda,Honda Jazz,8000.0,1.0
Maruti Swift Dzire Tour LDI,2014,300000,190621,Diesel,Dealer,Manual,First Owner,6,Maruti,Maruti Swift,31770.166666666668,1.0
Hyundai Verna CRDi 1.6 SX Option,2018,1200000,60000,Diesel,Individual,Manual,First Owner,2,Hyundai,Hyundai Verna,30000.0,5.0
Maruti 800 Std MPFi,2006,78000,64700,Petrol,Individual,Manual,First Owner,14,Maruti,Maruti 800,4621.428571428572,1.0
Tata Zest Quadrajet 1.3 75PS XE,2016,400000,88470,Diesel,Individual,Manual,First Owner,4,Tata,Tata Zest,22117.5,3.0
Hyundai Verna 1.6 CRDI SX Option,2016,850000,75000,Diesel,Individual,Manual,First Owner,4,Hyundai,Hyundai Verna,18750.0,3.0
Volkswagen Vento Diesel Highline,2013,450000,120000,Diesel,Individual,Manual,Second Owner,7,Volkswagen,Volkswagen Vento,17142.85714285714,6.0
Mercedes-Benz E-Class E250 CDI Blue Efficiency,2012,2500000,35000,Diesel,Individual,Automatic,First Owner,8,Mercedes-Benz,Mercedes-Benz E-Class,4375.0,1.0
Toyota Etios 1.4 VXD,2017,780000,70000,Diesel,Individual,Manual,First Owner,3,Toyota,Toyota Etios,23333.333333333332,2.0
Toyota Fortuner 2.8 2WD AT BSIV,2017,3200000,57000,Diesel,Individual,Automatic,First Owner,3,Toyota,Toyota Fortuner,19000.0,3.0
Maruti Alto 800 VXI,2020,350000,1000,Petrol,Individual,Manual,First Owner,0,Maruti,Maruti Alto,1000.0,13.0
Mahindra Quanto C6,2013,285000,120000,Diesel,Individual,Manual,Second Owner,7,Mahindra,Mahindra Quanto,17142.85714285714,7.0
Volkswagen Vento 1.5 TDI Highline,2015,525000,98000,Diesel,Dealer,Manual,First Owner,5,Volkswagen,Volkswagen Vento,19600.0,5.0
Maruti Ciaz ZDi,2014,550000,90000,Diesel,Dealer,Manual,Second Owner,6,Maruti,Maruti Ciaz,15000.0,1.0
Volkswagen Ameo 1.5 TDI Comfortline,2018,580000,70000,Diesel,Individual,Manual,First Owner,2,Volkswagen,Volkswagen Ameo,35000.0,2.0
Tata Nano CX SE,2013,75000,25000,Petrol,Individual,Manual,Third Owner,7,Tata,Tata Nano,3571.4285714285716,2.0
Tata Manza Aura Quadrajet,2009,185000,60000,Diesel,Individual,Manual,Third Owner,11,Tata,Tata Manza,5454.545454545455,1.0
Maruti Omni E 8 Str STD,2007,110000,90000,Petrol,Individual,Manual,Fourth & Above Owner,13,Maruti,Maruti Omni,6923.076923076923,2.0
Honda City 1.5 EXI,2004,180000,200000,Petrol,Individual,Manual,Second Owner,16,Honda,Honda City,12500.0,3.0
Volkswagen Polo Diesel Comfortline 1.2L,2010,350000,110000,Diesel,Individual,Manual,Second Owner,10,Volkswagen,Volkswagen Polo,11000.0,2.0
Chevrolet Optra 1.6 LS,2005,60000,126000,Petrol,Individual,Manual,Second Owner,15,Chevrolet,Chevrolet Optra,8400.0,1.0
Mahindra TUV 300 T10,2018,695000,70000,Diesel,Individual,Manual,First Owner,2,Mahindra,Mahindra TUV,35000.0,1.0
Mahindra Alturas G4 4X2 AT BSIV,2019,2700000,5000,Diesel,Individual,Automatic,First Owner,1,Mahindra,Mahindra Alturas,5000.0,1.0
Maruti Zen Estilo LX BSIII,2007,135000,74183,Petrol,Individual,Manual,Second Owner,13,Maruti,Maruti Zen,5706.384615384615,1.0
Mahindra Bolero Power Plus Plus AC BSIV PS,2015,640000,70000,Diesel,Individual,Manual,Second Owner,5,Mahindra,Mahindra Bolero,14000.0,8.0
Maruti Alto 800 VXI,2014,160000,90000,Petrol,Individual,Manual,First Owner,6,Maruti,Maruti Alto,15000.0,13.0
Tata Indica LXI,2004,80000,46000,Petrol,Individual,Manual,Second Owner,16,Tata,Tata Indica,2875.0,1.0
Maruti Swift Dzire VDI,2013,340000,110000,Diesel,Individual,Manual,Second Owner,7,Maruti,Maruti Swift,15714.285714285714,54.0
Maruti Ritz VDi,2012,110000,80000,Diesel,Individual,Manual,Second Owner,8,Maruti,Maruti Ritz,10000.0,19.0
Tata Sumo Gold EX,2013,250000,90000,Diesel,Individual,Manual,Second Owner,7,Tata,Tata Sumo,12857.142857142857,2.0
Toyota Innova Crysta 2.4 VX MT BSIV,2017,1300000,70000,Diesel,Individual,Manual,First Owner,3,Toyota,Toyota Innova,23333.333333333332,3.0
Mahindra Quanto C6,2014,250000,1,Diesel,Individual,Manual,Second Owner,6,Mahindra,Mahindra Quanto,0.16666666666666666,7.0
Toyota Innova 2.5 G (Diesel) 8 Seater BS IV,2009,450000,192000,Diesel,Individual,Manual,First Owner,11,Toyota,Toyota Innova,17454.545454545456,6.0
Maruti Wagon R LX Minor,2013,240000,70000,Petrol,Individual,Manual,Fourth & Above Owner,7,Maruti,Maruti Wagon,10000.0,5.0
Mahindra Bolero DI DX 7 Seater,2007,225000,120000,Diesel,Individual,Manual,Second Owner,13,Mahindra,Mahindra Bolero,9230.76923076923,3.0
Maruti Wagon R VXI Optional,2015,275000,60000,Petrol,Individual,Manual,Second Owner,5,Maruti,Maruti Wagon,12000.0,5.0
Tata Sumo Victa CX 7/9 Str BSII,2012,320000,120000,Diesel,Individual,Manual,Second Owner,8,Tata,Tata Sumo,15000.0,1.0
Maruti Alto LX BSIII,2008,75000,120000,Petrol,Individual,Manual,First Owner,12,Maruti,Maruti Alto,10000.0,8.0
Tata Indica GLS BS IV,2007,85000,50000,Petrol,Individual,Manual,Second Owner,13,Tata,Tata Indica,3846.153846153846,14.0
Tata Indica Vista Aqua TDI BSIII,2009,90000,120000,Diesel,Individual,Manual,First Owner,11,Tata,Tata Indica,10909.09090909091,4.0
Maruti Wagon R LXI Minor,2007,85000,80000,Petrol,Individual,Manual,Second Owner,13,Maruti,Maruti Wagon,6153.846153846154,21.0
Mahindra Scorpio M2DI,2008,350000,80000,Diesel,Individual,Manual,Second Owner,12,Mahindra,Mahindra Scorpio,6666.666666666667,7.0
Skoda Superb Elegance 2.0 TDI CR AT,2009,355000,100000,Diesel,Individual,Automatic,Second Owner,11,Skoda,Skoda Superb,9090.90909090909,4.0
Maruti Swift VXI,2020,619000,1500,Petrol,Individual,Manual,First Owner,0,Maruti,Maruti Swift,1500.0,10.0
Jeep Compass 2.0 Longitude Option BSIV,2018,1700000,50000,Diesel,Individual,Manual,First Owner,2,Jeep,Jeep Compass,25000.0,2.0
Tata Indica DL,2006,55000,100000,Diesel,Individual,Manual,Second Owner,14,Tata,Tata Indica,7142.857142857143,1.0
Ford Fiesta 1.6 ZXi Leather,2006,95000,83411,Petrol,Individual,Manual,First Owner,14,Ford,Ford Fiesta,5957.928571428572,2.0
Volkswagen Vento Diesel Highline,2011,300000,120000,Diesel,Individual,Manual,Second Owner,9,Volkswagen,Volkswagen Vento,13333.333333333334,6.0
Ford Fiesta 1.6 ZXi Leather,2006,81000,83411,Petrol,Individual,Manual,First Owner,14,Ford,Ford Fiesta,5957.928571428572,2.0
Skoda Superb Elegance 2.0 TDI CR AT,2015,1000000,80000,Diesel,Individual,Automatic,Second Owner,5,Skoda,Skoda Superb,16000.0,4.0
Maruti Ertiga VDI,2019,925000,50000,Diesel,Individual,Manual,First Owner,1,Maruti,Maruti Ertiga,50000.0,11.0
Mahindra Bolero Power Plus Plus AC BSIV PS,2015,450000,40000,Diesel,Individual,Manual,First Owner,5,Mahindra,Mahindra Bolero,8000.0,8.0
Mahindra Scorpio EX,2014,600000,13270,Diesel,Individual,Manual,First Owner,6,Mahindra,Mahindra Scorpio,2211.6666666666665,3.0
Hyundai Santro Xing XL AT eRLX Euro III,2006,85000,100000,Petrol,Individual,Automatic,Third Owner,14,Hyundai,Hyundai Santro,7142.857142857143,1.0
Mahindra Thar DI 4X4 PS,2016,700000,50000,Diesel,Individual,Manual,First Owner,4,Mahindra,Mahindra Thar,12500.0,1.0
Hyundai Grand i10 1.2 Kappa Magna BSIV,2017,486000,26500,Petrol,Individual,Manual,First Owner,3,Hyundai,Hyundai Grand,8833.333333333334,4.0
Maruti Swift VDI,2013,400000,90000,Diesel,Individual,Manual,First Owner,7,Maruti,Maruti Swift,12857.142857142857,23.0
Ford Fiesta 1.4 Duratec ZXI,2008,120000,100000,Petrol,Individual,Manual,Third Owner,12,Ford,Ford Fiesta,8333.333333333334,1.0
Maruti Alto 800 LXI,2018,275000,35000,Petrol,Individual,Manual,First Owner,2,Maruti,Maruti Alto,17500.0,48.0
Hyundai i20 Asta Option 1.4 CRDi,2016,580000,57000,Diesel,Individual,Manual,First Owner,4,Hyundai,Hyundai i20,14250.0,6.0
Maruti Swift Dzire LXI,2015,375000,70000,Petrol,Individual,Manual,First Owner,5,Maruti,Maruti Swift,14000.0,1.0
Maruti Wagon R VXI BS IV with ABS,2015,229999,100000,Petrol,Individual,Manual,Third Owner,5,Maruti,Maruti Wagon,20000.0,2.0
Maruti Alto LX,2010,110000,88000,Petrol,Individual,Manual,Second Owner,10,Maruti,Maruti Alto,8800.0,30.0
Maruti Swift Dzire VDI,2017,600000,60000,Diesel,Individual,Manual,First Owner,3,Maruti,Maruti Swift,20000.0,54.0
Maruti A-Star Vxi,2009,120000,76000,Petrol,Individual,Manual,Second Owner,11,Maruti,Maruti A-Star,6909.090909090909,7.0
Ford Figo Diesel Titanium,2010,200000,100000,Diesel,Individual,Manual,Second Owner,10,Ford,Ford Figo,10000.0,14.0
Hyundai Verna 1.6 SX CRDi (O),2012,450000,110000,Diesel,Individual,Manual,Second Owner,8,Hyundai,Hyundai Verna,13750.0,14.0
Hyundai Verna 1.6 SX CRDi (O),2012,550000,80000,Diesel,Individual,Manual,Second Owner,8,Hyundai,Hyundai Verna,10000.0,14.0
Maruti Alto LX,2012,220000,80000,Petrol,Individual,Manual,Second Owner,8,Maruti,Maruti Alto,10000.0,30.0
Maruti 800 EX,2001,40000,30000,Petrol,Individual,Manual,First Owner,19,Maruti,Maruti 800,1578.9473684210527,2.0
Renault KWID Climber 1.0 AMT,2017,300000,20000,Petrol,Individual,Automatic,First Owner,3,Renault,Renault KWID,6666.666666666667,1.0
Mahindra Bolero Power Plus SLE,2018,630000,40000,Diesel,Individual,Manual,First Owner,2,Mahindra,Mahindra Bolero,20000.0,1.0
Maruti Swift Dzire VDI,2017,610000,40000,Diesel,Individual,Manual,Second Owner,3,Maruti,Maruti Swift,13333.333333333334,54.0
Hyundai Xcent 1.2 VTVT S,2019,660000,7000,Petrol,Individual,Manual,Second Owner,1,Hyundai,Hyundai Xcent,7000.0,3.0
Maruti Wagon R LXI LPG BSIV,2012,220000,80000,LPG,Individual,Manual,Second Owner,8,Maruti,Maruti Wagon,10000.0,1.0
Nissan Micra Diesel XV Premium,2011,138000,90000,Diesel,Individual,Manual,Second Owner,9,Nissan,Nissan Micra,10000.0,3.0
Nissan Micra Diesel XV Premium,2013,210000,13770,Diesel,Individual,Manual,First Owner,7,Nissan,Nissan Micra,1967.142857142857,3.0
Maruti Zen LXi - BS III,2005,125000,34000,Petrol,Dealer,Manual,First Owner,15,Maruti,Maruti Zen,2266.6666666666665,1.0
Maruti Alto LXi BSIII,2008,125000,102000,Petrol,Dealer,Manual,First Owner,12,Maruti,Maruti Alto,8500.0,14.0
Honda City i DTEC SV,2014,725000,110000,Diesel,Individual,Manual,First Owner,6,Honda,Honda City,18333.333333333332,3.0
Maruti Alto K10 2010-2014 VXI,2011,170000,90000,Petrol,Individual,Manual,Second Owner,9,Maruti,Maruti Alto,10000.0,9.0
Toyota Innova 2.5 VX (Diesel) 7 Seater,2015,1200000,70000,Diesel,Individual,Manual,Third Owner,5,Toyota,Toyota Innova,14000.0,4.0
Maruti Wagon R VXI BSIII,2003,70000,90000,Petrol,Individual,Manual,Second Owner,17,Maruti,Maruti Wagon,5294.117647058823,5.0
Maruti Alto LXi,2007,100000,70000,Petrol,Individual,Manual,Second Owner,13,Maruti,Maruti Alto,5384.615384615385,42.0
Honda Civic 1.8 (E) MT,2006,300000,80000,Petrol,Individual,Manual,Second Owner,14,Honda,Honda Civic,5714.285714285715,1.0
Maruti Swift VDI,2013,450000,100000,Diesel,Individual,Manual,Second Owner,7,Maruti,Maruti Swift,14285.714285714286,23.0
Maruti Swift Dzire VDI,2015,530000,100000,Diesel,Individual,Manual,First Owner,5,Maruti,Maruti Swift,20000.0,54.0
Maruti Zen Estilo 1.1 LXI BSIII,2007,100000,143000,Petrol,Individual,Manual,Third Owner,13,Maruti,Maruti Zen,11000.0,4.0
Honda City 1.5 V MT,2010,350000,115000,Petrol,Individual,Manual,Second Owner,10,Honda,Honda City,11500.0,6.0
Tata Manza ELAN Quadrajet BS IV,2011,165000,100000,Diesel,Individual,Manual,Second Owner,9,Tata,Tata Manza,11111.111111111111,2.0
Maruti Swift Dzire ZDI,2019,475000,120000,Diesel,Individual,Manual,Second Owner,1,Maruti,Maruti Swift,120000.0,11.0
Mahindra Xylo E4 ABS BS IV,2013,350000,42000,Diesel,Individual,Manual,First Owner,7,Mahindra,Mahindra Xylo,6000.0,1.0
Renault KWID RXL,2016,229999,38000,Petrol,Individual,Manual,First Owner,4,Renault,Renault KWID,9500.0,6.0
Honda WR-V i-DTEC VX,2018,800000,35000,Diesel,Individual,Manual,First Owner,2,Honda,Honda WR-V,17500.0,5.0
Maruti Swift Dzire ZDI,2014,475000,120000,Diesel,Individual,Manual,Second Owner,6,Maruti,Maruti Swift,20000.0,11.0
Nissan Terrano XL 110 PS,2014,425000,136906,Diesel,Individual,Manual,First Owner,6,Nissan,Nissan Terrano,22817.666666666668,3.0
Maruti Ciaz VDi Plus,2015,660000,97000,Diesel,Individual,Manual,Second Owner,5,Maruti,Maruti Ciaz,19400.0,2.0
Honda Amaze S CVT Petrol,2019,610000,10000,Petrol,Individual,Automatic,First Owner,1,Honda,Honda Amaze,10000.0,1.0
Honda Brio S MT,2013,240000,50000,Petrol,Individual,Manual,Third Owner,7,Honda,Honda Brio,7142.857142857143,6.0
Maruti Esteem Lxi,2005,70000,60000,Petrol,Individual,Manual,Second Owner,15,Maruti,Maruti Esteem,4000.0,3.0
Toyota Corolla Altis Diesel D4DGL,2011,550000,120000,Diesel,Individual,Manual,First Owner,9,Toyota,Toyota Corolla,13333.333333333334,1.0
Tata Indica Vista Aura 1.2 Safire,2010,100000,120000,Petrol,Individual,Manual,Second Owner,10,Tata,Tata Indica,12000.0,2.0
Mahindra Bolero SLE,2010,350000,90000,Diesel,Individual,Manual,Second Owner,10,Mahindra,Mahindra Bolero,9000.0,2.0
Hyundai EON Era Plus,2013,200000,120000,Petrol,Individual,Manual,First Owner,7,Hyundai,Hyundai EON,17142.85714285714,28.0
Hyundai Elite i20 Asta Option CVT BSIV,2019,720000,3000,Petrol,Individual,Automatic,First Owner,1,Hyundai,Hyundai Elite,3000.0,2.0
Maruti Ritz VDi,2014,350000,133000,Diesel,Individual,Manual,First Owner,6,Maruti,Maruti Ritz,22166.666666666668,19.0
Maruti Wagon R VXI BS IV,2016,400000,25000,Petrol,Individual,Manual,First Owner,4,Maruti,Maruti Wagon,6250.0,26.0
Hyundai i20 Active 1.2 S,2017,570000,35000,Petrol,Individual,Manual,First Owner,3,Hyundai,Hyundai i20,11666.666666666666,4.0
Maruti Omni MPI STD BSIV,2015,130000,70000,Petrol,Individual,Manual,First Owner,5,Maruti,Maruti Omni,14000.0,6.0
Maruti Alto 800 LXI,2016,210000,52000,Petrol,Individual,Manual,First Owner,4,Maruti,Maruti Alto,13000.0,48.0
Hyundai Creta 1.4 E Plus,2018,800000,52000,Diesel,Individual,Manual,First Owner,2,Hyundai,Hyundai Creta,26000.0,1.0
Honda Jazz 1.5 E i DTEC,2017,700000,39000,Diesel,Individual,Manual,First Owner,3,Honda,Honda Jazz,13000.0,1.0
Tata Indica Vista Quadrajet VX,2011,200000,28689,Diesel,Individual,Manual,First Owner,9,Tata,Tata Indica,3187.6666666666665,5.0
Tata Aria Pure LX 4x2,2014,495000,90000,Diesel,Individual,Manual,Second Owner,6,Tata,Tata Aria,15000.0,1.0
Ford Fiesta Classic 1.4 Duratorq CLXI,2014,325000,80322,Diesel,Dealer,Manual,First Owner,6,Ford,Ford Fiesta,13387.0,3.0
Ford Freestyle Trend Petrol BSIV,2019,650000,8000,Petrol,Individual,Manual,First Owner,1,Ford,Ford Freestyle,8000.0,1.0
Mahindra Jeep MM 775 XDB,2000,155000,50000,Diesel,Individual,Manual,Second Owner,20,Mahindra,Mahindra Jeep,2500.0,1.0
Maruti 800 AC BSIII,2007,75000,90000,Petrol,Individual,Manual,Second Owner,13,Maruti,Maruti 800,6923.076923076923,6.0
Hyundai Grand i10 1.2 CRDi Magna,2015,350000,61658,Diesel,Dealer,Manual,First Owner,5,Hyundai,Hyundai Grand,12331.6,2.0
Maruti Zen Estilo LX BSIV,2010,90000,50000,Petrol,Individual,Manual,Third Owner,10,Maruti,Maruti Zen,5000.0,1.0
Maruti Ertiga SHVS VDI,2016,600000,80000,Diesel,Individual,Manual,First Owner,4,Maruti,Maruti Ertiga,20000.0,8.0
Mahindra Scorpio SLE BSIII,2010,400000,185000,Diesel,Individual,Manual,First Owner,10,Mahindra,Mahindra Scorpio,18500.0,2.0
Maruti Swift VDI BSIV,2014,370000,57000,Diesel,Individual,Manual,Second Owner,6,Maruti,Maruti Swift,9500.0,28.0
Maruti 800 DX,2000,50000,60000,Petrol,Individual,Manual,First Owner,20,Maruti,Maruti 800,3000.0,2.0
Honda City 1.5 GXI,2004,125000,120000,Petrol,Individual,Manual,Second Owner,16,Honda,Honda City,7500.0,3.0
Honda CR-V Diesel 4WD,2018,1800000,26000,Diesel,Individual,Automatic,First Owner,2,Honda,Honda CR-V,13000.0,1.0
Hyundai Grand i10 1.2 Kappa Magna AT,2019,650000,20000,Petrol,Individual,Automatic,First Owner,1,Hyundai,Hyundai Grand,20000.0,3.0
Maruti Ertiga BSIV VXI AT,2017,800000,30600,Petrol,Individual,Automatic,First Owner,3,Maruti,Maruti Ertiga,10200.0,1.0
Volkswagen Polo 1.0 TSI Highline Plus,2020,802000,5000,Petrol,Individual,Manual,First Owner,0,Volkswagen,Volkswagen Polo,5000.0,1.0
Audi A4 35 TDI Premium,2015,2300000,35000,Diesel,Individual,Automatic,Third Owner,5,Audi,Audi A4,7000.0,1.0
Hyundai Xcent 1.1 CRDi SX,2016,430000,35000,Diesel,Individual,Manual,First Owner,4,Hyundai,Hyundai Xcent,8750.0,1.0
Hyundai Verna 1.6 SX VTVT,2017,650000,23000,Petrol,Individual,Manual,First Owner,3,Hyundai,Hyundai Verna,7666.666666666667,3.0
Mahindra Scorpio 2.6 SLX Turbo 7 Seater,2004,170000,120000,Diesel,Individual,Manual,First Owner,16,Mahindra,Mahindra Scorpio,7500.0,2.0
Skoda Superb Elegance 2.0 TDI CR AT,2011,450000,235000,Diesel,Individual,Automatic,First Owner,9,Skoda,Skoda Superb,26111.11111111111,4.0
Maruti Alto 800 LXI,2013,250000,87000,Petrol,Individual,Manual,First Owner,7,Maruti,Maruti Alto,12428.57142857143,48.0
Ford Ecosport 1.0 Ecoboost Titanium,2014,550000,72000,Petrol,Individual,Manual,Second Owner,6,Ford,Ford Ecosport,12000.0,1.0
Jaguar XF 3.0 Litre S Premium Luxury,2013,2000000,64000,Diesel,Individual,Automatic,Second Owner,7,Jaguar,Jaguar XF,9142.857142857143,2.0
Maruti Zen Estilo VXI BSIII,2007,140000,100000,Petrol,Individual,Manual,Second Owner,13,Maruti,Maruti Zen,7692.307692307692,3.0
Chevrolet Beat LT,2012,155000,12000,Petrol,Individual,Manual,First Owner,8,Chevrolet,Chevrolet Beat,1500.0,11.0
Hyundai Accent Executive,2010,120000,67000,Petrol,Individual,Manual,Third Owner,10,Hyundai,Hyundai Accent,6700.0,4.0
Toyota Innova 2.5 E 8 STR,2012,287000,70000,Diesel,Individual,Manual,First Owner,8,Toyota,Toyota Innova,8750.0,1.0
Maruti Baleno Alpha 1.3,2016,675000,60000,Diesel,Individual,Manual,First Owner,4,Maruti,Maruti Baleno,15000.0,8.0
Hyundai i10 Magna 1.2 iTech SE,2011,235000,74500,Petrol,Individual,Manual,Second Owner,9,Hyundai,Hyundai i10,8277.777777777777,4.0
Hyundai i20 1.4 CRDi Asta,2011,300000,118700,Diesel,Individual,Manual,Second Owner,9,Hyundai,Hyundai i20,13188.888888888889,2.0
Nissan Micra XL CVT,2015,434999,40000,Petrol,Individual,Automatic,Second Owner,5,Nissan,Nissan Micra,8000.0,1.0
Mahindra Scorpio VLX AT 2WD BSIII,2004,225000,223660,Diesel,Individual,Automatic,Third Owner,16,Mahindra,Mahindra Scorpio,13978.75,1.0
Toyota Corolla AE,2006,160000,140000,Petrol,Individual,Manual,Second Owner,14,Toyota,Toyota Corolla,10000.0,1.0
Hyundai Grand i10 Nios Sportz,2020,600000,5000,Petrol,Individual,Manual,First Owner,0,Hyundai,Hyundai Grand,5000.0,1.0
Chevrolet Tavera Neo 3 LT 9 Seats BSIII,2016,470000,100000,Diesel,Individual,Manual,Second Owner,4,Chevrolet,Chevrolet Tavera,25000.0,1.0
Maruti Swift Dzire VXi,2011,300000,100000,Petrol,Individual,Manual,Second Owner,9,Maruti,Maruti Swift,11111.111111111111,6.0
Maruti Baleno Delta 1.2,2018,600000,2000,Petrol,Individual,Manual,First Owner,2,Maruti,Maruti Baleno,1000.0,6.0
Hyundai Grand i10 Nios AMT Magna,2020,640000,4000,Petrol,Individual,Automatic,First Owner,0,Hyundai,Hyundai Grand,4000.0,1.0
Tata Indica DLS,2006,50000,120000,Diesel,Individual,Manual,Fourth & Above Owner,14,Tata,Tata Indica,8571.42857142857,6.0
Hyundai Verna 1.6 VTVT S,2015,600000,35000,Petrol,Individual,Manual,First Owner,5,Hyundai,Hyundai Verna,7000.0,3.0
Hyundai i10 Magna LPG,2014,290000,29000,LPG,Individual,Manual,First Owner,6,Hyundai,Hyundai i10,4833.333333333333,3.0
Hyundai Verna 1.6 VTVT S,2015,600000,30000,Petrol,Individual,Manual,First Owner,5,Hyundai,Hyundai Verna,6000.0,3.0
Tata Manza Aqua Quadrajet BS IV,2012,190000,120000,Diesel,Individual,Manual,First Owner,8,Tata,Tata Manza,15000.0,2.0
Hyundai i10 Era 1.1,2008,160000,110000,Petrol,Individual,Manual,Third Owner,12,Hyundai,Hyundai i10,9166.666666666666,4.0
Maruti Alto K10 VXI,2017,325000,15000,Petrol,Individual,Manual,First Owner,3,Maruti,Maruti Alto,5000.0,20.0
Mahindra Bolero DI,2006,200000,73756,Diesel,Individual,Manual,First Owner,14,Mahindra,Mahindra Bolero,5268.285714285715,7.0
Toyota Fortuner 2.8 2WD AT BSIV,2018,2800000,40000,Diesel,Individual,Automatic,First Owner,2,Toyota,Toyota Fortuner,20000.0,3.0
Chevrolet Spark 1.0 LS,2011,125000,60000,Petrol,Individual,Manual,Third Owner,9,Chevrolet,Chevrolet Spark,6666.666666666667,12.0
Hyundai i10 Magna 1.1,2008,155000,60000,Petrol,Individual,Manual,Fourth & Above Owner,12,Hyundai,Hyundai i10,5000.0,4.0
Hyundai i20 Asta 1.4 CRDi,2015,550000,90000,Diesel,Individual,Manual,First Owner,5,Hyundai,Hyundai i20,18000.0,10.0
Maruti Wagon R LX BSIII,2009,130000,70000,Petrol,Individual,Manual,Fourth & Above Owner,11,Maruti,Maruti Wagon,6363.636363636364,2.0
Maruti 800 AC,2002,80000,70000,Petrol,Individual,Manual,Second Owner,18,Maruti,Maruti 800,3888.8888888888887,20.0
Toyota Etios Cross 1.4L GD,2015,500000,80000,Diesel,Individual,Manual,Second Owner,5,Toyota,Toyota Etios,16000.0,2.0
Renault KWID RXT BSIV,2019,250000,27000,Petrol,Individual,Manual,First Owner,1,Renault,Renault KWID,27000.0,1.0
Mahindra XUV500 W8 2WD,2012,580000,70000,Diesel,Individual,Manual,First Owner,8,Mahindra,Mahindra XUV500,8750.0,16.0
Daewoo Matiz SD,2002,60000,50000,Petrol,Individual,Manual,First Owner,18,Daewoo,Daewoo Matiz,2777.777777777778,1.0
Toyota Etios GD,2012,300000,185000,Diesel,Individual,Manual,First Owner,8,Toyota,Toyota Etios,23125.0,7.0
Ford Figo Diesel Titanium,2014,200000,90000,Diesel,Individual,Manual,Second Owner,6,Ford,Ford Figo,15000.0,14.0
Tata Hexa XT,2017,1200000,16400,Diesel,Individual,Manual,First Owner,3,Tata,Tata Hexa,5466.666666666667,2.0
Toyota Etios Cross 1.4L GD,2015,350000,80000,Diesel,Individual,Manual,Second Owner,5,Toyota,Toyota Etios,16000.0,2.0
Mahindra XUV500 W8 4WD,2012,600000,80000,Diesel,Individual,Manual,Second Owner,8,Mahindra,Mahindra XUV500,10000.0,9.0
Honda Jazz V,2019,650000,4000,Petrol,Individual,Manual,First Owner,1,Honda,Honda Jazz,4000.0,1.0
Maruti A-Star Lxi,2008,120000,40000,Petrol,Individual,Manual,First Owner,12,Maruti,Maruti A-Star,3333.3333333333335,2.0
Tata New Safari DICOR 2.2 EX 4x2,2010,180000,120000,Diesel,Individual,Manual,Second Owner,10,Tata,Tata New,12000.0,12.0
Hyundai Verna VTVT 1.6 AT SX Option,2018,950000,41395,Petrol,Individual,Automatic,First Owner,2,Hyundai,Hyundai Verna,20697.5,2.0
Tata Manza Aura Quadrajet BS IV,2012,250999,35000,Diesel,Individual,Manual,Second Owner,8,Tata,Tata Manza,4375.0,2.0
Audi A8 L 3.0 TDI quattro,2009,1250000,47000,Diesel,Dealer,Automatic,Second Owner,11,Audi,Audi A8,4272.727272727273,1.0
Chevrolet Beat LT,2013,165000,50000,Petrol,Individual,Manual,First Owner,7,Chevrolet,Chevrolet Beat,7142.857142857143,11.0
Hyundai Elantra SX,2015,700000,48000,Petrol,Dealer,Manual,First Owner,5,Hyundai,Hyundai Elantra,9600.0,1.0
Mahindra XUV500 W8 4WD,2015,750000,53000,Diesel,Dealer,Manual,First Owner,5,Mahindra,Mahindra XUV500,10600.0,9.0
Datsun redi-GO AMT 1.0 T Option,2018,290000,15000,Petrol,Dealer,Automatic,First Owner,2,Datsun,Datsun redi-GO,7500.0,1.0
Tata Nano Cx BSIII,2014,45000,7000,Petrol,Individual,Manual,Second Owner,6,Tata,Tata Nano,1166.6666666666667,2.0
Skoda Superb Ambition 2.0 TDI CR AT,2013,675000,88000,Diesel,Dealer,Automatic,First Owner,7,Skoda,Skoda Superb,12571.42857142857,2.0
Nissan Terrano XL Plus 85 PS,2015,530000,55000,Diesel,Dealer,Manual,First Owner,5,Nissan,Nissan Terrano,11000.0,4.0
BMW X1 sDrive20d M Sport,2014,1485000,48000,Diesel,Dealer,Automatic,First Owner,6,BMW,BMW X1,8000.0,1.0
Chevrolet Enjoy TCDi LT 7 Seater,2014,325000,71014,Diesel,Dealer,Manual,First Owner,6,Chevrolet,Chevrolet Enjoy,11835.666666666666,2.0
Honda Amaze S Diesel,2015,400000,60000,Diesel,Dealer,Manual,First Owner,5,Honda,Honda Amaze,12000.0,1.0
Mahindra KUV 100 D75 K6 Plus,2017,380000,71000,Diesel,Dealer,Manual,First Owner,3,Mahindra,Mahindra KUV,23666.666666666668,1.0
Honda City i-VTEC CVT VX,2016,750000,45000,Petrol,Dealer,Automatic,First Owner,4,Honda,Honda City,11250.0,1.0
Honda Brio VX,2017,390000,45000,Petrol,Dealer,Manual,First Owner,3,Honda,Honda Brio,15000.0,2.0
MG Hector Sharp Diesel MT BSIV,2019,1825000,14000,Diesel,Dealer,Manual,First Owner,1,MG,MG Hector,14000.0,1.0
Audi A4 35 TDI Premium Plus,2019,3256000,17000,Diesel,Dealer,Automatic,First Owner,1,Audi,Audi A4,17000.0,1.0
Renault Scala Diesel RxL,2015,370000,60000,Diesel,Dealer,Manual,First Owner,5,Renault,Renault Scala,12000.0,3.0
Chevrolet Beat Diesel LT,2013,210000,80000,Diesel,Individual,Manual,Second Owner,7,Chevrolet,Chevrolet Beat,11428.57142857143,14.0
Skoda Laura Ambiente 1.9 PD,2007,175000,181000,Diesel,Individual,Manual,Fourth & Above Owner,13,Skoda,Skoda Laura,13923.076923076924,1.0
Hyundai Verna 1.6 SX CRDi (O),2012,575000,89550,Diesel,Individual,Manual,Second Owner,8,Hyundai,Hyundai Verna,11193.75,14.0
Mahindra Xylo D4,2010,320000,90000,Diesel,Individual,Manual,Third Owner,10,Mahindra,Mahindra Xylo,9000.0,7.0
Maruti Swift Ldi BSIV,2010,280000,149500,Diesel,Individual,Manual,Third Owner,10,Maruti,Maruti Swift,14950.0,3.0
Renault Duster 85PS Diesel RxL Optional,2013,500000,190000,Diesel,Individual,Manual,Second Owner,7,Renault,Renault Duster,27142.85714285714,7.0
Ford Fiesta Diesel Style,2013,380000,83000,Diesel,Dealer,Manual,First Owner,7,Ford,Ford Fiesta,11857.142857142857,1.0
Maruti 800 AC BSIII,2005,120000,20000,Petrol,Individual,Manual,Second Owner,15,Maruti,Maruti 800,1333.3333333333333,6.0
Maruti Eeco 5 Seater AC BSIV,2018,395000,20000,Petrol,Individual,Manual,First Owner,2,Maruti,Maruti Eeco,10000.0,6.0
Skoda Laura 1.9 TDI MT Ambiente,2010,360000,160000,Diesel,Individual,Manual,First Owner,10,Skoda,Skoda Laura,16000.0,2.0
Nissan Terrano XL Plus 85 PS,2015,451000,100000,Diesel,Individual,Manual,First Owner,5,Nissan,Nissan Terrano,20000.0,4.0
Chevrolet Spark 1.0 LS,2010,175000,45000,Petrol,Individual,Manual,Second Owner,10,Chevrolet,Chevrolet Spark,4500.0,12.0
Chevrolet Spark 1.0 LS,2009,170000,44800,Petrol,Individual,Manual,Second Owner,11,Chevrolet,Chevrolet Spark,4072.7272727272725,12.0
Hyundai Santro Xing XL eRLX Euro III,2006,100000,40000,Petrol,Individual,Manual,Second Owner,14,Hyundai,Hyundai Santro,2857.1428571428573,5.0
Maruti Omni MPI STD BSIV,2014,150000,120000,Petrol,Individual,Manual,Third Owner,6,Maruti,Maruti Omni,20000.0,6.0
Tata Indica Vista Quadrajet LX,2011,149000,10000,Diesel,Individual,Manual,Second Owner,9,Tata,Tata Indica,1111.111111111111,6.0
Tata Indica Vista Aqua 1.3 Quadrajet,2011,160000,80000,Diesel,Individual,Manual,Second Owner,9,Tata,Tata Indica,8888.888888888889,3.0
Mahindra XUV500 W8 4WD,2014,800000,156000,Diesel,Individual,Manual,First Owner,6,Mahindra,Mahindra XUV500,26000.0,9.0
Toyota Innova 2.5 VX (Diesel) 7 Seater BS IV,2010,819999,120000,Diesel,Individual,Manual,Second Owner,10,Toyota,Toyota Innova,12000.0,1.0
Maruti Baleno Vxi,2007,163000,100000,Petrol,Individual,Manual,Second Owner,13,Maruti,Maruti Baleno,7692.307692307692,2.0
Mercedes-Benz E-Class 220 CDI,2001,350000,100000,Diesel,Individual,Manual,Second Owner,19,Mercedes-Benz,Mercedes-Benz E-Class,5263.1578947368425,1.0
Tata Indica GLS BS IV,2006,75000,100000,Petrol,Individual,Manual,Second Owner,14,Tata,Tata Indica,7142.857142857143,14.0
Maruti Alto LXi,2012,180000,60000,Petrol,Individual,Manual,Second Owner,8,Maruti,Maruti Alto,7500.0,42.0
Ford Figo Aspire 1.5 TDCi Trend,2017,675000,30000,Diesel,Individual,Manual,First Owner,3,Ford,Ford Figo,10000.0,2.0
Maruti Swift VDI,2013,400000,170000,Diesel,Individual,Manual,First Owner,7,Maruti,Maruti Swift,24285.714285714286,23.0
Volkswagen Polo Diesel Highline 1.2L,2013,434999,100000,Diesel,Individual,Manual,Second Owner,7,Volkswagen,Volkswagen Polo,14285.714285714286,6.0
Tata Indigo GLX,2006,100000,110000,Petrol,Individual,Manual,Second Owner,14,Tata,Tata Indigo,7857.142857142857,3.0
Maruti Swift Dzire LDI Optional,2015,419000,170000,Diesel,Individual,Manual,Second Owner,5,Maruti,Maruti Swift,34000.0,1.0
Tata Indica GLS BS IV,2009,200000,100000,Petrol,Individual,Manual,First Owner,11,Tata,Tata Indica,9090.90909090909,14.0
Renault Scala Diesel RxL,2014,400000,35000,Diesel,Individual,Manual,First Owner,6,Renault,Renault Scala,5833.333333333333,3.0
Ford EcoSport 1.5 Diesel Ambiente BSIV,2018,790000,40000,Diesel,Individual,Manual,Second Owner,2,Ford,Ford EcoSport,20000.0,1.0
Renault Duster 85PS Diesel RxL Plus,2015,500000,90000,Diesel,Individual,Manual,Second Owner,5,Renault,Renault Duster,18000.0,3.0
Skoda Rapid 1.6 TDI Elegance,2012,275000,120000,Diesel,Individual,Manual,Second Owner,8,Skoda,Skoda Rapid,15000.0,1.0
Hyundai i20 1.4 CRDi Sportz,2012,450000,120000,Diesel,Individual,Manual,Second Owner,8,Hyundai,Hyundai i20,15000.0,2.0
Maruti Wagon R VXI,2016,360000,33000,Petrol,Dealer,Manual,First Owner,4,Maruti,Maruti Wagon,8250.0,7.0
Maruti Alto LXi BSIII,2010,210000,25000,Petrol,Individual,Manual,First Owner,10,Maruti,Maruti Alto,2500.0,14.0
Maruti Alto K10 LXI,2014,220000,66000,Petrol,Dealer,Manual,First Owner,6,Maruti,Maruti Alto,11000.0,8.0
Chevrolet Aveo 1.4 LT BSIV,2009,250000,48000,Petrol,Individual,Manual,First Owner,11,Chevrolet,Chevrolet Aveo,4363.636363636364,1.0
Toyota Innova 2.5 G (Diesel) 8 Seater,2016,990000,146000,Diesel,Dealer,Manual,First Owner,4,Toyota,Toyota Innova,36500.0,6.0
Mahindra Quanto C4,2013,220000,100000,Diesel,Individual,Manual,Fourth & Above Owner,7,Mahindra,Mahindra Quanto,14285.714285714286,3.0
Jaguar XF 3.0 Litre S Premium Luxury,2012,1800000,50000,Diesel,Individual,Automatic,Second Owner,8,Jaguar,Jaguar XF,6250.0,2.0
Honda City i VTEC V,2014,530000,50000,Petrol,Individual,Manual,First Owner,6,Honda,Honda City,8333.333333333334,6.0
Maruti Baleno Alpha 1.3,2016,575000,50000,Diesel,Individual,Manual,First Owner,4,Maruti,Maruti Baleno,12500.0,8.0
Mahindra Xylo E4,2012,400000,99000,Diesel,Dealer,Manual,First Owner,8,Mahindra,Mahindra Xylo,12375.0,4.0
Honda Mobilio S i DTEC,2016,680000,50000,Diesel,Individual,Manual,First Owner,4,Honda,Honda Mobilio,12500.0,3.0
Hyundai Santa Fe 4WD AT,2014,1000000,80000,Diesel,Individual,Automatic,First Owner,6,Hyundai,Hyundai Santa,13333.333333333334,1.0
Maruti Alto 800 LXI,2016,260000,45000,Petrol,Individual,Manual,Second Owner,4,Maruti,Maruti Alto,11250.0,48.0
Tata Manza Aura (ABS) Safire BS IV,2010,150000,50000,Petrol,Individual,Manual,Second Owner,10,Tata,Tata Manza,5000.0,2.0
Maruti Alto LXi BSIII,2008,180000,70000,Petrol,Individual,Manual,Third Owner,12,Maruti,Maruti Alto,5833.333333333333,14.0
Force One EX,2014,346000,37516,Diesel,Individual,Manual,First Owner,6,Force,Force One,6252.666666666667,1.0
Mahindra Xylo D2 BS IV,2015,450000,20000,Diesel,Individual,Manual,First Owner,5,Mahindra,Mahindra Xylo,4000.0,3.0
Hyundai Grand i10 1.2 Kappa Sportz BSIV,2019,500000,5000,Petrol,Individual,Manual,First Owner,1,Hyundai,Hyundai Grand,5000.0,5.0
Hyundai Grand i10 1.2 CRDi Asta,2019,700000,8000,Diesel,Individual,Manual,First Owner,1,Hyundai,Hyundai Grand,8000.0,3.0
Maruti Alto 800 LXI,2019,280000,25880,Petrol,Individual,Manual,First Owner,1,Maruti,Maruti Alto,25880.0,48.0
Hyundai Santro Magna AMT BSIV,2019,475000,10000,Petrol,Individual,Automatic,First Owner,1,Hyundai,Hyundai Santro,10000.0,2.0
Maruti Swift Dzire VDi,2009,300000,50000,Diesel,Individual,Manual,First Owner,11,Maruti,Maruti Swift,4545.454545454545,10.0
Maruti Alto K10 LXI,2014,200999,40000,Petrol,Individual,Manual,First Owner,6,Maruti,Maruti Alto,6666.666666666667,8.0
Skoda Laura 1.9 TDI MT Ambiente,2009,200000,100000,Diesel,Individual,Manual,Third Owner,11,Skoda,Skoda Laura,9090.90909090909,2.0
Chevrolet Aveo U-VA 1.2 LS,2009,210000,80000,Petrol,Individual,Manual,Second Owner,11,Chevrolet,Chevrolet Aveo,7272.727272727273,4.0
Tata Indigo LS BSII,2012,160000,110000,Diesel,Individual,Manual,First Owner,8,Tata,Tata Indigo,13750.0,1.0
Hyundai Verna CRDi SX ABS,2009,175000,136000,Diesel,Individual,Manual,Second Owner,11,Hyundai,Hyundai Verna,12363.636363636364,2.0
Tata New Safari DICOR 2.2 GX 4x2 BS IV,2012,320000,80000,Diesel,Individual,Manual,First Owner,8,Tata,Tata New,10000.0,3.0
Maruti Alto LXi,2009,110000,50000,Petrol,Individual,Manual,Second Owner,11,Maruti,Maruti Alto,4545.454545454545,42.0
Maruti Wagon R LXI Minor,2008,300000,30000,Petrol,Individual,Manual,First Owner,12,Maruti,Maruti Wagon,2500.0,21.0
Honda City V MT,2012,700000,10000,Petrol,Individual,Manual,First Owner,8,Honda,Honda City,1250.0,2.0
Tata Indica Vista Aura 1.3 Quadrajet,2009,135000,90000,Diesel,Individual,Manual,Fourth & Above Owner,11,Tata,Tata Indica,8181.818181818182,1.0
Mahindra Bolero Power Plus Plus Non AC BSIV PS,2015,500000,110000,Diesel,Individual,Manual,First Owner,5,Mahindra,Mahindra Bolero,22000.0,1.0
Mahindra Scorpio VLX 2WD AIRBAG BSIV,2012,550000,120000,Diesel,Individual,Manual,Second Owner,8,Mahindra,Mahindra Scorpio,15000.0,3.0
Toyota Innova 2.5 Z Diesel 7 Seater BS IV,2014,1050000,90000,Diesel,Individual,Manual,Third Owner,6,Toyota,Toyota Innova,15000.0,3.0
Honda City i VTEC V,2016,500000,20000,Petrol,Individual,Manual,First Owner,4,Honda,Honda City,5000.0,6.0
Maruti Ritz VDi,2011,180000,90000,Diesel,Individual,Manual,Second Owner,9,Maruti,Maruti Ritz,10000.0,19.0
Hyundai Santro Xing GLS,2010,170000,50000,Petrol,Individual,Manual,Second Owner,10,Hyundai,Hyundai Santro,5000.0,20.0
Honda Brio 1.2 S Option MT,2019,484999,9000,Petrol,Individual,Manual,First Owner,1,Honda,Honda Brio,9000.0,1.0
Maruti A-Star Vxi,2011,150000,70000,Petrol,Individual,Manual,Second Owner,9,Maruti,Maruti A-Star,7777.777777777777,7.0
Maruti Alto K10 VXI Airbag,2018,380000,25000,Petrol,Individual,Manual,First Owner,2,Maruti,Maruti Alto,12500.0,4.0
Hyundai Santro Sportz BSIV,2019,480000,10000,Petrol,Individual,Manual,First Owner,1,Hyundai,Hyundai Santro,10000.0,2.0
Volkswagen Polo Diesel Highline 1.2L,2011,290000,60000,Diesel,Individual,Manual,Second Owner,9,Volkswagen,Volkswagen Polo,6666.666666666667,6.0
Fiat Linea Dynamic,2013,350000,70000,Petrol,Individual,Manual,First Owner,7,Fiat,Fiat Linea,10000.0,1.0
Maruti Alto 800 LXI,2014,110000,25000,Petrol,Individual,Manual,First Owner,6,Maruti,Maruti Alto,4166.666666666667,48.0
Hyundai Santro LE zipPlus,2003,70000,80000,Petrol,Individual,Manual,Third Owner,17,Hyundai,Hyundai Santro,4705.882352941177,3.0
Volkswagen Vento Petrol Highline AT,2011,300000,70000,Petrol,Individual,Automatic,Third Owner,9,Volkswagen,Volkswagen Vento,7777.777777777777,2.0
Maruti Alto 800 LX,2017,180000,60000,Petrol,Individual,Manual,First Owner,3,Maruti,Maruti Alto,20000.0,3.0
Renault KWID RXL,2020,300000,20000,Petrol,Individual,Manual,First Owner,0,Renault,Renault KWID,20000.0,6.0
Maruti Baleno Delta 1.2,2017,509000,60000,Petrol,Individual,Manual,First Owner,3,Maruti,Maruti Baleno,20000.0,6.0
Maruti SX4 S Cross DDiS 320 Zeta,2016,650000,80000,Diesel,Individual,Manual,First Owner,4,Maruti,Maruti SX4,20000.0,2.0
Maruti Swift VDI BSIV,2015,450000,70000,Diesel,Individual,Manual,Third Owner,5,Maruti,Maruti Swift,14000.0,28.0
Mahindra Jeep Classic,1999,170000,2020,Diesel,Individual,Manual,Second Owner,21,Mahindra,Mahindra Jeep,96.19047619047619,1.0
Mahindra Scorpio 2.6 Turbo 7 Str,2007,210000,100000,Diesel,Individual,Manual,Second Owner,13,Mahindra,Mahindra Scorpio,7692.307692307692,2.0
Hyundai i20 Asta 1.4 CRDi,2013,360000,80000,Diesel,Individual,Manual,Second Owner,7,Hyundai,Hyundai i20,11428.57142857143,10.0
Toyota Innova 2.5 GX (Diesel) 7 Seater BS IV,2011,495000,120000,Diesel,Individual,Manual,Second Owner,9,Toyota,Toyota Innova,13333.333333333334,2.0
Maruti Alto LX,2006,105000,100000,Petrol,Individual,Manual,Third Owner,14,Maruti,Maruti Alto,7142.857142857143,30.0
Hyundai i20 Magna,2010,270000,60000,Petrol,Individual,Manual,Third Owner,10,Hyundai,Hyundai i20,6000.0,4.0
Ford Figo Petrol LXI,2010,130000,110000,Petrol,Individual,Manual,First Owner,10,Ford,Ford Figo,11000.0,1.0
Honda City i DTEC S,2014,700000,90000,Diesel,Individual,Manual,Second Owner,6,Honda,Honda City,15000.0,2.0
Chevrolet Cruze LTZ,2012,400000,40000,Diesel,Individual,Manual,First Owner,8,Chevrolet,Chevrolet Cruze,5000.0,8.0
Maruti Swift ZXI ABS,2009,250000,60000,Petrol,Individual,Manual,Second Owner,11,Maruti,Maruti Swift,5454.545454545455,2.0
Honda Amaze VX i-DTEC,2013,325000,94000,Diesel,Individual,Manual,Second Owner,7,Honda,Honda Amaze,13428.57142857143,7.0
Maruti Alto LXi,2008,69000,100000,Petrol,Individual,Manual,First Owner,12,Maruti,Maruti Alto,8333.333333333334,42.0
Mahindra Scorpio S11 BSIV,2018,1380000,25000,Diesel,Individual,Manual,First Owner,2,Mahindra,Mahindra Scorpio,12500.0,4.0
Maruti Zen Estilo VXI BSIII,2007,90000,90000,Petrol,Individual,Manual,First Owner,13,Maruti,Maruti Zen,6923.076923076923,3.0
Mahindra XUV500 W6 1.99 mHawk,2016,1000000,40000,Diesel,Individual,Manual,First Owner,4,Mahindra,Mahindra XUV500,10000.0,1.0
Hyundai Accent GLE CNG,2010,145000,90000,CNG,Individual,Manual,Second Owner,10,Hyundai,Hyundai Accent,9000.0,2.0
Maruti Alto K10 LX,2020,250000,1100,Petrol,Individual,Manual,Fourth & Above Owner,0,Maruti,Maruti Alto,1100.0,1.0
Maruti Swift VDI,2011,256000,70000,Diesel,Individual,Manual,Third Owner,9,Maruti,Maruti Swift,7777.777777777777,23.0
Tata Indica DLS,2005,70000,120000,Diesel,Individual,Manual,First Owner,15,Tata,Tata Indica,8000.0,6.0
Maruti Wagon R VX,2000,50000,88500,Petrol,Individual,Manual,Fourth & Above Owner,20,Maruti,Maruti Wagon,4425.0,1.0
Renault KWID RXT,2016,240000,70000,Petrol,Individual,Manual,Second Owner,4,Renault,Renault KWID,17500.0,18.0
Tata Indica Vista Aqua 1.2 Safire BSIV,2010,97000,128000,Petrol,Individual,Manual,First Owner,10,Tata,Tata Indica,12800.0,1.0
Tata Indigo CR4,2012,130000,120000,Diesel,Individual,Manual,First Owner,8,Tata,Tata Indigo,15000.0,9.0
Maruti Swift 1.3 VXi,2009,199000,52536,Petrol,Individual,Manual,First Owner,11,Maruti,Maruti Swift,4776.0,10.0
Honda Civic 1.8 S AT,2006,125000,70000,Petrol,Individual,Automatic,First Owner,14,Honda,Honda Civic,5000.0,2.0
Hyundai Xcent 1.1 CRDi Base,2015,420000,60000,Diesel,Individual,Manual,First Owner,5,Hyundai,Hyundai Xcent,12000.0,5.0
Mahindra NuvoSport N8,2016,525000,110000,Diesel,Individual,Manual,First Owner,4,Mahindra,Mahindra NuvoSport,27500.0,1.0
Hyundai Santro Xing GLS,2008,125000,85000,Petrol,Individual,Manual,First Owner,12,Hyundai,Hyundai Santro,7083.333333333333,20.0
Hyundai Verna Transform CRDi VGT SX ABS,2010,325000,135000,Diesel,Individual,Manual,First Owner,10,Hyundai,Hyundai Verna,13500.0,1.0
Volkswagen Vento New Diesel Highline,2012,330000,86000,Diesel,Individual,Manual,Fourth & Above Owner,8,Volkswagen,Volkswagen Vento,10750.0,2.0
Maruti Wagon R LXI BS IV,2010,110000,50000,Petrol,Individual,Manual,First Owner,10,Maruti,Maruti Wagon,5000.0,9.0
Maruti S-Presso VXI Plus,2019,450000,1950,Petrol,Individual,Manual,First Owner,1,Maruti,Maruti S-Presso,1950.0,1.0
Maruti Swift 1.3 VXi,2005,85000,118400,Petrol,Individual,Manual,First Owner,15,Maruti,Maruti Swift,7893.333333333333,10.0
Honda Civic 1.8 S MT,2007,229999,70000,Petrol,Individual,Manual,Second Owner,13,Honda,Honda Civic,5384.615384615385,3.0
Hyundai i10 Magna,2012,250000,60000,Petrol,Individual,Manual,Second Owner,8,Hyundai,Hyundai i10,7500.0,9.0
Ford Ecosport 1.5 DV5 MT Titanium,2015,650000,68000,Diesel,Individual,Manual,First Owner,5,Ford,Ford Ecosport,13600.0,12.0
Toyota Etios Liva 1.2 VX,2017,650000,6480,Petrol,Trustmark Dealer,Manual,First Owner,3,Toyota,Toyota Etios,2160.0,1.0
Maruti Vitara Brezza VDi,2017,750000,32077,Diesel,Trustmark Dealer,Manual,First Owner,3,Maruti,Maruti Vitara,10692.333333333334,4.0
Toyota Yaris G,2018,850000,19107,Petrol,Trustmark Dealer,Manual,First Owner,2,Toyota,Toyota Yaris,9553.5,1.0
Hyundai EON Era Plus Option,2017,315000,18469,Petrol,Trustmark Dealer,Manual,First Owner,3,Hyundai,Hyundai EON,6156.333333333333,3.0
Maruti Swift LXI Option,2015,415000,28217,Petrol,Trustmark Dealer,Manual,First Owner,5,Maruti,Maruti Swift,5643.4,1.0
Maruti Ciaz ZDi Plus,2016,640000,72787,Diesel,Trustmark Dealer,Manual,First Owner,4,Maruti,Maruti Ciaz,18196.75,2.0
Maruti Ciaz 1.4 Alpha,2017,780000,31063,Petrol,Trustmark Dealer,Manual,First Owner,3,Maruti,Maruti Ciaz,10354.333333333334,3.0
Toyota Fortuner 4x2 AT,2017,2595000,79641,Diesel,Trustmark Dealer,Automatic,First Owner,3,Toyota,Toyota Fortuner,26547.0,3.0
Hyundai Creta 1.6 CRDi SX,2015,850000,58692,Diesel,Trustmark Dealer,Manual,First Owner,5,Hyundai,Hyundai Creta,11738.4,7.0
Hyundai Creta 1.6 CRDi SX,2015,900000,54784,Diesel,Trustmark Dealer,Manual,First Owner,5,Hyundai,Hyundai Creta,10956.8,7.0
Toyota Corolla Altis GL MT,2016,1150000,64156,Petrol,Trustmark Dealer,Manual,First Owner,4,Toyota,Toyota Corolla,16039.0,1.0
Maruti Esteem Lxi - BSIII,2007,75000,54000,Petrol,Individual,Manual,First Owner,13,Maruti,Maruti Esteem,4153.846153846154,3.0
Volkswagen Vento Diesel Comfortline,2012,215000,97000,Diesel,Individual,Manual,First Owner,8,Volkswagen,Volkswagen Vento,12125.0,1.0
Maruti SX4 ZXI AT,2009,130000,120000,Petrol,Individual,Automatic,Second Owner,11,Maruti,Maruti SX4,10909.09090909091,1.0
Hyundai Santro Magna AMT BSIV,2019,400000,16000,Petrol,Individual,Automatic,First Owner,1,Hyundai,Hyundai Santro,16000.0,2.0
Maruti Swift Dzire AMT ZXI,2019,550000,60000,Petrol,Individual,Automatic,First Owner,1,Maruti,Maruti Swift,60000.0,1.0
Chevrolet Beat LT,2016,245000,52000,Petrol,Dealer,Manual,First Owner,4,Chevrolet,Chevrolet Beat,13000.0,11.0
Maruti Swift VDI BSIV,2010,320000,110000,Diesel,Individual,Manual,Fourth & Above Owner,10,Maruti,Maruti Swift,11000.0,28.0
Mahindra TUV 300 T8 AMT,2016,730000,60000,Diesel,Individual,Automatic,Second Owner,4,Mahindra,Mahindra TUV,15000.0,1.0
Ford Fusion 1.6 Duratec Petrol,2005,120000,100000,Petrol,Individual,Manual,Third Owner,15,Ford,Ford Fusion,6666.666666666667,1.0
Honda City i-VTEC VX,2017,950000,35000,Petrol,Individual,Manual,First Owner,3,Honda,Honda City,11666.666666666666,3.0
Maruti Wagon R VXI BS IV,2017,350000,48000,Petrol,Individual,Manual,Third Owner,3,Maruti,Maruti Wagon,16000.0,26.0
Maruti Esteem Vxi,2005,100000,20000,Petrol,Individual,Manual,Second Owner,15,Maruti,Maruti Esteem,1333.3333333333333,2.0
Maruti Wagon R VXI BS IV,2017,350000,30000,Petrol,Individual,Manual,First Owner,3,Maruti,Maruti Wagon,10000.0,26.0
Maruti Wagon R VXI BSIII,2005,80000,40000,Petrol,Individual,Manual,Second Owner,15,Maruti,Maruti Wagon,2666.6666666666665,5.0
Hyundai Verna 1.6 VTVT,2013,370000,60000,Petrol,Individual,Manual,First Owner,7,Hyundai,Hyundai Verna,8571.42857142857,3.0
Hyundai EON D Lite Plus,2012,160000,70000,Petrol,Individual,Manual,Second Owner,8,Hyundai,Hyundai EON,8750.0,5.0
Tata Sumo Victa EX 7/9 Str BSII,2009,130000,120000,Diesel,Individual,Manual,First Owner,11,Tata,Tata Sumo,10909.09090909091,1.0
Chevrolet Sail Hatchback 1.2 LS,2016,250000,30000,Petrol,Individual,Manual,First Owner,4,Chevrolet,Chevrolet Sail,7500.0,2.0
Tata New Safari DICOR 2.2 GX 4x2 BS IV,2012,270000,80000,Diesel,Individual,Manual,Second Owner,8,Tata,Tata New,10000.0,3.0
BMW X1 sDrive 20d xLine,2019,2600000,9500,Diesel,Individual,Automatic,First Owner,1,BMW,BMW X1,9500.0,3.0
Hyundai EON Era Plus,2013,160000,80000,Petrol,Individual,Manual,First Owner,7,Hyundai,Hyundai EON,11428.57142857143,28.0
Hyundai EON Magna Plus,2016,229999,80000,Petrol,Individual,Manual,First Owner,4,Hyundai,Hyundai EON,20000.0,17.0
Mahindra Bolero Power Plus ZLX,2017,750000,29000,Diesel,Individual,Manual,First Owner,3,Mahindra,Mahindra Bolero,9666.666666666666,2.0
Chevrolet Optra Magnum 2.0 LS,2011,195000,120000,Diesel,Individual,Manual,First Owner,9,Chevrolet,Chevrolet Optra,13333.333333333334,2.0
Datsun RediGO S,2016,270000,22000,Petrol,Individual,Manual,First Owner,4,Datsun,Datsun RediGO,5500.0,1.0
Skoda Fabia 1.2 MPI Ambition Plus,2012,300000,50000,Petrol,Individual,Manual,First Owner,8,Skoda,Skoda Fabia,6250.0,1.0
Chevrolet Beat Diesel LT,2012,200000,50000,Diesel,Individual,Manual,First Owner,8,Chevrolet,Chevrolet Beat,6250.0,14.0
Maruti Zen Estilo 1.1 LXI BSIII,2007,120000,81366,Petrol,Individual,Manual,First Owner,13,Maruti,Maruti Zen,6258.923076923077,4.0
Maruti Esteem Vxi - BSIII,2006,95000,110000,Petrol,Individual,Manual,First Owner,14,Maruti,Maruti Esteem,7857.142857142857,3.0
Toyota Innova 2.5 G (Diesel) 8 Seater BS IV,2006,229999,300000,Diesel,Individual,Manual,First Owner,14,Toyota,Toyota Innova,21428.571428571428,6.0
Renault Fluence 1.5,2012,300000,90000,Diesel,Individual,Manual,First Owner,8,Renault,Renault Fluence,11250.0,2.0
Renault KWID RXT,2016,200000,53000,Petrol,Individual,Manual,Second Owner,4,Renault,Renault KWID,13250.0,18.0
Maruti Alto 800 LXI,2017,250000,30000,Petrol,Individual,Manual,First Owner,3,Maruti,Maruti Alto,10000.0,48.0
Maruti Swift Dzire 1.2 Vxi BSIV,2012,368000,90000,Petrol,Individual,Manual,Second Owner,8,Maruti,Maruti Swift,11250.0,3.0
Toyota Innova 2.5 GX (Diesel) 7 Seater,2014,650000,244000,Diesel,Individual,Manual,First Owner,6,Toyota,Toyota Innova,40666.666666666664,2.0
Mahindra Jeep CL 500 MDI,1997,150000,120000,Diesel,Individual,Manual,Third Owner,23,Mahindra,Mahindra Jeep,5217.391304347826,2.0
Maruti Wagon R LXI DUO BS IV,2012,180000,60000,LPG,Individual,Manual,First Owner,8,Maruti,Maruti Wagon,7500.0,1.0
Hyundai Grand i10 1.2 Kappa Sportz Option,2017,525000,15000,Petrol,Individual,Manual,First Owner,3,Hyundai,Hyundai Grand,5000.0,2.0
Ford Endeavour 4x4 XLT,2005,350000,150000,Diesel,Individual,Manual,Second Owner,15,Ford,Ford Endeavour,10000.0,2.0
Mahindra TUV 300 Plus P4,2018,850000,30000,Diesel,Individual,Manual,Second Owner,2,Mahindra,Mahindra TUV,15000.0,1.0
Volkswagen Jetta 2.0 TDI Comfortline,2011,350000,312000,Diesel,Individual,Manual,Third Owner,9,Volkswagen,Volkswagen Jetta,34666.666666666664,1.0
Maruti Swift 1.3 VXi,2005,160000,67000,Petrol,Individual,Manual,First Owner,15,Maruti,Maruti Swift,4466.666666666667,10.0
Maruti Swift LDI Optional,2017,500000,40000,Diesel,Individual,Manual,First Owner,3,Maruti,Maruti Swift,13333.333333333334,1.0
Hyundai Santro Xing GLS,2008,130000,100000,Petrol,Individual,Manual,First Owner,12,Hyundai,Hyundai Santro,8333.333333333334,20.0
Tata Zest Quadrajet 1.3 75PS XE,2015,350000,100000,Diesel,Individual,Manual,Second Owner,5,Tata,Tata Zest,20000.0,3.0
Maruti Wagon R LXI,2005,70000,80000,Petrol,Individual,Manual,First Owner,15,Maruti,Maruti Wagon,5333.333333333333,15.0
Toyota Innova 2.5 G (Diesel) 7 Seater,2014,750000,145000,Diesel,Individual,Manual,Second Owner,6,Toyota,Toyota Innova,24166.666666666668,10.0
Honda Amaze VX i-DTEC,2013,450000,53000,Diesel,Individual,Manual,First Owner,7,Honda,Honda Amaze,7571.428571428572,7.0
Maruti Swift Dzire LDI,2015,430000,73000,Diesel,Individual,Manual,Third Owner,5,Maruti,Maruti Swift,14600.0,8.0
Maruti SX4 VDI,2011,260000,90000,Diesel,Individual,Manual,Third Owner,9,Maruti,Maruti SX4,10000.0,3.0
Maruti Swift VDI,2013,370000,80000,Diesel,Individual,Manual,Third Owner,7,Maruti,Maruti Swift,11428.57142857143,23.0
Chevrolet Aveo 1.4 CNG,2011,229999,100000,CNG,Individual,Manual,First Owner,9,Chevrolet,Chevrolet Aveo,11111.111111111111,1.0
Ford Figo Diesel EXI,2011,140000,90000,Diesel,Individual,Manual,Third Owner,9,Ford,Ford Figo,10000.0,8.0
Toyota Innova 2.5 G (Diesel) 7 Seater,2013,700000,200000,Diesel,Individual,Manual,First Owner,7,Toyota,Toyota Innova,28571.428571428572,10.0
Hyundai Elite i20 Magna Plus BSIV,2020,545000,7300,Petrol,Individual,Manual,First Owner,0,Hyundai,Hyundai Elite,7300.0,1.0
Datsun RediGO T Option,2017,200000,30000,Petrol,Individual,Manual,First Owner,3,Datsun,Datsun RediGO,10000.0,5.0
Tata Safari Storme VX,2015,500000,120000,Diesel,Individual,Manual,First Owner,5,Tata,Tata Safari,24000.0,3.0
Maruti Alto LXi,2008,70000,90000,Petrol,Individual,Manual,Second Owner,12,Maruti,Maruti Alto,7500.0,42.0
Mahindra Thar 4X4,2013,580000,25000,Diesel,Individual,Manual,Third Owner,7,Mahindra,Mahindra Thar,3571.4285714285716,2.0
Maruti Eeco 5 STR With AC Plus HTR CNG,2012,160000,70000,CNG,Individual,Manual,Second Owner,8,Maruti,Maruti Eeco,8750.0,5.0
Maruti Alto LXi,2010,160000,36000,Petrol,Individual,Manual,First Owner,10,Maruti,Maruti Alto,3600.0,42.0
Maruti Ertiga SHVS ZDI Plus,2016,760000,49000,Diesel,Individual,Manual,First Owner,4,Maruti,Maruti Ertiga,12250.0,5.0
Hyundai EON Magna Optional,2015,300000,22000,Petrol,Individual,Manual,First Owner,5,Hyundai,Hyundai EON,4400.0,2.0
Maruti Omni 5 Str STD LPG,1998,50000,35000,LPG,Individual,Manual,Second Owner,22,Maruti,Maruti Omni,1590.909090909091,1.0
Mahindra Bolero 2011-2019 SLX,2019,800000,24000,Diesel,Individual,Manual,First Owner,1,Mahindra,Mahindra Bolero,24000.0,3.0
Maruti Swift Dzire VDI,2018,680000,20000,Diesel,Individual,Manual,First Owner,2,Maruti,Maruti Swift,10000.0,54.0
Maruti 800 DUO AC LPG,2009,85000,50000,LPG,Individual,Manual,Second Owner,11,Maruti,Maruti 800,4545.454545454545,1.0
Toyota Innova Crysta 2.4 G MT BSIV,2016,1300000,70000,Diesel,Individual,Manual,First Owner,4,Toyota,Toyota Innova,17500.0,1.0
Maruti Swift VXI BSIV,2016,500000,60000,Petrol,Individual,Manual,First Owner,4,Maruti,Maruti Swift,15000.0,2.0
Audi Q5 2.0 TDI,2015,3500000,35000,Diesel,Individual,Automatic,First Owner,5,Audi,Audi Q5,7000.0,3.0
Hyundai Accent GLX,2008,145000,60000,Petrol,Individual,Manual,First Owner,12,Hyundai,Hyundai Accent,5000.0,3.0
Mahindra Quanto C6,2013,300000,60000,Diesel,Individual,Manual,First Owner,7,Mahindra,Mahindra Quanto,8571.42857142857,7.0
Maruti Swift VDI Optional,2017,600000,60000,Diesel,Individual,Manual,Second Owner,3,Maruti,Maruti Swift,20000.0,4.0
Maruti Swift Dzire VXI,2015,400000,70000,Petrol,Individual,Manual,Second Owner,5,Maruti,Maruti Swift,14000.0,3.0
Hyundai Santro Xing XK eRLX EuroIII,2007,130000,135000,Petrol,Individual,Manual,Second Owner,13,Hyundai,Hyundai Santro,10384.615384615385,1.0
Maruti 800 AC BSII,2001,45000,72539,Petrol,Individual,Manual,Second Owner,19,Maruti,Maruti 800,3817.842105263158,4.0
Maruti Baleno Zeta 1.2,2017,641000,25000,Petrol,Individual,Manual,First Owner,3,Maruti,Maruti Baleno,8333.333333333334,6.0
Maruti Swift Dzire VDI,2015,650000,50000,Diesel,Individual,Manual,First Owner,5,Maruti,Maruti Swift,10000.0,54.0
Ford Freestyle Titanium Diesel,2020,784000,101,Diesel,Dealer,Manual,Test Drive Car,0,Ford,Ford Freestyle,101.0,2.0
Ford Figo Titanium,2020,635000,101,Petrol,Dealer,Manual,Test Drive Car,0,Ford,Ford Figo,101.0,2.0
Ford Ecosport 1.5 Diesel Titanium,2020,1000000,101,Diesel,Dealer,Manual,Test Drive Car,0,Ford,Ford Ecosport,101.0,3.0
Ford Figo 1.5D Titanium Opt MT,2015,495000,52328,Diesel,Dealer,Manual,First Owner,5,Ford,Ford Figo,10465.6,1.0
Hyundai Santro Xing GLS,2013,324000,30000,Petrol,Individual,Manual,First Owner,7,Hyundai,Hyundai Santro,4285.714285714285,20.0
Ford Endeavour 3.2 Titanium AT 4X4,2016,2100000,91505,Diesel,Dealer,Automatic,First Owner,4,Ford,Ford Endeavour,22876.25,6.0
Maruti Alto 800 LXI,2018,200000,35000,Petrol,Individual,Manual,First Owner,2,Maruti,Maruti Alto,17500.0,48.0
Maruti Swift Dzire VDI,2015,320000,60000,Diesel,Individual,Manual,First Owner,5,Maruti,Maruti Swift,12000.0,54.0
Hyundai EON Magna Optional,2015,300000,20500,Petrol,Individual,Manual,First Owner,5,Hyundai,Hyundai EON,4100.0,2.0
Tata Indica Vista Quadrajet LX,2013,180000,200000,Diesel,Individual,Manual,First Owner,7,Tata,Tata Indica,28571.428571428572,6.0
Toyota Innova 2.5 V Diesel 8-seater,2008,500000,154000,Diesel,Individual,Manual,Third Owner,12,Toyota,Toyota Innova,12833.333333333334,6.0
Toyota Etios VX,2011,305000,120000,Petrol,Individual,Manual,Second Owner,9,Toyota,Toyota Etios,13333.333333333334,2.0
Maruti 800 AC,2009,125000,50000,Petrol,Individual,Manual,Fourth & Above Owner,11,Maruti,Maruti 800,4545.454545454545,20.0
Maruti Swift Dzire ZDI,2015,800000,135000,Diesel,Individual,Manual,First Owner,5,Maruti,Maruti Swift,27000.0,11.0
Mahindra Scorpio SLE BSIV,2009,420000,100000,Diesel,Individual,Manual,First Owner,11,Mahindra,Mahindra Scorpio,9090.90909090909,6.0
Maruti Vitara Brezza ZDi Plus,2017,875000,40000,Diesel,Individual,Manual,First Owner,3,Maruti,Maruti Vitara,13333.333333333334,5.0
Maruti Swift Dzire ZDI,2014,580000,70000,Diesel,Individual,Manual,First Owner,6,Maruti,Maruti Swift,11666.666666666666,11.0
Maruti Swift Ldi BSIV,2011,350000,133000,Diesel,Individual,Manual,Second Owner,9,Maruti,Maruti Swift,14777.777777777777,3.0
Hyundai Accent GLS,2004,120000,110000,Petrol,Individual,Manual,Second Owner,16,Hyundai,Hyundai Accent,6875.0,2.0
Tata Indica Vista TDI LS,2013,150000,180000,Diesel,Individual,Manual,Third Owner,7,Tata,Tata Indica,25714.285714285714,7.0
Renault Duster 110PS Diesel RxZ,2013,650000,120000,Diesel,Individual,Manual,First Owner,7,Renault,Renault Duster,17142.85714285714,8.0
Maruti Alto K10 2010-2014 VXI,2010,225000,80000,Petrol,Individual,Manual,Second Owner,10,Maruti,Maruti Alto,8000.0,9.0
Honda Amaze S AT i-Vtech,2014,400000,15000,Petrol,Individual,Automatic,First Owner,6,Honda,Honda Amaze,2500.0,2.0
Hyundai Getz GLS,2005,250000,70000,Petrol,Individual,Manual,First Owner,15,Hyundai,Hyundai Getz,4666.666666666667,3.0
Hyundai Santro Xing GL Plus,2008,120000,41723,Petrol,Individual,Manual,Second Owner,12,Hyundai,Hyundai Santro,3476.9166666666665,4.0
Maruti SX4 Vxi BSIV,2010,250000,70000,Petrol,Individual,Manual,First Owner,10,Maruti,Maruti SX4,7000.0,4.0
Maruti Alto K10 LXI,2012,175000,20000,Petrol,Individual,Manual,Second Owner,8,Maruti,Maruti Alto,2500.0,8.0
Maruti Ignis 1.3 Delta,2018,590000,26350,Diesel,Dealer,Manual,First Owner,2,Maruti,Maruti Ignis,13175.0,1.0
Tata Indigo CS LX (TDI) BS-III,2015,225000,68745,Diesel,Dealer,Manual,First Owner,5,Tata,Tata Indigo,13749.0,1.0
Mahindra XUV500 W6 2WD,2016,900000,47000,Diesel,Individual,Manual,First Owner,4,Mahindra,Mahindra XUV500,11750.0,13.0
Maruti Alto K10 VXI AGS,2017,375000,27289,Petrol,Dealer,Automatic,First Owner,3,Maruti,Maruti Alto,9096.333333333334,2.0
Hyundai EON Era Plus,2016,320000,24662,Petrol,Dealer,Manual,First Owner,4,Hyundai,Hyundai EON,6165.5,28.0
Maruti Swift Dzire VDI,2013,525000,37000,Diesel,Dealer,Manual,First Owner,7,Maruti,Maruti Swift,5285.714285714285,54.0
Nissan Evalia XV,2014,650000,28245,Diesel,Dealer,Manual,First Owner,6,Nissan,Nissan Evalia,4707.5,1.0
Hyundai Grand i10 1.2 CRDi Sportz Option,2017,575000,27005,Diesel,Dealer,Manual,First Owner,3,Hyundai,Hyundai Grand,9001.666666666666,2.0
Hyundai i10 Magna,2014,355000,39227,Petrol,Dealer,Manual,First Owner,6,Hyundai,Hyundai i10,6537.833333333333,9.0
Mahindra KUV 100 D75 K4 Plus 5Str,2016,470000,31367,Diesel,Dealer,Manual,First Owner,4,Mahindra,Mahindra KUV,7841.75,1.0
Maruti Wagon R LXI,2008,221000,35008,Petrol,Dealer,Manual,First Owner,12,Maruti,Maruti Wagon,2917.3333333333335,15.0
Hyundai Santro Xing GLS,2009,195000,27005,Petrol,Dealer,Manual,First Owner,11,Hyundai,Hyundai Santro,2455.0,20.0
Hyundai Santro Xing XG,2004,90000,100005,Petrol,Dealer,Manual,Second Owner,16,Hyundai,Hyundai Santro,6250.3125,7.0
Hyundai Verna SX Diesel,2013,580000,45264,Diesel,Dealer,Manual,First Owner,7,Hyundai,Hyundai Verna,6466.285714285715,4.0
Maruti Eeco 7 Seater Standard BSIV,2014,325000,39093,Petrol,Dealer,Manual,First Owner,6,Maruti,Maruti Eeco,6515.5,5.0
Honda City Corporate Edition,2013,495000,45241,Petrol,Dealer,Manual,First Owner,7,Honda,Honda City,6463.0,1.0
Hyundai EON Era,2014,290000,12000,Petrol,Dealer,Manual,First Owner,6,Hyundai,Hyundai EON,2000.0,2.0
Datsun RediGO 1.0 T Option,2018,375000,2769,Petrol,Dealer,Manual,First Owner,2,Datsun,Datsun RediGO,1384.5,1.0
Tata Indica Vista TDI LS,2011,211000,43128,Diesel,Dealer,Manual,First Owner,9,Tata,Tata Indica,4792.0,7.0
Maruti Alto LXI,2004,70000,50000,Petrol,Individual,Manual,Second Owner,16,Maruti,Maruti Alto,3125.0,4.0
Hyundai i10 Magna 1.2,2010,225000,60000,Petrol,Individual,Manual,Second Owner,10,Hyundai,Hyundai i10,6000.0,4.0
Mahindra Scorpio LX,2014,420000,70000,Diesel,Individual,Manual,Third Owner,6,Mahindra,Mahindra Scorpio,11666.666666666666,5.0
Chevrolet Sail Hatchback 1.2 LS,2015,280000,22255,Petrol,Individual,Manual,First Owner,5,Chevrolet,Chevrolet Sail,4451.0,2.0
Hyundai i20 Sportz 1.2,2013,400000,59213,Petrol,Individual,Manual,First Owner,7,Hyundai,Hyundai i20,8459.0,8.0
Mahindra XUV500 W6 2WD,2015,850000,55000,Diesel,Individual,Manual,First Owner,5,Mahindra,Mahindra XUV500,11000.0,13.0
Ford Fiesta Titanium 1.5 TDCi,2011,550000,80000,Diesel,Individual,Manual,First Owner,9,Ford,Ford Fiesta,8888.888888888889,4.0
Renault Captur 1.5 Diesel RXT Mono,2018,1000000,40000,Diesel,Individual,Manual,First Owner,2,Renault,Renault Captur,20000.0,1.0
Mahindra Xylo D2 Maxx,2014,350000,170000,Diesel,Individual,Manual,First Owner,6,Mahindra,Mahindra Xylo,28333.333333333332,1.0
Tata New Safari DICOR 2.2 EX 4x2,2011,350000,170000,Diesel,Individual,Manual,Second Owner,9,Tata,Tata New,18888.88888888889,12.0
Honda Civic 1.8 S MT,2007,170000,70000,Petrol,Individual,Manual,Third Owner,13,Honda,Honda Civic,5384.615384615385,3.0
Ford Aspire Titanium BSIV,2020,828999,1010,Petrol,Dealer,Manual,Test Drive Car,0,Ford,Ford Aspire,1010.0,2.0
Ford EcoSport 1.5 Ti VCT MT Titanium BE BSIV,2020,1119000,1010,Petrol,Dealer,Manual,Test Drive Car,0,Ford,Ford EcoSport,1010.0,2.0
Ford Figo Titanium,2020,746000,1111,Petrol,Dealer,Manual,Test Drive Car,0,Ford,Ford Figo,1111.0,2.0
Ford Ecosport 1.5 Petrol Trend,2020,1030000,1010,Petrol,Dealer,Manual,Test Drive Car,0,Ford,Ford Ecosport,1010.0,1.0
Ford EcoSport 1.5 TDCi Titanium Plus BSIV,2020,1334000,1010,Diesel,Dealer,Manual,Test Drive Car,0,Ford,Ford EcoSport,1010.0,1.0
Ford Freestyle Titanium,2020,811999,1010,Petrol,Dealer,Manual,Test Drive Car,0,Ford,Ford Freestyle,1010.0,1.0
Ford Ecosport Thunder Edition Diesel,2020,1331000,1010,Diesel,Dealer,Manual,Test Drive Car,0,Ford,Ford Ecosport,1010.0,1.0
Ford Freestyle Titanium Plus,2020,852000,1010,Petrol,Dealer,Manual,Test Drive Car,0,Ford,Ford Freestyle,1010.0,1.0
Tata Indica DLE,2006,45000,120000,Diesel,Individual,Manual,Second Owner,14,Tata,Tata Indica,8571.42857142857,2.0
Renault Duster 85PS Diesel RxL Optional,2013,430000,70000,Diesel,Individual,Manual,Third Owner,7,Renault,Renault Duster,10000.0,7.0
Mahindra Scorpio S2 9 Seater,2015,830000,70000,Diesel,Individual,Manual,First Owner,5,Mahindra,Mahindra Scorpio,14000.0,1.0
Mahindra Scorpio VLS 2.2 mHawk,2009,409999,110000,Diesel,Individual,Manual,Second Owner,11,Mahindra,Mahindra Scorpio,10000.0,2.0
Maruti Swift VDI,2012,190000,80000,Diesel,Individual,Manual,Third Owner,8,Maruti,Maruti Swift,10000.0,23.0
Honda Accord VTi-L (MT),2007,200000,80000,Petrol,Individual,Manual,Second Owner,13,Honda,Honda Accord,6153.846153846154,1.0
Hyundai Accent GLX,2006,120000,110000,Petrol,Individual,Manual,Second Owner,14,Hyundai,Hyundai Accent,7857.142857142857,3.0
Mahindra Bolero Power Plus Plus AC BSIV PS,2019,850000,50000,Diesel,Individual,Manual,First Owner,1,Mahindra,Mahindra Bolero,50000.0,8.0
Tata Indigo CS LE (TDI) BS-III,2011,95000,115000,Diesel,Individual,Manual,Fourth & Above Owner,9,Tata,Tata Indigo,12777.777777777777,1.0
Maruti Wagon R LXI BS IV,2013,213000,80000,Petrol,Individual,Manual,First Owner,7,Maruti,Maruti Wagon,11428.57142857143,9.0
Volkswagen Ameo 1.5 TDI Highline Plus 16,2018,660000,25000,Diesel,Individual,Manual,First Owner,2,Volkswagen,Volkswagen Ameo,12500.0,1.0
Nissan Micra XL,2017,415000,48965,Petrol,Dealer,Manual,First Owner,3,Nissan,Nissan Micra,16321.666666666666,5.0
Ford Ecosport 1.5 Petrol Titanium Plus,2019,1100000,5166,Petrol,Dealer,Manual,Test Drive Car,1,Ford,Ford Ecosport,5166.0,1.0
Mahindra XUV500 W8 4WD,2012,650000,76290,Diesel,Dealer,Manual,First Owner,8,Mahindra,Mahindra XUV500,9536.25,9.0
Mahindra XUV500 AT W10 AWD,2016,969999,70000,Diesel,Individual,Automatic,Second Owner,4,Mahindra,Mahindra XUV500,17500.0,2.0
Mahindra XUV500 W10 2WD,2016,1250000,35000,Diesel,Individual,Manual,First Owner,4,Mahindra,Mahindra XUV500,8750.0,5.0
Maruti Swift Dzire AMT VDI,2017,715000,25000,Diesel,Individual,Automatic,First Owner,3,Maruti,Maruti Swift,8333.333333333334,3.0
Maruti Swift VDI,2016,565000,47000,Diesel,Dealer,Manual,First Owner,4,Maruti,Maruti Swift,11750.0,23.0
Mahindra Thar 4X4,2013,615000,45766,Diesel,Individual,Manual,Second Owner,7,Mahindra,Mahindra Thar,6538.0,2.0
Tata New Safari 4X4,2007,199000,78771,Diesel,Dealer,Manual,Second Owner,13,Tata,Tata New,6059.307692307692,1.0
Maruti Swift Vdi BSIII,2010,325000,79357,Diesel,Dealer,Manual,First Owner,10,Maruti,Maruti Swift,7935.7,12.0
Ford Figo Diesel EXI,2012,409999,28000,Diesel,Individual,Manual,First Owner,8,Ford,Ford Figo,3500.0,8.0
Hyundai Verna SX CRDi AT,2012,500000,72000,Diesel,Dealer,Automatic,Second Owner,8,Hyundai,Hyundai Verna,9000.0,2.0
Ford Figo Diesel LXI,2011,225000,76736,Diesel,Dealer,Manual,Second Owner,9,Ford,Ford Figo,8526.222222222223,3.0
Maruti Alto LX BSIII,2007,135000,70000,Petrol,Individual,Manual,Second Owner,13,Maruti,Maruti Alto,5384.615384615385,8.0
Renault Koleos 2.0 Diesel,2012,750000,80000,Diesel,Individual,Automatic,Second Owner,8,Renault,Renault Koleos,10000.0,1.0
Maruti Wagon R LXI DUO BSIII,2009,155000,60000,LPG,Individual,Manual,Second Owner,11,Maruti,Maruti Wagon,5454.545454545455,4.0
Volkswagen Polo Diesel Highline 1.2L,2012,335000,77000,Diesel,Dealer,Manual,Third Owner,8,Volkswagen,Volkswagen Polo,9625.0,6.0
Ford Ikon 1.8 D,2005,114999,92645,Diesel,Dealer,Manual,Fourth & Above Owner,15,Ford,Ford Ikon,6176.333333333333,1.0
Mercedes-Benz New C-Class 200 CDI Classic,2007,699000,101849,Diesel,Dealer,Manual,Second Owner,13,Mercedes-Benz,Mercedes-Benz New,7834.538461538462,1.0
Mahindra Bolero DI,2004,110000,120000,Diesel,Individual,Manual,Fourth & Above Owner,16,Mahindra,Mahindra Bolero,7500.0,7.0
Hyundai i20 Asta 1.2,2012,300000,80000,Petrol,Individual,Manual,First Owner,8,Hyundai,Hyundai i20,10000.0,4.0
Mahindra Scorpio S4 4WD,2014,700000,70000,Diesel,Individual,Manual,Second Owner,6,Mahindra,Mahindra Scorpio,11666.666666666666,2.0
Maruti Ertiga SHVS LDI Option,2017,700000,120000,Diesel,Individual,Manual,First Owner,3,Maruti,Maruti Ertiga,40000.0,1.0
Maruti Alto 800 LXI,2013,210000,42000,Petrol,Individual,Manual,Third Owner,7,Maruti,Maruti Alto,6000.0,48.0
Maruti Ertiga VDI,2012,600000,120000,Diesel,Individual,Manual,Third Owner,8,Maruti,Maruti Ertiga,15000.0,11.0
Tata Manza Aura (ABS) Quadrajet BS IV,2012,180000,155836,Diesel,Individual,Manual,Second Owner,8,Tata,Tata Manza,19479.5,4.0
Maruti Wagon R VXi BSII,2011,220000,59000,Petrol,Individual,Manual,Second Owner,9,Maruti,Maruti Wagon,6555.555555555556,1.0
Chevrolet Spark 1.0 LT,2009,70000,60000,Petrol,Individual,Manual,First Owner,11,Chevrolet,Chevrolet Spark,5454.545454545455,6.0
Hyundai Creta 1.4 CRDi Base,2018,950000,70000,Diesel,Individual,Manual,Second Owner,2,Hyundai,Hyundai Creta,35000.0,2.0
Ford Fiesta 1.5 TDCi Ambiente,2014,800000,20000,Diesel,Individual,Manual,First Owner,6,Ford,Ford Fiesta,3333.3333333333335,1.0
Mahindra XUV500 W8 4WD,2012,700000,120000,Diesel,Individual,Manual,Third Owner,8,Mahindra,Mahindra XUV500,15000.0,9.0
Renault KWID 1.0,2016,265000,40000,Petrol,Individual,Manual,First Owner,4,Renault,Renault KWID,10000.0,2.0
Volkswagen Polo Diesel Trendline 1.2L,2011,175000,90000,Diesel,Individual,Manual,Third Owner,9,Volkswagen,Volkswagen Polo,10000.0,7.0
Mahindra Quanto C6,2012,260000,89000,Diesel,Individual,Manual,Second Owner,8,Mahindra,Mahindra Quanto,11125.0,7.0
Toyota Innova 2.5 VX (Diesel) 7 Seater,2013,950000,80000,Diesel,Individual,Manual,Third Owner,7,Toyota,Toyota Innova,11428.57142857143,4.0
Maruti Swift Vdi BSIII,2009,250000,200000,Diesel,Individual,Manual,Fourth & Above Owner,11,Maruti,Maruti Swift,18181.81818181818,12.0
Mahindra Scorpio S10 7 Seater,2015,630000,50000,Diesel,Individual,Manual,First Owner,5,Mahindra,Mahindra Scorpio,10000.0,2.0
Tata Nano LX SE,2012,35000,35000,Petrol,Individual,Manual,Third Owner,8,Tata,Tata Nano,4375.0,3.0
Chevrolet Enjoy TCDi LS 8 Seater,2014,330000,200000,Diesel,Individual,Manual,Third Owner,6,Chevrolet,Chevrolet Enjoy,33333.333333333336,1.0
Maruti Alto LXi,2009,150000,120000,Petrol,Individual,Manual,First Owner,11,Maruti,Maruti Alto,10909.09090909091,42.0
Tata Indigo LS,2008,105000,90000,Diesel,Individual,Manual,First Owner,12,Tata,Tata Indigo,7500.0,8.0
Tata Indica Vista TDI LX,2013,185000,65000,Diesel,Individual,Manual,First Owner,7,Tata,Tata Indica,9285.714285714286,3.0
Fiat Grande Punto EVO 1.3 Active,2014,260000,50000,Diesel,Individual,Manual,First Owner,6,Fiat,Fiat Grande,8333.333333333334,2.0
Maruti Swift Dzire VDi,2012,450000,33000,Diesel,Individual,Manual,First Owner,8,Maruti,Maruti Swift,4125.0,10.0
Maruti Swift VXI Deca,2016,500000,38000,Petrol,Individual,Manual,First Owner,4,Maruti,Maruti Swift,9500.0,3.0
Maruti Alto K10 2010-2014 VXI,2012,260000,40000,Petrol,Individual,Manual,First Owner,8,Maruti,Maruti Alto,5000.0,9.0
Volkswagen Polo Diesel Trendline 1.2L,2012,265000,55000,Diesel,Individual,Manual,Second Owner,8,Volkswagen,Volkswagen Polo,6875.0,7.0
Mahindra Thar CRDe,2017,800000,26000,Diesel,Individual,Manual,Second Owner,3,Mahindra,Mahindra Thar,8666.666666666666,2.0
Tata Safari Storme VX Varicor 400,2016,869999,80000,Diesel,Individual,Manual,First Owner,4,Tata,Tata Safari,20000.0,2.0
Maruti Baleno Alpha 1.2,2018,690000,40000,Petrol,Individual,Manual,First Owner,2,Maruti,Maruti Baleno,20000.0,6.0
Mitsubishi Pajero 2.8 SFX BSIV Dual Tone,2011,825000,120000,Diesel,Individual,Manual,First Owner,9,Mitsubishi,Mitsubishi Pajero,13333.333333333334,1.0
Maruti Alto LX BSIII,2006,160000,63230,Petrol,Individual,Manual,Second Owner,14,Maruti,Maruti Alto,4516.428571428572,8.0
Mahindra Scorpio 2.6 SLX CRDe,2006,300000,120000,Diesel,Individual,Manual,Second Owner,14,Mahindra,Mahindra Scorpio,8571.42857142857,1.0
Maruti Wagon R VXI,2005,100000,100000,Petrol,Individual,Manual,Third Owner,15,Maruti,Maruti Wagon,6666.666666666667,7.0
Hyundai i20 Asta 1.4 CRDi,2015,530000,77000,Diesel,Individual,Manual,Second Owner,5,Hyundai,Hyundai i20,15400.0,10.0
Maruti Swift VXI Optional,2016,360000,30000,Petrol,Individual,Manual,First Owner,4,Maruti,Maruti Swift,7500.0,2.0
Maruti Swift 1.2 DLX,2015,220000,40000,Petrol,Individual,Manual,First Owner,5,Maruti,Maruti Swift,8000.0,4.0
Maruti Alto 800 LXI,2017,178000,35000,Petrol,Individual,Manual,First Owner,3,Maruti,Maruti Alto,11666.666666666666,48.0
Mahindra Thar DI 4X2,2018,515000,5000,Diesel,Individual,Manual,First Owner,2,Mahindra,Mahindra Thar,2500.0,1.0
Maruti Ritz VXi,2014,300000,35000,Petrol,Individual,Manual,First Owner,6,Maruti,Maruti Ritz,5833.333333333333,3.0
Tata Indica Vista Quadrajet LS,2012,150000,80000,Diesel,Individual,Manual,Second Owner,8,Tata,Tata Indica,10000.0,5.0
Tata Nexon 1.2 Revotron XZ Plus Dual Tone,2017,750000,15000,Petrol,Individual,Manual,First Owner,3,Tata,Tata Nexon,5000.0,3.0
Toyota Innova 2.5 G1 BSIV,2012,950000,80000,Diesel,Individual,Manual,First Owner,8,Toyota,Toyota Innova,10000.0,1.0
Maruti 800 Std BSII,2006,90000,40000,Petrol,Individual,Manual,Second Owner,14,Maruti,Maruti 800,2857.1428571428573,2.0
Tata Indica GLS BS IV,2008,65000,110000,Petrol,Individual,Manual,Third Owner,12,Tata,Tata Indica,9166.666666666666,14.0
Hyundai Verna 1.6 CRDI,2012,312000,90000,Diesel,Individual,Manual,Second Owner,8,Hyundai,Hyundai Verna,11250.0,4.0
Maruti Vitara Brezza LDi,2018,700000,25000,Diesel,Individual,Manual,First Owner,2,Maruti,Maruti Vitara,12500.0,1.0
Hyundai Santro Xing XL eRLX Euro III,2005,150000,47000,Petrol,Individual,Manual,First Owner,15,Hyundai,Hyundai Santro,3133.3333333333335,5.0
Renault Fluence 1.5,2013,450000,60000,Diesel,Individual,Manual,First Owner,7,Renault,Renault Fluence,8571.42857142857,2.0
Hyundai Verna Transform CRDi VGT ABS,2010,229999,120000,Diesel,Individual,Manual,Second Owner,10,Hyundai,Hyundai Verna,12000.0,1.0
Maruti Swift Ldi BSIII,2008,111000,120000,Diesel,Individual,Manual,First Owner,12,Maruti,Maruti Swift,10000.0,2.0
Maruti Swift Dzire VDi,2012,250000,140000,Diesel,Individual,Manual,Second Owner,8,Maruti,Maruti Swift,17500.0,10.0
Ford Freestyle Titanium Plus Diesel,2019,750000,1001,Diesel,Dealer,Manual,First Owner,1,Ford,Ford Freestyle,1001.0,1.0
Ford Figo 1.5P Titanium AT,2017,774000,1758,Petrol,Dealer,Automatic,First Owner,3,Ford,Ford Figo,586.0,2.0
Ford Figo 1.5P Titanium AT,2018,711000,1452,Petrol,Dealer,Automatic,First Owner,2,Ford,Ford Figo,726.0,2.0
Ford Figo 1.5D Titanium MT,2017,600000,35122,Diesel,Dealer,Manual,First Owner,3,Ford,Ford Figo,11707.333333333334,2.0
Maruti Swift Dzire VDI,2015,455000,92621,Diesel,Dealer,Manual,First Owner,5,Maruti,Maruti Swift,18524.2,54.0
Datsun GO T Petrol,2015,225000,92198,Petrol,Dealer,Manual,Second Owner,5,Datsun,Datsun GO,18439.6,2.0
Maruti Swift Dzire VDI,2019,650000,5000,Diesel,Individual,Manual,First Owner,1,Maruti,Maruti Swift,5000.0,54.0
Chevrolet Beat LT,2013,200000,50000,Petrol,Individual,Manual,First Owner,7,Chevrolet,Chevrolet Beat,7142.857142857143,11.0
Hyundai Creta 1.6 CRDi AT SX Plus,2016,875000,74000,Diesel,Individual,Automatic,First Owner,4,Hyundai,Hyundai Creta,18500.0,2.0
Skoda Rapid 1.5 TDI AT Ambition BSIV,2017,750000,40000,Diesel,Individual,Automatic,First Owner,3,Skoda,Skoda Rapid,13333.333333333334,1.0
Maruti Swift Dzire AMT VDI,2019,725000,22000,Diesel,Individual,Automatic,First Owner,1,Maruti,Maruti Swift,22000.0,3.0
Maruti Alto LXi,2007,100000,100000,Petrol,Individual,Manual,Second Owner,13,Maruti,Maruti Alto,7692.307692307692,42.0
Tata Hexa XT,2019,1100000,40000,Diesel,Individual,Manual,First Owner,1,Tata,Tata Hexa,40000.0,2.0
Ford Endeavour 3.2 Titanium AT 4X4,2017,2700000,30000,Diesel,Individual,Automatic,First Owner,3,Ford,Ford Endeavour,10000.0,6.0
Renault KWID RXT Optional,2016,280000,23000,Petrol,Individual,Manual,First Owner,4,Renault,Renault KWID,5750.0,5.0
Tata Indica Vista Aqua TDI BSIII,2009,150000,30000,Diesel,Individual,Manual,First Owner,11,Tata,Tata Indica,2727.2727272727275,4.0
Tata Manza Aura Safire,2010,200000,50000,Petrol,Individual,Manual,First Owner,10,Tata,Tata Manza,5000.0,1.0
Maruti Ritz VDi,2010,148000,100000,Diesel,Individual,Manual,Second Owner,10,Maruti,Maruti Ritz,10000.0,19.0
Maruti Swift Dzire VXi,2011,254999,70000,Petrol,Individual,Manual,Second Owner,9,Maruti,Maruti Swift,7777.777777777777,6.0
Maruti Swift Dzire ZXI,2013,360000,60000,Petrol,Individual,Manual,Second Owner,7,Maruti,Maruti Swift,8571.42857142857,4.0
Maruti Alto LX,2006,95000,90000,Petrol,Individual,Manual,Second Owner,14,Maruti,Maruti Alto,6428.571428571428,30.0
Mahindra Bolero SLE BSIII,2007,185000,230000,Diesel,Individual,Manual,Second Owner,13,Mahindra,Mahindra Bolero,17692.30769230769,1.0
Tata Indica Vista Quadrajet VX,2012,185000,40000,Diesel,Individual,Manual,First Owner,8,Tata,Tata Indica,5000.0,5.0
Renault KWID RXL,2019,300000,15000,Petrol,Individual,Manual,First Owner,1,Renault,Renault KWID,15000.0,6.0
Hyundai Verna VTVT 1.6 SX,2018,800000,40000,Petrol,Individual,Manual,First Owner,2,Hyundai,Hyundai Verna,20000.0,1.0
Maruti Zen LX,2000,60000,50000,Petrol,Individual,Manual,First Owner,20,Maruti,Maruti Zen,2500.0,9.0
Fiat Punto 1.2 Active,2010,80000,50000,Petrol,Individual,Manual,Second Owner,10,Fiat,Fiat Punto,5000.0,1.0
Hyundai Xcent 1.2 VTVT S,2018,500000,8000,Petrol,Individual,Manual,First Owner,2,Hyundai,Hyundai Xcent,4000.0,3.0
Hyundai EON Era Plus,2013,250000,35000,Petrol,Individual,Manual,First Owner,7,Hyundai,Hyundai EON,5000.0,28.0
Tata New Safari DICOR 2.2 EX 4x2,2010,250000,80000,Diesel,Individual,Manual,First Owner,10,Tata,Tata New,8000.0,12.0
Maruti Wagon R LXI BSIII,2005,125000,50000,Petrol,Individual,Manual,Second Owner,15,Maruti,Maruti Wagon,3333.3333333333335,2.0
Maruti Alto LXi BSII,2002,100000,80000,Petrol,Individual,Manual,Fourth & Above Owner,18,Maruti,Maruti Alto,4444.444444444444,1.0
Mahindra Scorpio M2DI,2010,480000,90000,Diesel,Individual,Manual,First Owner,10,Mahindra,Mahindra Scorpio,9000.0,7.0
Mahindra KUV 100 G80 K2,2018,320000,30000,Petrol,Individual,Manual,Second Owner,2,Mahindra,Mahindra KUV,15000.0,2.0
Maruti A-Star Vxi,2010,130000,70000,Petrol,Individual,Manual,Second Owner,10,Maruti,Maruti A-Star,7000.0,7.0
Tata Indica DLS,2006,57000,80000,Diesel,Individual,Manual,Second Owner,14,Tata,Tata Indica,5714.285714285715,6.0
Hyundai Santro GLS I - Euro I,2005,75000,60000,Petrol,Individual,Manual,First Owner,15,Hyundai,Hyundai Santro,4000.0,3.0
Maruti 800 DX,2003,60000,35000,Petrol,Individual,Manual,First Owner,17,Maruti,Maruti 800,2058.823529411765,2.0
Maruti Alto LXi BSIII,2008,125000,70000,Petrol,Individual,Manual,First Owner,12,Maruti,Maruti Alto,5833.333333333333,14.0
Honda City 1.5 EXI S,2004,105000,100000,Petrol,Individual,Manual,Third Owner,16,Honda,Honda City,6250.0,1.0
Maruti Wagon R LXI DUO BSIII,2008,125000,152000,LPG,Individual,Manual,Second Owner,12,Maruti,Maruti Wagon,12666.666666666666,4.0
Maruti Zen LXI,1998,69000,70000,Petrol,Individual,Manual,Second Owner,22,Maruti,Maruti Zen,3181.818181818182,6.0
Tata Indigo LX,2012,130000,90000,Diesel,Individual,Manual,Second Owner,8,Tata,Tata Indigo,11250.0,4.0
Maruti Baleno Zeta 1.2,2019,630000,40000,Petrol,Individual,Manual,First Owner,1,Maruti,Maruti Baleno,40000.0,6.0
Honda Amaze E i-VTEC,2016,330000,50000,Petrol,Individual,Manual,Second Owner,4,Honda,Honda Amaze,12500.0,2.0
Maruti Wagon R VXI BS IV,2014,340000,15000,Petrol,Individual,Manual,Second Owner,6,Maruti,Maruti Wagon,2500.0,26.0
Hyundai Santro Xing XG eRLX Euro III,2006,60000,120000,Petrol,Individual,Manual,Third Owner,14,Hyundai,Hyundai Santro,8571.42857142857,3.0
Tata Safari Storme EX,2014,550000,78322,Diesel,Individual,Manual,First Owner,6,Tata,Tata Safari,13053.666666666666,4.0
Maruti Ertiga VDI,2014,480000,110000,Diesel,Individual,Manual,Second Owner,6,Maruti,Maruti Ertiga,18333.333333333332,11.0
Hyundai Verna 1.6 SX CRDi (O),2013,315000,80000,Diesel,Individual,Manual,Second Owner,7,Hyundai,Hyundai Verna,11428.57142857143,14.0
Ford Fiesta Titanium 1.5 TDCi,2012,165000,120000,Diesel,Individual,Manual,First Owner,8,Ford,Ford Fiesta,15000.0,4.0
Chevrolet Beat LS,2016,170000,125000,Petrol,Individual,Manual,First Owner,4,Chevrolet,Chevrolet Beat,31250.0,7.0
Maruti Baleno Delta 1.2,2018,550000,8000,Petrol,Individual,Manual,First Owner,2,Maruti,Maruti Baleno,4000.0,6.0
Volkswagen Ameo 1.2 MPI Trendline,2018,465000,13000,Petrol,Individual,Manual,First Owner,2,Volkswagen,Volkswagen Ameo,6500.0,1.0
Tata Indica Vista Quadrajet LX,2012,120000,80000,Diesel,Individual,Manual,Third Owner,8,Tata,Tata Indica,10000.0,6.0
Hyundai Verna 1.6 Xi ABS,2008,220000,54309,Petrol,Individual,Manual,First Owner,12,Hyundai,Hyundai Verna,4525.75,1.0
Ford Figo Diesel LXI,2011,180000,70000,Diesel,Individual,Manual,Second Owner,9,Ford,Ford Figo,7777.777777777777,3.0
Chevrolet Aveo 1.6 LT,2006,150000,34600,Petrol,Individual,Manual,Third Owner,14,Chevrolet,Chevrolet Aveo,2471.4285714285716,1.0
Tata Zest Revotron 1.2T XMS,2016,520000,25000,Petrol,Individual,Manual,First Owner,4,Tata,Tata Zest,6250.0,3.0
Tata Safari Storme EX,2013,430000,80000,Diesel,Individual,Manual,Third Owner,7,Tata,Tata Safari,11428.57142857143,4.0
Mahindra Bolero DI DX 8 Seater,2009,300000,55000,Diesel,Individual,Manual,Second Owner,11,Mahindra,Mahindra Bolero,5000.0,2.0
Hyundai Venue SX Opt Diesel,2020,1000000,5000,Diesel,Individual,Manual,First Owner,0,Hyundai,Hyundai Venue,5000.0,2.0
Honda WR-V i-DTEC VX,2017,725000,30000,Diesel,Individual,Manual,First Owner,3,Honda,Honda WR-V,10000.0,5.0
Hyundai Verna 1.4 EX,2011,500000,31000,Diesel,Individual,Manual,First Owner,9,Hyundai,Hyundai Verna,3444.4444444444443,1.0
Maruti Wagon R LXI BS IV,2011,250000,50000,Petrol,Individual,Manual,First Owner,9,Maruti,Maruti Wagon,5555.555555555556,9.0
Maruti Swift Dzire VDI,2018,700000,38217,Diesel,Individual,Manual,First Owner,2,Maruti,Maruti Swift,19108.5,54.0
Ford Figo Petrol ZXI,2011,185000,50000,Petrol,Individual,Manual,Third Owner,9,Ford,Ford Figo,5555.555555555556,2.0
Maruti Ritz VDi,2011,200000,120000,Diesel,Individual,Manual,First Owner,9,Maruti,Maruti Ritz,13333.333333333334,19.0
Mahindra Bolero DI,2004,315000,110000,Diesel,Individual,Manual,Third Owner,16,Mahindra,Mahindra Bolero,6875.0,7.0
Tata Harrier XZ BSIV,2019,1700000,10000,Diesel,Individual,Manual,First Owner,1,Tata,Tata Harrier,10000.0,2.0
Mahindra KUV 100 mFALCON G80 K8 5str,2016,370000,60000,Petrol,Individual,Manual,First Owner,4,Mahindra,Mahindra KUV,15000.0,2.0
Hyundai i10 Sportz,2011,250000,50000,Petrol,Individual,Manual,First Owner,9,Hyundai,Hyundai i10,5555.555555555556,3.0
Maruti Ignis 1.2 Delta BSIV,2019,500000,15000,Petrol,Individual,Manual,First Owner,1,Maruti,Maruti Ignis,15000.0,1.0
Toyota Corolla Altis 1.8 J,2008,400000,35000,Petrol,Individual,Manual,Second Owner,12,Toyota,Toyota Corolla,2916.6666666666665,1.0
Tata Manza Club Class Quadrajet90 LS,2014,200000,100000,Diesel,Individual,Manual,First Owner,6,Tata,Tata Manza,16666.666666666668,1.0
Maruti Swift Dzire VDI,2016,284000,40000,Diesel,Individual,Manual,Second Owner,4,Maruti,Maruti Swift,10000.0,54.0
Maruti Wagon R VXI Minor,2007,80000,60000,Petrol,Individual,Manual,Third Owner,13,Maruti,Maruti Wagon,4615.384615384615,4.0
Chevrolet Beat PS,2014,170000,77000,Petrol,Individual,Manual,First Owner,6,Chevrolet,Chevrolet Beat,12833.333333333334,3.0
Hyundai Accent Executive,2011,150000,60000,Petrol,Individual,Manual,First Owner,9,Hyundai,Hyundai Accent,6666.666666666667,4.0
Tata Manza Aura (ABS) Safire BS IV,2010,110000,77073,Petrol,Individual,Manual,Second Owner,10,Tata,Tata Manza,7707.3,2.0
Ford Figo Aspire 1.5 TDCi Titanium,2016,400000,70000,Diesel,Individual,Manual,First Owner,4,Ford,Ford Figo,17500.0,4.0
Hyundai i10 Magna LPG,2013,275000,90000,LPG,Individual,Manual,Second Owner,7,Hyundai,Hyundai i10,12857.142857142857,3.0
Toyota Innova 2.5 G (Diesel) 7 Seater,2013,800000,186000,Diesel,Individual,Manual,Third Owner,7,Toyota,Toyota Innova,26571.428571428572,10.0
Mahindra Scorpio M2DI,2014,550000,90000,Diesel,Individual,Manual,First Owner,6,Mahindra,Mahindra Scorpio,15000.0,7.0
Maruti Alto LX BSIII,2007,125000,100000,Petrol,Individual,Manual,Second Owner,13,Maruti,Maruti Alto,7692.307692307692,8.0
Chevrolet Beat LT,2010,135000,80000,Petrol,Individual,Manual,Second Owner,10,Chevrolet,Chevrolet Beat,8000.0,11.0
Mahindra Scorpio LX BSIV,2012,349000,150000,Diesel,Individual,Manual,First Owner,8,Mahindra,Mahindra Scorpio,18750.0,2.0
Maruti Swift VDI BSIV,2014,458000,80000,Diesel,Individual,Manual,First Owner,6,Maruti,Maruti Swift,13333.333333333334,28.0
Maruti Alto K10 VXI,2018,300000,35000,Petrol,Individual,Manual,First Owner,2,Maruti,Maruti Alto,17500.0,20.0
Maruti Alto LXi,2008,95000,70000,Petrol,Individual,Manual,First Owner,12,Maruti,Maruti Alto,5833.333333333333,42.0
Maruti S-Cross Zeta DDiS 200 SH,2018,850000,50000,Diesel,Individual,Manual,First Owner,2,Maruti,Maruti S-Cross,25000.0,3.0
Ford Freestyle Titanium Diesel,2019,750000,25000,Diesel,Individual,Manual,First Owner,1,Ford,Ford Freestyle,25000.0,2.0
Ford Figo Diesel Celebration Edition,2013,190000,120000,Diesel,Individual,Manual,First Owner,7,Ford,Ford Figo,17142.85714285714,5.0
Maruti Wagon R LXI Minor,2009,150000,70000,Petrol,Individual,Manual,First Owner,11,Maruti,Maruti Wagon,6363.636363636364,21.0
Hyundai Accent GLE,2009,114999,106000,Petrol,Individual,Manual,Third Owner,11,Hyundai,Hyundai Accent,9636.363636363636,1.0
Toyota Innova 2.0 VX 7 Seater,2010,320000,120000,Petrol,Individual,Manual,Third Owner,10,Toyota,Toyota Innova,12000.0,1.0
Maruti Alto 800 CNG LXI Optional,2019,300000,120000,CNG,Individual,Manual,First Owner,1,Maruti,Maruti Alto,120000.0,1.0
Maruti Ritz LXi,2016,275000,160000,Petrol,Individual,Manual,First Owner,4,Maruti,Maruti Ritz,40000.0,2.0
Chevrolet Aveo 1.6 LT with ABS,2010,140000,120000,Petrol,Individual,Manual,Second Owner,10,Chevrolet,Chevrolet Aveo,12000.0,1.0
Tata Altroz XZ,2020,830000,10000,Petrol,Individual,Manual,First Owner,0,Tata,Tata Altroz,10000.0,1.0
Volkswagen Polo SR Petrol 1.2L,2013,380000,50000,Petrol,Individual,Manual,First Owner,7,Volkswagen,Volkswagen Polo,7142.857142857143,1.0
Hyundai i10 Magna 1.2,2010,150000,90000,Petrol,Individual,Manual,Second Owner,10,Hyundai,Hyundai i10,9000.0,4.0
Chevrolet Spark 1.0 LS,2008,50000,70000,Petrol,Individual,Manual,First Owner,12,Chevrolet,Chevrolet Spark,5833.333333333333,12.0
Mahindra Bolero SLX,2008,155000,100000,Diesel,Individual,Manual,First Owner,12,Mahindra,Mahindra Bolero,8333.333333333334,8.0
Skoda Superb 1.8 TFSI MT,2010,300000,80000,Petrol,Individual,Manual,First Owner,10,Skoda,Skoda Superb,8000.0,2.0
Maruti Alto 800 LXI,2018,300000,16584,Petrol,Dealer,Manual,First Owner,2,Maruti,Maruti Alto,8292.0,48.0
Tata Tiago 2019-2020 XE Diesel,2016,385000,38000,Diesel,Dealer,Manual,First Owner,4,Tata,Tata Tiago,9500.0,1.0
Maruti Wagon R LXI,2010,221000,51000,Petrol,Dealer,Manual,First Owner,10,Maruti,Maruti Wagon,5100.0,15.0
Tata Tiago 1.05 Revotorq XE,2016,381000,38000,Diesel,Dealer,Manual,First Owner,4,Tata,Tata Tiago,9500.0,2.0
Maruti Alto 800 LXI,2015,250999,35000,Petrol,Dealer,Manual,First Owner,5,Maruti,Maruti Alto,7000.0,48.0
Hyundai Santro LS zipPlus,2002,60000,120000,Petrol,Individual,Manual,Third Owner,18,Hyundai,Hyundai Santro,6666.666666666667,2.0
Tata Tiago 1.05 Revotorq XE,2016,380000,38000,Diesel,Dealer,Manual,First Owner,4,Tata,Tata Tiago,9500.0,2.0
Skoda Laura L n K 1.9 PD,2008,180000,144000,Diesel,Individual,Manual,Third Owner,12,Skoda,Skoda Laura,12000.0,3.0
Maruti Ciaz ZDi Plus,2017,751000,64000,Diesel,Dealer,Manual,First Owner,3,Maruti,Maruti Ciaz,21333.333333333332,2.0
Mahindra XUV500 AT W10 FWD,2015,1250000,60000,Diesel,Dealer,Automatic,First Owner,5,Mahindra,Mahindra XUV500,12000.0,2.0
Hyundai EON 1.0 Era Plus,2014,229999,65000,Petrol,Dealer,Manual,First Owner,6,Hyundai,Hyundai EON,10833.333333333334,5.0
Tata Safari Storme EX,2019,1250000,24000,Diesel,Individual,Manual,First Owner,1,Tata,Tata Safari,24000.0,4.0
Mahindra Scorpio VLX 2WD BSIV,2014,782000,58000,Diesel,Dealer,Manual,Second Owner,6,Mahindra,Mahindra Scorpio,9666.666666666666,3.0
Mahindra Scorpio VLX 2.2 mHawk Airbag BSIV,2014,780000,58000,Diesel,Dealer,Manual,Second Owner,6,Mahindra,Mahindra Scorpio,9666.666666666666,1.0
Maruti Alto 800 LXI,2016,245000,68000,Petrol,Dealer,Manual,First Owner,4,Maruti,Maruti Alto,17000.0,48.0
Hyundai i20 1.4 CRDi Sportz,2011,321000,81257,Diesel,Dealer,Manual,First Owner,9,Hyundai,Hyundai i20,9028.555555555555,2.0
Hyundai Grand i10 1.2 CRDi Sportz Option,2017,509999,44000,Diesel,Dealer,Manual,First Owner,3,Hyundai,Hyundai Grand,14666.666666666666,2.0
Tata Nano CX SE,2015,110000,45000,Petrol,Dealer,Manual,First Owner,5,Tata,Tata Nano,9000.0,2.0
Volkswagen Polo Diesel Highline 1.2L,2013,400000,75000,Diesel,Dealer,Manual,First Owner,7,Volkswagen,Volkswagen Polo,10714.285714285714,6.0
Maruti Swift VXI,2013,370000,90000,Petrol,Individual,Manual,First Owner,7,Maruti,Maruti Swift,12857.142857142857,10.0
Hyundai Verna CRDi ABS,2007,175000,80000,Diesel,Individual,Manual,Second Owner,13,Hyundai,Hyundai Verna,6153.846153846154,1.0
Mercedes-Benz E-Class 230,1998,1000000,35000,Petrol,Individual,Automatic,Second Owner,22,Mercedes-Benz,Mercedes-Benz E-Class,1590.909090909091,1.0
Maruti Alto 800 LXI,2013,92800,25000,Petrol,Individual,Manual,Second Owner,7,Maruti,Maruti Alto,3571.4285714285716,48.0
Tata Xenon XT EX 4X2,2014,291000,90000,Diesel,Individual,Manual,First Owner,6,Tata,Tata Xenon,15000.0,2.0
Hyundai Verna 1.6 SX CRDi (O),2013,335000,110000,Diesel,Individual,Manual,Third Owner,7,Hyundai,Hyundai Verna,15714.285714285714,14.0
Maruti Omni 8 Seater BSIV,2013,170000,35000,Petrol,Individual,Manual,First Owner,7,Maruti,Maruti Omni,5000.0,2.0
Maruti Alto 800 LXI,2019,295000,10000,Petrol,Individual,Manual,First Owner,1,Maruti,Maruti Alto,10000.0,48.0
Renault KWID RXL,2019,375000,10000,Petrol,Individual,Manual,First Owner,1,Renault,Renault KWID,10000.0,6.0
Hyundai EON Era Plus,2012,215000,70000,Petrol,Individual,Manual,Second Owner,8,Hyundai,Hyundai EON,8750.0,28.0
Ford Fiesta 1.4 ZXi TDCi ABS,2009,150000,110000,Diesel,Individual,Manual,Second Owner,11,Ford,Ford Fiesta,10000.0,2.0
Maruti Alto LXI,2003,60000,5000,Petrol,Individual,Manual,Second Owner,17,Maruti,Maruti Alto,294.11764705882354,4.0
Tata New Safari Dicor EX 4X2 BS IV,2012,280000,110000,Diesel,Individual,Manual,Fourth & Above Owner,8,Tata,Tata New,13750.0,1.0
Toyota Etios VD,2016,450000,50000,Diesel,Individual,Manual,Second Owner,4,Toyota,Toyota Etios,12500.0,7.0
Mahindra XUV500 W7,2018,1150000,58000,Diesel,Individual,Manual,First Owner,2,Mahindra,Mahindra XUV500,29000.0,1.0
Maruti Baleno Delta 1.3,2018,650000,15000,Diesel,Individual,Manual,First Owner,2,Maruti,Maruti Baleno,7500.0,2.0
Tata Zest Revotron 1.2T XE,2015,300000,60000,Petrol,Individual,Manual,Second Owner,5,Tata,Tata Zest,12000.0,4.0
Tata Nano Twist XT,2015,73000,57000,Petrol,Individual,Manual,First Owner,5,Tata,Tata Nano,11400.0,2.0
Maruti Swift VDI BSIV,2015,400000,87000,Diesel,Individual,Manual,Third Owner,5,Maruti,Maruti Swift,17400.0,28.0
Renault KWID 1.0 RXT Optional,2017,300000,70000,Petrol,Individual,Manual,First Owner,3,Renault,Renault KWID,23333.333333333332,14.0
Maruti Wagon R AX,2012,300000,30000,Petrol,Individual,Automatic,Second Owner,8,Maruti,Maruti Wagon,3750.0,1.0
Maruti Swift Dzire VDI,2012,450000,80000,Diesel,Individual,Manual,First Owner,8,Maruti,Maruti Swift,10000.0,54.0
Hyundai Santro Xing GLS,2009,200000,100000,Petrol,Individual,Manual,Second Owner,11,Hyundai,Hyundai Santro,9090.90909090909,20.0
Maruti Swift VXI,2019,580000,40000,Petrol,Individual,Manual,First Owner,1,Maruti,Maruti Swift,40000.0,10.0
Hyundai Grand i10 1.2 Kappa Asta,2017,550000,3917,Petrol,Individual,Manual,First Owner,3,Hyundai,Hyundai Grand,1305.6666666666667,8.0
Mahindra Scorpio SLX 2.6 Turbo 8 Str,2007,190000,160000,Diesel,Individual,Manual,Second Owner,13,Mahindra,Mahindra Scorpio,12307.692307692309,1.0
Tata Tiago 1.05 Revotorq XT Option,2017,450000,35000,Diesel,Individual,Manual,First Owner,3,Tata,Tata Tiago,11666.666666666666,1.0
Chevrolet Spark 1.0 LS,2014,220000,70000,Petrol,Individual,Manual,First Owner,6,Chevrolet,Chevrolet Spark,11666.666666666666,12.0
Maruti SX4 ZXI MT BSIV,2012,310000,69069,Petrol,Dealer,Manual,First Owner,8,Maruti,Maruti SX4,8633.625,3.0
Hyundai Elite i20 Sportz Plus BSIV,2019,650000,13500,Petrol,Individual,Manual,First Owner,1,Hyundai,Hyundai Elite,13500.0,3.0
Maruti Wagon R Stingray VXI,2014,300000,59059,Petrol,Dealer,Manual,First Owner,6,Maruti,Maruti Wagon,9843.166666666666,4.0
Hyundai Accent Executive,2013,200000,70000,Petrol,Individual,Manual,First Owner,7,Hyundai,Hyundai Accent,10000.0,4.0
Honda Brio S MT,2012,285000,39039,Petrol,Dealer,Manual,First Owner,8,Honda,Honda Brio,4879.875,6.0
Honda Brio Exclusive Edition,2014,335000,33033,Petrol,Dealer,Manual,First Owner,6,Honda,Honda Brio,5505.5,1.0
Hyundai Verna Transform SX VTVT,2011,370000,55168,Petrol,Individual,Manual,Second Owner,9,Hyundai,Hyundai Verna,6129.777777777777,1.0
Hyundai i20 1.2 Sportz,2013,375000,41041,Petrol,Dealer,Manual,First Owner,7,Hyundai,Hyundai i20,5863.0,6.0
Hyundai i10 Magna,2009,235000,67067,Petrol,Dealer,Manual,First Owner,11,Hyundai,Hyundai i10,6097.0,9.0
Hyundai i10 Sportz 1.2 AT,2013,345000,66066,Petrol,Dealer,Automatic,First Owner,7,Hyundai,Hyundai i10,9438.0,3.0
Mahindra Quanto C8,2013,365000,82082,Diesel,Dealer,Manual,First Owner,7,Mahindra,Mahindra Quanto,11726.0,4.0
Hyundai Grand i10 Sportz,2014,400000,48000,Petrol,Individual,Manual,First Owner,6,Hyundai,Hyundai Grand,8000.0,11.0
Hyundai EON D Lite Plus,2015,250000,30000,Petrol,Individual,Manual,First Owner,5,Hyundai,Hyundai EON,6000.0,5.0
Hyundai Verna SX CRDi AT,2012,465000,70070,Diesel,Dealer,Automatic,First Owner,8,Hyundai,Hyundai Verna,8758.75,2.0
Renault KWID RXT,2017,300000,10000,Petrol,Individual,Manual,First Owner,3,Renault,Renault KWID,3333.3333333333335,18.0
Maruti Swift Dzire ZXI 1.2 BS IV,2018,655000,25000,Petrol,Individual,Manual,First Owner,2,Maruti,Maruti Swift,12500.0,1.0
Maruti Wagon R LXI CNG,2016,350000,30000,CNG,Individual,Manual,Second Owner,4,Maruti,Maruti Wagon,7500.0,5.0
Hyundai i10 Sportz 1.2 AT,2015,500000,50000,Petrol,Dealer,Automatic,First Owner,5,Hyundai,Hyundai i10,10000.0,3.0
Hyundai Grand i10 AT Asta,2015,465000,63063,Petrol,Dealer,Automatic,First Owner,5,Hyundai,Hyundai Grand,12612.6,2.0
Maruti Swift VDi BSIII W/ ABS,2008,263000,70000,Diesel,Individual,Manual,First Owner,12,Maruti,Maruti Swift,5833.333333333333,1.0
Maruti Omni MPI STD BSIV,2012,250000,90000,Petrol,Individual,Manual,First Owner,8,Maruti,Maruti Omni,11250.0,6.0
Hyundai Accent GLE 1,1999,60000,90000,Petrol,Individual,Manual,Fourth & Above Owner,21,Hyundai,Hyundai Accent,4285.714285714285,1.0
Hyundai Getz GLX,2005,70000,90000,Petrol,Individual,Manual,Third Owner,15,Hyundai,Hyundai Getz,6000.0,2.0
Honda WR-V i-DTEC VX,2017,650000,140000,Diesel,Individual,Manual,First Owner,3,Honda,Honda WR-V,46666.666666666664,5.0
Hyundai i20 Asta 1.4 CRDi,2014,370000,80000,Diesel,Individual,Manual,Second Owner,6,Hyundai,Hyundai i20,13333.333333333334,10.0
Maruti Swift VDI Optional,2016,509999,40000,Diesel,Individual,Manual,First Owner,4,Maruti,Maruti Swift,10000.0,4.0
Maruti Zen Estilo VXI BSIV,2011,280000,33000,Petrol,Individual,Manual,First Owner,9,Maruti,Maruti Zen,3666.6666666666665,3.0
Maruti A-Star Vxi,2010,180000,40000,Petrol,Individual,Manual,First Owner,10,Maruti,Maruti A-Star,4000.0,7.0
Ford Ecosport 1.5 Petrol Ambiente,2017,650000,6000,Petrol,Individual,Manual,First Owner,3,Ford,Ford Ecosport,2000.0,1.0
Hyundai Verna SX Diesel,2010,200000,78000,Diesel,Dealer,Manual,Second Owner,10,Hyundai,Hyundai Verna,7800.0,4.0
Hyundai Verna SX Diesel,2011,210000,72000,Diesel,Dealer,Manual,Third Owner,9,Hyundai,Hyundai Verna,8000.0,4.0
Tata Nano Cx BSIV,2011,75000,9528,Petrol,Dealer,Manual,First Owner,9,Tata,Tata Nano,1058.6666666666667,2.0
Toyota Innova 2.5 G (Diesel) 8 Seater,2011,450000,135200,Diesel,Dealer,Manual,First Owner,9,Toyota,Toyota Innova,15022.222222222223,6.0
Hyundai i20 1.2 Sportz,2011,220000,58000,Petrol,Dealer,Manual,Second Owner,9,Hyundai,Hyundai i20,6444.444444444444,6.0
Hyundai i20 Magna 1.4 CRDi (Diesel),2013,325000,78000,Diesel,Dealer,Manual,Second Owner,7,Hyundai,Hyundai i20,11142.857142857143,5.0
Tata Zest Revotron 1.2T XE,2018,450000,45000,Petrol,Individual,Manual,First Owner,2,Tata,Tata Zest,22500.0,4.0
Ford EcoSport 1.5 Diesel Titanium Plus BSIV,2017,825000,35000,Diesel,Individual,Manual,First Owner,3,Ford,Ford EcoSport,11666.666666666666,6.0
Hyundai Accent GLS,2007,125000,76000,Petrol,Dealer,Manual,Third Owner,13,Hyundai,Hyundai Accent,5846.153846153846,2.0
Mahindra Xylo D2 BS IV,2015,434999,100000,Diesel,Individual,Manual,Third Owner,5,Mahindra,Mahindra Xylo,20000.0,3.0
Mahindra Scorpio SLE BSIV,2011,484999,99000,Diesel,Individual,Manual,Second Owner,9,Mahindra,Mahindra Scorpio,11000.0,6.0
Maruti Ritz VDi,2009,175000,80000,Diesel,Individual,Manual,Third Owner,11,Maruti,Maruti Ritz,7272.727272727273,19.0
Honda Civic 1.8 S MT,2006,220000,120000,Petrol,Individual,Manual,Third Owner,14,Honda,Honda Civic,8571.42857142857,3.0
Honda BR-V i-VTEC VX MT,2020,1250000,1100,Petrol,Dealer,Manual,First Owner,0,Honda,Honda BR-V,1100.0,3.0
Maruti Omni E MPI STD BS IV,2017,215000,34000,Petrol,Dealer,Manual,First Owner,3,Maruti,Maruti Omni,11333.333333333334,7.0
Mahindra XUV500 W6 2WD,2014,625000,68000,Diesel,Dealer,Manual,First Owner,6,Mahindra,Mahindra XUV500,11333.333333333334,13.0
Ford EcoSport 1.5 Diesel Titanium BSIV,2018,615000,15000,Diesel,Individual,Manual,First Owner,2,Ford,Ford EcoSport,7500.0,3.0
Chevrolet Beat Diesel PS,2012,130000,58000,Diesel,Dealer,Manual,First Owner,8,Chevrolet,Chevrolet Beat,7250.0,2.0
Tata Indigo CS eLX BS IV,2013,175000,50300,Diesel,Individual,Manual,First Owner,7,Tata,Tata Indigo,7185.714285714285,1.0
Tata Indigo CR4,2011,150000,70000,Diesel,Individual,Manual,Second Owner,9,Tata,Tata Indigo,7777.777777777777,9.0
Tata Indica Vista TDI LS,2011,195000,60000,Diesel,Individual,Manual,Third Owner,9,Tata,Tata Indica,6666.666666666667,7.0
Maruti Ertiga 1.5 VDI,2020,550000,90000,Diesel,Individual,Manual,First Owner,0,Maruti,Maruti Ertiga,90000.0,2.0
Isuzu D-Max V-Cross Standard,2018,1500000,40000,Diesel,Individual,Manual,First Owner,2,Isuzu,Isuzu D-Max,20000.0,1.0
Skoda Superb 1.8 TFSI MT,2010,400000,80000,Petrol,Individual,Manual,Second Owner,10,Skoda,Skoda Superb,8000.0,2.0
Nissan Kicks XV Premium D BSIV,2019,1350000,15000,Diesel,Individual,Manual,First Owner,1,Nissan,Nissan Kicks,15000.0,1.0
Maruti Swift 1.2 DLX,2015,217000,45000,Petrol,Individual,Manual,First Owner,5,Maruti,Maruti Swift,9000.0,4.0
Maruti Swift VDI BSIV,2011,290000,130000,Diesel,Individual,Manual,Second Owner,9,Maruti,Maruti Swift,14444.444444444445,28.0
Mahindra Bolero Power Plus SLX,2018,700000,80000,Diesel,Individual,Manual,First Owner,2,Mahindra,Mahindra Bolero,40000.0,11.0
Maruti Alto 800 Base,2014,175000,40000,Petrol,Individual,Manual,First Owner,6,Maruti,Maruti Alto,6666.666666666667,3.0
Volkswagen Ameo 1.5 TDI Highline 16 Alloy,2017,575000,80000,Diesel,Individual,Manual,First Owner,3,Volkswagen,Volkswagen Ameo,26666.666666666668,1.0
Maruti Ritz LDi,2016,380000,100000,Diesel,Individual,Manual,Second Owner,4,Maruti,Maruti Ritz,25000.0,6.0
Mahindra Xylo D4 BSIV,2013,350000,151624,Diesel,Individual,Manual,Second Owner,7,Mahindra,Mahindra Xylo,21660.571428571428,2.0
Renault Duster 85PS Diesel RxL Optional,2012,450000,160000,Diesel,Individual,Manual,First Owner,8,Renault,Renault Duster,20000.0,7.0
Hyundai Santro AT CNG,2005,130000,110000,CNG,Individual,Manual,Second Owner,15,Hyundai,Hyundai Santro,7333.333333333333,1.0
Maruti Swift VDI BSIV,2015,320000,74820,Diesel,Individual,Manual,First Owner,5,Maruti,Maruti Swift,14964.0,28.0
Mahindra XUV500 W6 2WD,2014,550000,82000,Diesel,Individual,Manual,First Owner,6,Mahindra,Mahindra XUV500,13666.666666666666,13.0
Maruti Wagon R VXI BS IV,2015,370000,50000,Petrol,Individual,Manual,Second Owner,5,Maruti,Maruti Wagon,10000.0,26.0
Chevrolet Beat LT,2010,114999,70000,Petrol,Individual,Manual,Second Owner,10,Chevrolet,Chevrolet Beat,7000.0,11.0
Ford Ecosport Sports Petrol,2020,1100000,1000,Petrol,Individual,Manual,First Owner,0,Ford,Ford Ecosport,1000.0,1.0
Hyundai Tucson CRDi,2006,170000,170000,Diesel,Individual,Manual,First Owner,14,Hyundai,Hyundai Tucson,12142.857142857143,1.0
Tata Indigo TDI,2008,80000,150000,Diesel,Individual,Manual,Third Owner,12,Tata,Tata Indigo,12500.0,7.0
Ford EcoSport 1.5 Diesel Titanium BSIV,2019,950000,17000,Diesel,Individual,Manual,First Owner,1,Ford,Ford EcoSport,17000.0,3.0
Maruti Swift Dzire VDI,2014,425000,150000,Diesel,Individual,Manual,First Owner,6,Maruti,Maruti Swift,25000.0,54.0
Hyundai i20 Asta Option 1.4 CRDi,2015,500000,80000,Diesel,Individual,Manual,First Owner,5,Hyundai,Hyundai i20,16000.0,6.0
Hyundai Santro Xing XG eRLX Euro III,2005,70000,170000,Petrol,Individual,Manual,Third Owner,15,Hyundai,Hyundai Santro,11333.333333333334,3.0
Honda Amaze S i-Dtech,2013,349000,120000,Diesel,Individual,Manual,First Owner,7,Honda,Honda Amaze,17142.85714285714,7.0
Hyundai i20 1.2 Sportz,2012,330000,90000,Petrol,Individual,Manual,Third Owner,8,Hyundai,Hyundai i20,11250.0,6.0
Hyundai Santro Xing GLS,2010,120000,90000,Petrol,Individual,Manual,Third Owner,10,Hyundai,Hyundai Santro,9000.0,20.0
Hyundai Verna 1.6 SX CRDi (O),2013,430000,100000,Diesel,Individual,Manual,Second Owner,7,Hyundai,Hyundai Verna,14285.714285714286,14.0
Maruti Swift VDI BSIV,2014,390000,90000,Diesel,Individual,Manual,First Owner,6,Maruti,Maruti Swift,15000.0,28.0
Nissan Micra Diesel XV Primo,2012,225000,129000,Diesel,Individual,Manual,First Owner,8,Nissan,Nissan Micra,16125.0,1.0
Mahindra Scorpio VLS AT 2.2 mHAWK,2010,350000,186000,Diesel,Individual,Automatic,Second Owner,10,Mahindra,Mahindra Scorpio,18600.0,4.0
Tata Sumo LX,2009,100000,66778,Diesel,Individual,Manual,First Owner,11,Tata,Tata Sumo,6070.727272727273,1.0
Hyundai EON Era Plus,2014,190000,50000,Petrol,Individual,Manual,First Owner,6,Hyundai,Hyundai EON,8333.333333333334,28.0
Hyundai i20 Sportz 1.4 CRDi,2014,315000,110000,Diesel,Individual,Manual,Second Owner,6,Hyundai,Hyundai i20,18333.333333333332,2.0
Hyundai Grand i10 CRDi Magna,2015,300000,60000,Diesel,Individual,Manual,Second Owner,5,Hyundai,Hyundai Grand,12000.0,3.0
Renault KWID RXT,2016,280000,40000,Petrol,Individual,Manual,First Owner,4,Renault,Renault KWID,10000.0,18.0
Tata Tiago 1.2 Revotron XZ,2018,539000,10000,Petrol,Individual,Manual,First Owner,2,Tata,Tata Tiago,5000.0,5.0
Maruti Celerio ZXI,2017,420000,50000,Petrol,Individual,Manual,First Owner,3,Maruti,Maruti Celerio,16666.666666666668,5.0
Maruti Omni E 8 Str STD,2001,85000,70000,Petrol,Individual,Manual,Third Owner,19,Maruti,Maruti Omni,3684.2105263157896,2.0
OpelCorsa 1.6Gls,2004,142000,73000,Petrol,Individual,Manual,Fourth & Above Owner,16,OpelCorsa,OpelCorsa 1.6Gls,4562.5,1.0
Hyundai EON D Lite,2014,180000,76000,Petrol,Individual,Manual,Second Owner,6,Hyundai,Hyundai EON,12666.666666666666,3.0
Chevrolet Tavera Neo 3 Max 9 Str BSIII,2014,400000,120000,Diesel,Individual,Manual,Second Owner,6,Chevrolet,Chevrolet Tavera,20000.0,1.0
Mahindra Scorpio VLX 2WD ABS AT BSIII,2009,360000,170000,Diesel,Individual,Automatic,Third Owner,11,Mahindra,Mahindra Scorpio,15454.545454545454,1.0
Hyundai Santro Xing XG,2003,85000,110000,Petrol,Individual,Manual,Second Owner,17,Hyundai,Hyundai Santro,6470.588235294118,7.0
Honda Brio 1.2 S MT,2016,350000,63400,Petrol,Individual,Manual,First Owner,4,Honda,Honda Brio,15850.0,4.0
Datsun GO Plus T BSIV,2015,380000,25000,Petrol,Individual,Manual,First Owner,5,Datsun,Datsun GO,5000.0,2.0
Hyundai i10 Era,2009,140000,80000,Petrol,Individual,Manual,Third Owner,11,Hyundai,Hyundai i10,7272.727272727273,7.0
Maruti Wagon R VXI BS IV,2012,200000,90000,Petrol,Individual,Manual,First Owner,8,Maruti,Maruti Wagon,11250.0,26.0
Hyundai Santro Xing GL,2011,150000,157000,Petrol,Individual,Manual,First Owner,9,Hyundai,Hyundai Santro,17444.444444444445,2.0
Mahindra Bolero SLX 2WD,2007,300000,100000,Diesel,Individual,Manual,Second Owner,13,Mahindra,Mahindra Bolero,7692.307692307692,2.0
Renault KWID RXT,2017,280000,50000,Petrol,Individual,Manual,First Owner,3,Renault,Renault KWID,16666.666666666668,18.0
Maruti Alto K10 2010-2014 VXI,2011,200000,40000,Petrol,Individual,Manual,First Owner,9,Maruti,Maruti Alto,4444.444444444444,9.0
Chevrolet Aveo U-VA 1.2 LT WO ABS Airbag,2009,110000,38500,Petrol,Individual,Manual,Second Owner,11,Chevrolet,Chevrolet Aveo,3500.0,1.0
Hyundai i10 Magna,2008,140000,103921,Petrol,Individual,Manual,Second Owner,12,Hyundai,Hyundai i10,8660.083333333334,9.0
Honda City i-VTEC VX,2018,1150000,14825,Petrol,Dealer,Manual,First Owner,2,Honda,Honda City,7412.5,3.0
Honda BR-V i-DTEC VX MT,2016,910000,43377,Diesel,Dealer,Manual,First Owner,4,Honda,Honda BR-V,10844.25,5.0
Ford Figo Diesel Titanium,2010,160000,102307,Diesel,Dealer,Manual,First Owner,10,Ford,Ford Figo,10230.7,14.0
Maruti Zen LX,2004,105000,79000,Petrol,Individual,Manual,Second Owner,16,Maruti,Maruti Zen,4937.5,9.0
Maruti Wagon R LXI,2004,70000,90000,Petrol,Individual,Manual,Fourth & Above Owner,16,Maruti,Maruti Wagon,5625.0,15.0
Chevrolet Beat Diesel,2012,160000,110000,Diesel,Individual,Manual,First Owner,8,Chevrolet,Chevrolet Beat,13750.0,3.0
Chevrolet Sail Hatchback LT ABS,2013,225000,80000,Diesel,Individual,Manual,First Owner,7,Chevrolet,Chevrolet Sail,11428.57142857143,1.0
Honda City 1.3 EXI,2002,145000,100000,Petrol,Individual,Manual,First Owner,18,Honda,Honda City,5555.555555555556,3.0
Ford EcoSport 1.5 Diesel Titanium Plus BSIV,2018,930000,20000,Diesel,Individual,Manual,First Owner,2,Ford,Ford EcoSport,10000.0,6.0
Hyundai Getz 1.5 CRDi GVS,2008,110000,154000,Diesel,Individual,Manual,Third Owner,12,Hyundai,Hyundai Getz,12833.333333333334,2.0
Renault Lodgy Stepway 85PS RXZ 8S,2017,650000,40000,Diesel,Individual,Manual,First Owner,3,Renault,Renault Lodgy,13333.333333333334,1.0
Maruti Swift VXI,2019,550000,51000,Petrol,Individual,Manual,First Owner,1,Maruti,Maruti Swift,51000.0,10.0
Maruti Alto LX BSIII,2008,85000,120000,Petrol,Individual,Manual,Second Owner,12,Maruti,Maruti Alto,10000.0,8.0
Toyota Etios 1.5 V,2016,509999,35000,Petrol,Individual,Manual,First Owner,4,Toyota,Toyota Etios,8750.0,1.0
Maruti Baleno Alpha 1.3,2017,650000,70000,Diesel,Individual,Manual,First Owner,3,Maruti,Maruti Baleno,23333.333333333332,8.0
Chevrolet Spark 1.0 LS,2011,140000,60000,Petrol,Individual,Manual,Second Owner,9,Chevrolet,Chevrolet Spark,6666.666666666667,12.0
Maruti Alto LXi,2011,150000,70000,Petrol,Individual,Manual,First Owner,9,Maruti,Maruti Alto,7777.777777777777,42.0
Datsun GO Plus A Option Petrol,2018,450000,10000,Petrol,Individual,Manual,Second Owner,2,Datsun,Datsun GO,5000.0,1.0
Hyundai Accent CRDi,2006,170000,245244,Diesel,Individual,Manual,Fourth & Above Owner,14,Hyundai,Hyundai Accent,17517.428571428572,4.0
Renault KWID 1.0 RXT Optional,2017,400000,60000,Petrol,Individual,Manual,First Owner,3,Renault,Renault KWID,20000.0,14.0
Tata Tiago 1.2 Revotron XE,2016,300000,30000,Petrol,Individual,Manual,First Owner,4,Tata,Tata Tiago,7500.0,3.0
Maruti Alto 800 Base,2012,250000,8000,Petrol,Individual,Manual,First Owner,8,Maruti,Maruti Alto,1000.0,3.0
Tata Tigor 1.2 Revotron XM,2019,500000,10000,Petrol,Individual,Manual,First Owner,1,Tata,Tata Tigor,10000.0,2.0
Hyundai Accent CRDi,2002,85000,100000,Diesel,Individual,Manual,Third Owner,18,Hyundai,Hyundai Accent,5555.555555555556,4.0
Nissan Sunny Diesel XL,2012,300000,110000,Diesel,Individual,Manual,First Owner,8,Nissan,Nissan Sunny,13750.0,2.0
Mahindra XUV500 AT W8 FWD,2015,740000,45000,Diesel,Dealer,Automatic,First Owner,5,Mahindra,Mahindra XUV500,9000.0,3.0
Hyundai Santro Xing XG,2005,70000,68500,Petrol,Dealer,Manual,First Owner,15,Hyundai,Hyundai Santro,4566.666666666667,7.0
Hyundai Santro Sportz AMT,2019,484999,5007,Petrol,Dealer,Automatic,First Owner,1,Hyundai,Hyundai Santro,5007.0,1.0
Nissan Micra Active XV S,2013,164000,30000,Petrol,Individual,Manual,First Owner,7,Nissan,Nissan Micra,4285.714285714285,1.0
Honda City 1.5 V AT,2008,140000,70000,Petrol,Individual,Automatic,First Owner,12,Honda,Honda City,5833.333333333333,2.0
Mercedes-Benz E-Class E250 CDI Elegance,2011,999000,49600,Diesel,Dealer,Automatic,First Owner,9,Mercedes-Benz,Mercedes-Benz E-Class,5511.111111111111,1.0
Maruti Alto LXI,2005,56000,23000,Petrol,Individual,Manual,Second Owner,15,Maruti,Maruti Alto,1533.3333333333333,4.0
BMW 7 Series 730Ld,2006,1050000,30000,Diesel,Dealer,Automatic,First Owner,14,BMW,BMW 7,2142.8571428571427,3.0
Hyundai Verna 1.6 VTVT,2010,190000,38000,Petrol,Dealer,Manual,First Owner,10,Hyundai,Hyundai Verna,3800.0,3.0
Audi Q5 3.0 TDI Quattro Technology,2018,3899000,22000,Diesel,Dealer,Automatic,First Owner,2,Audi,Audi Q5,11000.0,2.0
Hyundai i10 Sportz 1.2,2011,235000,43100,Petrol,Dealer,Manual,First Owner,9,Hyundai,Hyundai i10,4788.888888888889,7.0
Datsun GO Plus T,2017,350000,10171,Petrol,Dealer,Manual,First Owner,3,Datsun,Datsun GO,3390.3333333333335,1.0
Renault Duster 110PS Diesel RxL,2015,465000,41123,Diesel,Dealer,Manual,First Owner,5,Renault,Renault Duster,8224.6,3.0
Toyota Camry Hybrid 2.5,2017,1900000,20118,Petrol,Dealer,Automatic,First Owner,3,Toyota,Toyota Camry,6706.0,1.0
Honda City i DTec SV,2014,450000,40000,Diesel,Dealer,Manual,First Owner,6,Honda,Honda City,6666.666666666667,2.0
Volkswagen Jetta 2.0L TDI Highline,2015,790000,52517,Diesel,Dealer,Manual,First Owner,5,Volkswagen,Volkswagen Jetta,10503.4,1.0
Mahindra Marazzo M2 8Str,2019,900000,20000,Diesel,Individual,Manual,First Owner,1,Mahindra,Mahindra Marazzo,20000.0,1.0
Ford Ecosport 1.5 DV5 MT Titanium Optional,2014,450000,99117,Diesel,Dealer,Manual,First Owner,6,Ford,Ford Ecosport,16519.5,2.0
Chevrolet Spark 1.0 LS,2009,135000,90000,Petrol,Individual,Manual,First Owner,11,Chevrolet,Chevrolet Spark,8181.818181818182,12.0
Maruti Celerio ZXI MT BSIV,2019,425000,3700,Petrol,Individual,Manual,First Owner,1,Maruti,Maruti Celerio,3700.0,1.0
Tata Indica Vista Terra 1.4 TDI,2010,100000,80000,Diesel,Individual,Manual,First Owner,10,Tata,Tata Indica,8000.0,4.0
Ford EcoSport 1.5 TDCi Titanium BSIV,2015,650000,100000,Diesel,Individual,Manual,Second Owner,5,Ford,Ford EcoSport,20000.0,9.0
Tata Indica Vista Aqua 1.4 TDI,2011,90000,54000,Diesel,Individual,Manual,First Owner,9,Tata,Tata Indica,6000.0,6.0
Hyundai EON Era Plus,2017,250000,19000,Petrol,Individual,Manual,First Owner,3,Hyundai,Hyundai EON,6333.333333333333,28.0
Maruti Swift Dzire VDI,2014,300000,120000,Diesel,Individual,Manual,First Owner,6,Maruti,Maruti Swift,20000.0,54.0
Maruti Wagon R VXI BS IV,2014,275000,30000,Petrol,Individual,Manual,First Owner,6,Maruti,Maruti Wagon,5000.0,26.0
Honda BRV i-VTEC V MT,2017,600000,43500,Petrol,Individual,Manual,First Owner,3,Honda,Honda BRV,14500.0,1.0
Renault KWID RXT,2016,270000,60000,Petrol,Individual,Manual,Second Owner,4,Renault,Renault KWID,15000.0,18.0
Renault KWID RXT Optional,2016,240000,70000,Petrol,Individual,Manual,Second Owner,4,Renault,Renault KWID,17500.0,5.0
Renault KWID 1.0 RXT Optional,2016,350000,20000,Petrol,Individual,Manual,First Owner,4,Renault,Renault KWID,5000.0,14.0
Maruti Omni 5 Str STD,1998,65000,60000,Petrol,Dealer,Manual,Third Owner,22,Maruti,Maruti Omni,2727.2727272727275,1.0
Maruti Swift Dzire VDI,2015,650000,58000,Diesel,Individual,Manual,First Owner,5,Maruti,Maruti Swift,11600.0,54.0
Maruti Wagon R LX BS IV,2014,350000,40000,Petrol,Dealer,Manual,First Owner,6,Maruti,Maruti Wagon,6666.666666666667,2.0
Maruti Wagon R LXI,2005,75000,70000,Petrol,Individual,Manual,Second Owner,15,Maruti,Maruti Wagon,4666.666666666667,15.0
Hyundai i20 Asta (o) 1.4 CRDi (Diesel),2012,440000,70000,Diesel,Dealer,Manual,First Owner,8,Hyundai,Hyundai i20,8750.0,1.0
Hyundai Santro Xing GLS,2013,270000,60000,Petrol,Individual,Manual,First Owner,7,Hyundai,Hyundai Santro,8571.42857142857,20.0
Toyota Innova 2.5 V Diesel 7-seater,2014,1150000,135000,Diesel,Dealer,Manual,First Owner,6,Toyota,Toyota Innova,22500.0,5.0
Maruti Omni 8 Seater BSII,2015,238000,70000,Petrol,Dealer,Manual,First Owner,5,Maruti,Maruti Omni,14000.0,1.0
Mercedes-Benz B Class B180 Sports,2013,1100000,40000,Petrol,Individual,Automatic,Second Owner,7,Mercedes-Benz,Mercedes-Benz B,5714.285714285715,1.0
Mahindra XUV500 W10 2WD,2015,1200000,75000,Diesel,Dealer,Manual,Second Owner,5,Mahindra,Mahindra XUV500,15000.0,5.0
Skoda Fabia 1.2L Diesel Ambiente,2010,260000,150000,Diesel,Individual,Manual,First Owner,10,Skoda,Skoda Fabia,15000.0,2.0
Toyota Etios VD,2012,350000,140000,Diesel,Individual,Manual,Third Owner,8,Toyota,Toyota Etios,17500.0,7.0
Toyota Etios Liva VD,2015,480000,70000,Diesel,Individual,Manual,First Owner,5,Toyota,Toyota Etios,14000.0,1.0
Toyota Etios Liva GD,2012,345000,137250,Diesel,Individual,Manual,Second Owner,8,Toyota,Toyota Etios,17156.25,4.0
Mahindra Scorpio M2DI,2013,500000,110000,Diesel,Individual,Manual,Second Owner,7,Mahindra,Mahindra Scorpio,15714.285714285714,7.0
Hyundai Grand i10 Asta Option,2017,595000,27000,Petrol,Dealer,Manual,First Owner,3,Hyundai,Hyundai Grand,9000.0,4.0
Hyundai Verna CRDi 1.6 SX Option,2019,1295000,9000,Diesel,Dealer,Manual,First Owner,1,Hyundai,Hyundai Verna,9000.0,5.0
Volkswagen Vento 1.5 TDI Highline BSIV,2019,1350000,5400,Diesel,Dealer,Manual,Test Drive Car,1,Volkswagen,Volkswagen Vento,5400.0,1.0
Renault KWID Climber 1.0 MT Opt BSIV,2020,541000,1000,Petrol,Dealer,Manual,Test Drive Car,0,Renault,Renault KWID,1000.0,1.0
Hyundai Santro Asta,2018,515000,16000,Petrol,Dealer,Manual,First Owner,2,Hyundai,Hyundai Santro,8000.0,1.0
Ford Figo Aspire Titanium Plus Diesel,2019,894999,13000,Diesel,Dealer,Manual,Test Drive Car,1,Ford,Ford Figo,13000.0,1.0
Renault Pulse RxZ Optional,2012,325000,47000,Diesel,Dealer,Manual,First Owner,8,Renault,Renault Pulse,5875.0,1.0
Maruti Ciaz 1.4 Alpha,2018,925000,22000,Petrol,Individual,Manual,First Owner,2,Maruti,Maruti Ciaz,11000.0,3.0
Nissan Terrano XL P,2017,844999,30000,Petrol,Individual,Manual,First Owner,3,Nissan,Nissan Terrano,10000.0,1.0
Maruti Ciaz 1.4 Alpha,2018,925000,20000,Petrol,Individual,Manual,First Owner,2,Maruti,Maruti Ciaz,10000.0,3.0
Tata Manza Club Class Quadrajet90 LX,2013,300000,60000,Diesel,Individual,Manual,First Owner,7,Tata,Tata Manza,8571.42857142857,1.0
Toyota Camry M/t,2008,650000,75000,Petrol,Individual,Manual,Second Owner,12,Toyota,Toyota Camry,6250.0,1.0
Maruti Alto K10 LXI,2010,175000,64000,Petrol,Dealer,Manual,First Owner,10,Maruti,Maruti Alto,6400.0,8.0
Maruti SX4 S Cross DDiS 320 Delta,2015,325000,80000,Diesel,Individual,Manual,First Owner,5,Maruti,Maruti SX4,16000.0,2.0
Renault Duster 85PS Diesel RxZ,2017,600000,90000,Diesel,Individual,Manual,First Owner,3,Renault,Renault Duster,30000.0,1.0
Maruti Swift ZXI Plus,2018,700000,30000,Petrol,Individual,Manual,First Owner,2,Maruti,Maruti Swift,15000.0,3.0
Toyota Corolla H3,2003,95000,120000,Petrol,Individual,Automatic,Second Owner,17,Toyota,Toyota Corolla,7058.823529411765,1.0
Maruti Celerio ZXI,2019,490000,20000,Petrol,Dealer,Manual,First Owner,1,Maruti,Maruti Celerio,20000.0,5.0
Tata Safari DICOR 2.2 EX 4x2,2013,380000,100000,Diesel,Individual,Manual,First Owner,7,Tata,Tata Safari,14285.714285714286,1.0
Hyundai Grand i10 1.2 Kappa Sportz Dual Tone,2018,550000,31000,Petrol,Dealer,Manual,First Owner,2,Hyundai,Hyundai Grand,15500.0,2.0
Maruti Alto 800 LXI,2013,225000,47000,Petrol,Dealer,Manual,First Owner,7,Maruti,Maruti Alto,6714.285714285715,48.0
Tata Nexon 1.2 Revotron XM,2018,570000,11200,Petrol,Individual,Manual,First Owner,2,Tata,Tata Nexon,5600.0,2.0
Maruti Alto 800 LXI,2018,305000,35000,Petrol,Dealer,Manual,First Owner,2,Maruti,Maruti Alto,17500.0,48.0
Maruti Wagon R Duo Lxi,2010,240000,50000,LPG,Dealer,Manual,First Owner,10,Maruti,Maruti Wagon,5000.0,2.0
Maruti Ertiga SHVS VDI,2015,700000,55000,Diesel,Dealer,Manual,First Owner,5,Maruti,Maruti Ertiga,11000.0,8.0
Maruti Omni E MPI STD BS IV,2018,288000,20000,Petrol,Dealer,Manual,First Owner,2,Maruti,Maruti Omni,10000.0,7.0
Mahindra Bolero B4,2017,800000,75000,Diesel,Dealer,Manual,First Owner,3,Mahindra,Mahindra Bolero,25000.0,1.0
Maruti Celerio VXI,2017,430000,93000,Petrol,Dealer,Manual,First Owner,3,Maruti,Maruti Celerio,31000.0,8.0
Chevrolet Beat Diesel LT Option,2009,195000,57000,Diesel,Dealer,Manual,Second Owner,11,Chevrolet,Chevrolet Beat,5181.818181818182,1.0
Maruti Eeco Smiles 5 Seater AC,2014,325000,30000,Petrol,Dealer,Manual,First Owner,6,Maruti,Maruti Eeco,5000.0,3.0
Renault Duster 85PS Diesel RxE,2013,450000,73000,Diesel,Dealer,Manual,First Owner,7,Renault,Renault Duster,10428.57142857143,5.0
Maruti Swift Dzire VDI,2016,630000,65000,Diesel,Dealer,Manual,First Owner,4,Maruti,Maruti Swift,16250.0,54.0
Maruti Swift 1.3 VXi,2009,250000,62000,Petrol,Dealer,Manual,Second Owner,11,Maruti,Maruti Swift,5636.363636363636,10.0
Hyundai Santro GLS I - Euro II,2007,135000,85000,Petrol,Dealer,Manual,First Owner,13,Hyundai,Hyundai Santro,6538.461538461538,1.0
Chevrolet Spark 1.0 PS,2010,110000,73000,Petrol,Individual,Manual,First Owner,10,Chevrolet,Chevrolet Spark,7300.0,1.0
Maruti Swift ZDi,2012,350000,55000,Diesel,Dealer,Manual,First Owner,8,Maruti,Maruti Swift,6875.0,3.0
Maruti Omni E MPI STD BS IV,2016,240000,5800,Petrol,Individual,Manual,Second Owner,4,Maruti,Maruti Omni,1450.0,7.0
Toyota Innova 2.5 V Diesel 8-seater,2009,350000,350000,Diesel,Individual,Manual,First Owner,11,Toyota,Toyota Innova,31818.18181818182,6.0
Maruti Swift ZXI Plus,2018,600000,30000,Petrol,Individual,Manual,First Owner,2,Maruti,Maruti Swift,15000.0,3.0
Maruti Swift Dzire VDI,2018,750000,20000,Diesel,Individual,Manual,First Owner,2,Maruti,Maruti Swift,10000.0,54.0
Hyundai EON Era Plus,2018,270000,20000,Petrol,Individual,Manual,First Owner,2,Hyundai,Hyundai EON,10000.0,28.0
Maruti Alto LXi,2007,90000,100000,Petrol,Individual,Manual,Second Owner,13,Maruti,Maruti Alto,7692.307692307692,42.0
Maruti Wagon R Stingray VXI,2013,350000,65000,Petrol,Individual,Manual,First Owner,7,Maruti,Maruti Wagon,9285.714285714286,4.0
Ford Figo Diesel Celebration Edition,2013,285000,90000,Diesel,Individual,Manual,Second Owner,7,Ford,Ford Figo,12857.142857142857,5.0
Toyota Innova 2.5 E Diesel MS 7-seater,2011,665000,267000,Diesel,Individual,Manual,Second Owner,9,Toyota,Toyota Innova,29666.666666666668,1.0
Mahindra Scorpio 2.6 CRDe,2005,175000,250000,Diesel,Individual,Manual,Second Owner,15,Mahindra,Mahindra Scorpio,16666.666666666668,4.0
Mahindra Xylo D2,2011,350000,140000,Diesel,Individual,Manual,Second Owner,9,Mahindra,Mahindra Xylo,15555.555555555555,3.0
Honda City i-VTEC CVT ZX,2018,1225000,22000,Petrol,Dealer,Automatic,First Owner,2,Honda,Honda City,11000.0,3.0
Honda Jazz Select Edition Active,2010,285000,60000,Petrol,Dealer,Manual,Second Owner,10,Honda,Honda Jazz,6000.0,1.0
Honda City i-VTEC VX,2018,1000000,28635,Petrol,Dealer,Manual,First Owner,2,Honda,Honda City,14317.5,3.0
Honda Amaze VX Diesel BSIV,2018,780000,32114,Diesel,Dealer,Manual,First Owner,2,Honda,Honda Amaze,16057.0,3.0
Maruti Celerio VXI,2014,300000,82000,Petrol,Dealer,Manual,Second Owner,6,Maruti,Maruti Celerio,13666.666666666666,8.0
Maruti Swift VXI BSIII,2006,160000,95149,Petrol,Dealer,Manual,Second Owner,14,Maruti,Maruti Swift,6796.357142857143,4.0
Honda Amaze VX i-VTEC,2018,625000,68458,Petrol,Dealer,Manual,First Owner,2,Honda,Honda Amaze,34229.0,3.0
Maruti Ritz VXi,2010,265000,42000,Petrol,Individual,Manual,First Owner,10,Maruti,Maruti Ritz,4200.0,3.0
Honda City i DTEC V,2014,515000,90000,Diesel,Individual,Manual,Second Owner,6,Honda,Honda City,15000.0,2.0
Hyundai i20 Active 1.4 SX,2016,650000,100000,Diesel,Individual,Manual,First Owner,4,Hyundai,Hyundai i20,25000.0,2.0
Mahindra TUV 300 T8,2017,650000,80000,Diesel,Individual,Manual,First Owner,3,Mahindra,Mahindra TUV,26666.666666666668,3.0
Hyundai Getz 1.3 GLS,2010,150000,105546,Petrol,Individual,Manual,First Owner,10,Hyundai,Hyundai Getz,10554.6,3.0
Toyota Etios Liva 1.2 V,2018,500000,10000,Petrol,Individual,Manual,First Owner,2,Toyota,Toyota Etios,5000.0,1.0
Toyota Innova 2.5 GX 7 STR BSIV,2012,1000000,80000,Diesel,Individual,Manual,Second Owner,8,Toyota,Toyota Innova,10000.0,1.0
Hyundai i20 Magna Optional 1.2,2013,340000,35000,Petrol,Individual,Manual,First Owner,7,Hyundai,Hyundai i20,5000.0,1.0
Toyota Innova 2.5 G (Diesel) 8 Seater,2013,1010000,120000,Diesel,Individual,Manual,First Owner,7,Toyota,Toyota Innova,17142.85714285714,6.0
Toyota Etios GD,2011,350000,120000,Diesel,Individual,Manual,Third Owner,9,Toyota,Toyota Etios,13333.333333333334,7.0
Maruti Swift VDI BSIV,2016,595000,70000,Diesel,Individual,Manual,First Owner,4,Maruti,Maruti Swift,17500.0,28.0
Mahindra Scorpio VLX 2WD BSIV,2014,700000,130000,Diesel,Individual,Manual,Third Owner,6,Mahindra,Mahindra Scorpio,21666.666666666668,3.0
Renault KWID RXL,2019,265000,40000,Petrol,Individual,Manual,First Owner,1,Renault,Renault KWID,40000.0,6.0
Maruti Alto K10 VXI,2015,320000,60000,Petrol,Individual,Manual,Second Owner,5,Maruti,Maruti Alto,12000.0,20.0
Honda City 1.5 S MT,2011,310000,110000,Petrol,Individual,Manual,First Owner,9,Honda,Honda City,12222.222222222223,5.0
Honda City i DTEC VX,2014,700000,130000,Diesel,Individual,Manual,First Owner,6,Honda,Honda City,21666.666666666668,7.0
Maruti Alto LXi BSIII,2009,130000,80000,Petrol,Individual,Manual,Second Owner,11,Maruti,Maruti Alto,7272.727272727273,14.0
Maruti Swift Dzire VDi,2009,150000,120000,Diesel,Individual,Manual,Second Owner,11,Maruti,Maruti Swift,10909.09090909091,10.0
Honda Amaze E i-Dtech,2015,300000,104000,Diesel,Individual,Manual,Second Owner,5,Honda,Honda Amaze,20800.0,2.0
Maruti Swift Dzire LXi,2011,150000,100000,Petrol,Individual,Manual,Second Owner,9,Maruti,Maruti Swift,11111.111111111111,1.0
Honda City 1.3 EXI,2003,120000,132343,Petrol,Individual,Manual,Second Owner,17,Honda,Honda City,7784.882352941177,3.0
Hyundai Creta 1.4 CRDi S Plus,2016,950000,90000,Diesel,Individual,Manual,Second Owner,4,Hyundai,Hyundai Creta,22500.0,1.0
Maruti Wagon R VXI BS IV,2007,100000,60000,Petrol,Individual,Manual,Second Owner,13,Maruti,Maruti Wagon,4615.384615384615,26.0
Honda Jazz 1.5 SV i DTEC,2015,450000,76000,Diesel,Individual,Manual,First Owner,5,Honda,Honda Jazz,15200.0,1.0
Maruti 800 EX,2004,30000,60000,Petrol,Individual,Manual,Third Owner,16,Maruti,Maruti 800,3750.0,2.0
Mahindra Renault Logan 1.6 Petrol GLSX,2009,200000,30000,Petrol,Individual,Manual,Second Owner,11,Mahindra,Mahindra Renault,2727.2727272727275,1.0
Tata Indigo LS,2010,250000,96000,Diesel,Individual,Manual,Second Owner,10,Tata,Tata Indigo,9600.0,8.0
Maruti Alto VXi,2015,280000,26134,Petrol,Dealer,Manual,First Owner,5,Maruti,Maruti Alto,5226.8,2.0
Maruti Ritz VDi,2011,260000,52895,Diesel,Dealer,Manual,First Owner,9,Maruti,Maruti Ritz,5877.222222222223,19.0
Hyundai Verna SX Diesel,2013,550000,42324,Diesel,Dealer,Manual,Second Owner,7,Hyundai,Hyundai Verna,6046.285714285715,4.0
Mahindra XUV500 W10 1.99 mHawk,2016,1044999,65000,Diesel,Dealer,Manual,First Owner,4,Mahindra,Mahindra XUV500,16250.0,2.0
Mahindra Scorpio EX,2012,550000,60236,Diesel,Dealer,Manual,First Owner,8,Mahindra,Mahindra Scorpio,7529.5,3.0
Maruti Wagon R VXI BS IV,2014,210000,70000,Petrol,Individual,Manual,Second Owner,6,Maruti,Maruti Wagon,11666.666666666666,26.0
Maruti Wagon R VXI BS IV,2014,210000,70000,Petrol,Individual,Manual,Third Owner,6,Maruti,Maruti Wagon,11666.666666666666,26.0
Mahindra Xylo E8,2009,290000,100000,Diesel,Individual,Manual,Second Owner,11,Mahindra,Mahindra Xylo,9090.90909090909,2.0
Fiat 500 Lounge,2008,250999,110000,Diesel,Individual,Manual,First Owner,12,Fiat,Fiat 500,9166.666666666666,1.0
Renault Triber RXT BSIV,2019,600000,10300,Petrol,Individual,Manual,First Owner,1,Renault,Renault Triber,10300.0,1.0
Fiat Grande Punto EVO 1.3 Active,2014,270000,120000,Diesel,Individual,Manual,Second Owner,6,Fiat,Fiat Grande,20000.0,2.0
Tata New Safari 4X4 EX,2012,550000,142000,Diesel,Individual,Manual,First Owner,8,Tata,Tata New,17750.0,1.0
Mahindra TUV 300 mHAWK100 T8,2017,800000,25000,Diesel,Individual,Manual,First Owner,3,Mahindra,Mahindra TUV,8333.333333333334,2.0
Tata Altroz XE,2020,500000,5000,Petrol,Individual,Manual,First Owner,0,Tata,Tata Altroz,5000.0,1.0
Hyundai Grand i10 1.2 Kappa Sportz BSIV,2016,396000,28643,Petrol,Dealer,Manual,First Owner,4,Hyundai,Hyundai Grand,7160.75,5.0
Honda City i DTEC VX,2014,600000,50000,Diesel,Individual,Manual,First Owner,6,Honda,Honda City,8333.333333333334,7.0
Maruti Wagon R ZXI 1.2,2019,575000,30000,Petrol,Dealer,Manual,First Owner,1,Maruti,Maruti Wagon,30000.0,1.0
Hyundai Santro Sportz BSIV,2020,520000,5000,Petrol,Individual,Manual,First Owner,0,Hyundai,Hyundai Santro,5000.0,2.0
Mahindra XUV500 AT W10 FWD,2018,1400000,30000,Diesel,Individual,Automatic,First Owner,2,Mahindra,Mahindra XUV500,15000.0,2.0
Maruti Baleno Delta Automatic,2018,600000,7600,Petrol,Individual,Automatic,First Owner,2,Maruti,Maruti Baleno,3800.0,3.0
Chevrolet Beat Diesel LS,2013,195000,47253,Diesel,Dealer,Manual,First Owner,7,Chevrolet,Chevrolet Beat,6750.428571428572,12.0
Maruti Alto K10 VXI AGS,2015,281000,4432,Petrol,Dealer,Automatic,Second Owner,5,Maruti,Maruti Alto,886.4,2.0
Tata Indica GLS BS IV,2010,75000,110000,Petrol,Individual,Manual,Second Owner,10,Tata,Tata Indica,11000.0,14.0
Hyundai Grand i10 Sportz,2014,400000,25000,Petrol,Individual,Manual,First Owner,6,Hyundai,Hyundai Grand,4166.666666666667,11.0
Tata Indica Vista Terra 1.4 TDI,2009,93000,70000,Diesel,Individual,Manual,Second Owner,11,Tata,Tata Indica,6363.636363636364,4.0
Hyundai i20 Active S Petrol,2016,560000,68523,Petrol,Dealer,Manual,First Owner,4,Hyundai,Hyundai i20,17130.75,2.0
Hyundai EON 1.0 Era Plus,2019,400000,5000,Petrol,Individual,Manual,First Owner,1,Hyundai,Hyundai EON,5000.0,5.0
Tata Tigor 1.2 Revotron XT,2018,459999,40000,Petrol,Individual,Manual,First Owner,2,Tata,Tata Tigor,20000.0,3.0
Hyundai Xcent 1.2 CRDi E,2017,450000,43000,Diesel,Individual,Manual,First Owner,3,Hyundai,Hyundai Xcent,14333.333333333334,2.0
Maruti Alto Green LXi (CNG),2010,88000,80251,CNG,Dealer,Manual,Second Owner,10,Maruti,Maruti Alto,8025.1,1.0
Hyundai i20 1.2 Era,2010,250000,34500,Petrol,Individual,Manual,Second Owner,10,Hyundai,Hyundai i20,3450.0,1.0
Ford Ikon 1.4 ZXi,2000,22000,42743,Petrol,Dealer,Manual,Third Owner,20,Ford,Ford Ikon,2137.15,1.0
Chevrolet Beat Diesel LS,2013,130000,93900,Diesel,Individual,Manual,Second Owner,7,Chevrolet,Chevrolet Beat,13414.285714285714,12.0
Maruti Zen VXi - BS III,2004,79000,80000,Petrol,Individual,Manual,First Owner,16,Maruti,Maruti Zen,5000.0,2.0
Chevrolet Beat Diesel LS,2012,120000,110000,Diesel,Individual,Manual,First Owner,8,Chevrolet,Chevrolet Beat,13750.0,12.0
BMW 7 Series 730Ld,2011,1700000,100000,Diesel,Individual,Automatic,Second Owner,9,BMW,BMW 7,11111.111111111111,3.0
Chevrolet Optra Magnum 2.0 LT,2012,300000,25000,Diesel,Individual,Manual,First Owner,8,Chevrolet,Chevrolet Optra,3125.0,2.0
Maruti A-Star Lxi,2009,145000,25000,Petrol,Individual,Manual,First Owner,11,Maruti,Maruti A-Star,2272.7272727272725,2.0
Ford Endeavour 3.2 Titanium AT 4X4,2019,3200000,20000,Diesel,Individual,Automatic,First Owner,1,Ford,Ford Endeavour,20000.0,6.0
Chevrolet Spark 1.0 LT,2013,240000,10000,Petrol,Individual,Manual,First Owner,7,Chevrolet,Chevrolet Spark,1428.5714285714287,6.0
Honda WR-V i-DTEC VX,2018,700000,30000,Diesel,Individual,Manual,First Owner,2,Honda,Honda WR-V,15000.0,5.0
Hyundai Accent GLX,2010,145000,110000,Petrol,Individual,Manual,Second Owner,10,Hyundai,Hyundai Accent,11000.0,3.0
Maruti Ertiga VDI Limited Edition,2014,535000,80000,Diesel,Individual,Manual,Second Owner,6,Maruti,Maruti Ertiga,13333.333333333334,1.0
Mahindra KUV 100 mFALCON G80 K2 Plus,2016,420000,21000,Petrol,Individual,Manual,First Owner,4,Mahindra,Mahindra KUV,5250.0,1.0
Maruti Alto K10 VXI,2016,350000,20000,Petrol,Individual,Manual,First Owner,4,Maruti,Maruti Alto,5000.0,20.0
Maruti Swift VDI BSIV,2015,550000,32000,Diesel,Individual,Manual,First Owner,5,Maruti,Maruti Swift,6400.0,28.0
Mitsubishi Montero 3.2 MT,2007,750000,180000,Diesel,Individual,Manual,First Owner,13,Mitsubishi,Mitsubishi Montero,13846.153846153846,1.0
Tata Indica Vista Aqua 1.3 Quadrajet ABS BSIV,2012,198000,70000,Diesel,Individual,Manual,Second Owner,8,Tata,Tata Indica,8750.0,1.0
Hyundai i20 Magna Optional 1.4 CRDi,2013,420000,50000,Diesel,Individual,Manual,First Owner,7,Hyundai,Hyundai i20,7142.857142857143,3.0
Ford Endeavour 4x2 XLT,2004,195000,120000,Diesel,Individual,Manual,First Owner,16,Ford,Ford Endeavour,7500.0,1.0
Hyundai EON Sportz,2012,150000,55766,Petrol,Individual,Manual,Second Owner,8,Hyundai,Hyundai EON,6970.75,3.0
Nissan Micra XL,2011,275000,40000,Petrol,Individual,Manual,Second Owner,9,Nissan,Nissan Micra,4444.444444444444,5.0
Maruti 800 Std,2001,65000,60000,Petrol,Individual,Manual,Third Owner,19,Maruti,Maruti 800,3157.8947368421054,10.0
Maruti Swift LXi BSIV,2008,200000,50000,Petrol,Individual,Manual,First Owner,12,Maruti,Maruti Swift,4166.666666666667,2.0
Maruti Swift Dzire VDi,2010,250000,110000,Diesel,Individual,Manual,Second Owner,10,Maruti,Maruti Swift,11000.0,10.0
Tata Indigo TDI,2013,182000,100000,Diesel,Individual,Manual,First Owner,7,Tata,Tata Indigo,14285.714285714286,7.0
Maruti Zen VX,2001,85000,86000,Petrol,Individual,Manual,Second Owner,19,Maruti,Maruti Zen,4526.315789473684,1.0
Maruti Swift VDI,2013,400000,50000,Diesel,Individual,Manual,First Owner,7,Maruti,Maruti Swift,7142.857142857143,23.0
Maruti Baleno Delta 1.3,2017,650000,20000,Diesel,Individual,Manual,First Owner,3,Maruti,Maruti Baleno,6666.666666666667,2.0
Hyundai i10 Magna 1.2,2010,400000,50000,Petrol,Individual,Manual,First Owner,10,Hyundai,Hyundai i10,5000.0,4.0
Tata Manza Aura (ABS) Quadrajet BS IV,2012,295000,80000,Diesel,Individual,Manual,Second Owner,8,Tata,Tata Manza,10000.0,4.0
Maruti Omni LPG STD BSIV,2006,60000,135000,LPG,Individual,Manual,Fourth & Above Owner,14,Maruti,Maruti Omni,9642.857142857143,1.0
Maruti Zen D PS,2003,110000,120000,Diesel,Individual,Manual,Third Owner,17,Maruti,Maruti Zen,7058.823529411765,2.0
Fiat Linea 1.3 Multijet Emotion,2015,550000,113600,Diesel,Individual,Manual,First Owner,5,Fiat,Fiat Linea,22720.0,1.0
Hyundai Santro Xing GLS,2008,190000,70000,Petrol,Individual,Manual,Third Owner,12,Hyundai,Hyundai Santro,5833.333333333333,20.0
Ford Aspire Titanium Plus Diesel BSIV,2018,861999,20000,Diesel,Dealer,Manual,First Owner,2,Ford,Ford Aspire,10000.0,2.0
Ford Aspire Titanium Plus BSIV,2018,782000,14000,Petrol,Dealer,Manual,First Owner,2,Ford,Ford Aspire,7000.0,2.0
Ford Freestyle Titanium Plus Diesel BSIV,2018,836000,26000,Diesel,Dealer,Manual,First Owner,2,Ford,Ford Freestyle,13000.0,2.0
Honda City i VTEC V,2016,696000,138925,Petrol,Dealer,Manual,First Owner,4,Honda,Honda City,34731.25,6.0
Honda Jazz 1.5 VX i DTEC,2016,596000,121764,Diesel,Dealer,Manual,First Owner,4,Honda,Honda Jazz,30441.0,6.0
Honda Jazz 1.2 VX i VTEC,2016,612000,105429,Petrol,Dealer,Manual,First Owner,4,Honda,Honda Jazz,26357.25,2.0
Maruti Alto 800 LXI,2015,114999,35000,Petrol,Individual,Manual,First Owner,5,Maruti,Maruti Alto,7000.0,48.0
Tata Bolt Quadrajet XE,2017,340000,60000,Diesel,Individual,Manual,First Owner,3,Tata,Tata Bolt,20000.0,2.0
Maruti Swift ZXI Plus,2020,550000,5000,Petrol,Individual,Manual,First Owner,0,Maruti,Maruti Swift,5000.0,3.0
Chevrolet Aveo U-VA 1.2 LT,2008,114999,70000,Petrol,Individual,Manual,Third Owner,12,Chevrolet,Chevrolet Aveo,5833.333333333333,1.0
Maruti Wagon R VXI,2000,105000,80000,Petrol,Individual,Manual,First Owner,20,Maruti,Maruti Wagon,4000.0,7.0
Maruti Vitara Brezza ZDi,2019,890000,20000,Diesel,Individual,Manual,First Owner,1,Maruti,Maruti Vitara,20000.0,2.0
Tata Nexon 1.2 Revotron XZ Plus,2019,715000,8000,Petrol,Individual,Manual,First Owner,1,Tata,Tata Nexon,8000.0,1.0
Hyundai i20 Asta (o),2014,525000,54000,Petrol,Dealer,Manual,Second Owner,6,Hyundai,Hyundai i20,9000.0,2.0
Hyundai i20 Asta 1.2,2014,475000,23122,Petrol,Dealer,Manual,Second Owner,6,Hyundai,Hyundai i20,3853.6666666666665,4.0
Chevrolet Cruze LT,2012,349000,44500,Diesel,Dealer,Manual,Second Owner,8,Chevrolet,Chevrolet Cruze,5562.5,3.0
Volkswagen Polo GTI,2017,825000,13599,Petrol,Dealer,Automatic,First Owner,3,Volkswagen,Volkswagen Polo,4533.0,2.0
Mahindra Scorpio SLE BSIV,2014,550000,100000,Diesel,Individual,Manual,Second Owner,6,Mahindra,Mahindra Scorpio,16666.666666666668,6.0
Maruti Swift 1.3 VXI ABS,2006,95000,110000,Petrol,Individual,Manual,Third Owner,14,Maruti,Maruti Swift,7857.142857142857,2.0
Toyota Innova 2.5 G (Diesel) 7 Seater,2014,725000,90000,Diesel,Individual,Manual,Second Owner,6,Toyota,Toyota Innova,15000.0,10.0
Tata Tigor 1.2 Revotron XZ Option,2019,670000,17000,Petrol,Individual,Manual,First Owner,1,Tata,Tata Tigor,17000.0,3.0
Maruti Alto LX,2008,65000,140000,Petrol,Individual,Manual,First Owner,12,Maruti,Maruti Alto,11666.666666666666,30.0
Mahindra Xylo D4,2015,500000,50000,Diesel,Individual,Manual,Second Owner,5,Mahindra,Mahindra Xylo,10000.0,7.0
Mahindra KUV 100 mFALCON G80 K8 5str,2017,600000,53000,Petrol,Individual,Manual,First Owner,3,Mahindra,Mahindra KUV,17666.666666666668,2.0
Maruti Wagon R VXI Optional,2017,350000,70000,Petrol,Individual,Manual,Second Owner,3,Maruti,Maruti Wagon,23333.333333333332,5.0
Chevrolet Beat Diesel LT,2012,200000,70000,Diesel,Individual,Manual,Second Owner,8,Chevrolet,Chevrolet Beat,8750.0,14.0
Hyundai EON Sportz,2012,150000,80000,Petrol,Individual,Manual,First Owner,8,Hyundai,Hyundai EON,10000.0,3.0
Maruti Zen D PS,2003,75000,110000,Diesel,Individual,Manual,Second Owner,17,Maruti,Maruti Zen,6470.588235294118,2.0
Honda Amaze EX i-Dtech,2013,350000,90000,Diesel,Individual,Manual,Second Owner,7,Honda,Honda Amaze,12857.142857142857,4.0
Toyota Innova Crysta 2.4 VX MT 8S BSIV,2018,1700000,15000,Diesel,Individual,Manual,First Owner,2,Toyota,Toyota Innova,7500.0,3.0
BMW X1 sDrive20d,2011,890000,86000,Diesel,Individual,Automatic,Second Owner,9,BMW,BMW X1,9555.555555555555,3.0
Mahindra Scorpio M2DI,2014,500000,120000,Diesel,Individual,Manual,First Owner,6,Mahindra,Mahindra Scorpio,20000.0,7.0
Hyundai Elite i20 Sportz Plus Dual Tone BSIV,2019,600000,5200,Petrol,Individual,Manual,First Owner,1,Hyundai,Hyundai Elite,5200.0,2.0
Chevrolet Beat LS,2010,99000,60000,Petrol,Individual,Manual,Second Owner,10,Chevrolet,Chevrolet Beat,6000.0,7.0
Hyundai i10 Era 1.1 iTech SE,2011,235000,46000,Petrol,Individual,Manual,First Owner,9,Hyundai,Hyundai i10,5111.111111111111,3.0
Tata Indigo GLX,2006,75000,40000,Petrol,Individual,Manual,Second Owner,14,Tata,Tata Indigo,2857.1428571428573,3.0
Honda City i DTEC VX,2014,600000,90000,Diesel,Individual,Manual,Second Owner,6,Honda,Honda City,15000.0,7.0
Hyundai Verna CRDi 1.6 SX,2019,1000000,25000,Diesel,Individual,Manual,Second Owner,1,Hyundai,Hyundai Verna,25000.0,2.0
Hyundai Verna 1.6 SX,2012,390000,90000,Diesel,Individual,Manual,First Owner,8,Hyundai,Hyundai Verna,11250.0,13.0
Volkswagen Polo 1.5 TDI Highline,2015,600000,70000,Diesel,Individual,Manual,First Owner,5,Volkswagen,Volkswagen Polo,14000.0,3.0
Hyundai i20 1.2 Spotz,2017,600000,70000,Petrol,Individual,Manual,Second Owner,3,Hyundai,Hyundai i20,23333.333333333332,5.0
Hyundai Elite i20 Magna Plus Diesel,2019,730000,35000,Diesel,Individual,Manual,Second Owner,1,Hyundai,Hyundai Elite,35000.0,1.0
Hyundai Grand i10 1.2 Kappa Magna AT,2017,450000,12700,Petrol,Individual,Automatic,First Owner,3,Hyundai,Hyundai Grand,4233.333333333333,3.0
Maruti Ritz LDi,2011,250000,80000,Diesel,Individual,Manual,First Owner,9,Maruti,Maruti Ritz,8888.888888888889,6.0
Mahindra XUV500 W10 2WD,2018,1400000,20000,Diesel,Individual,Manual,First Owner,2,Mahindra,Mahindra XUV500,10000.0,5.0
Renault KWID 1.0 RXT Optional,2018,300000,20000,Petrol,Individual,Manual,First Owner,2,Renault,Renault KWID,10000.0,14.0
Ford EcoSport 1.5 Petrol Titanium BSIV,2017,800000,19000,Petrol,Individual,Manual,First Owner,3,Ford,Ford EcoSport,6333.333333333333,1.0
Fiat Grande Punto Active (Diesel),2009,125000,95000,Diesel,Individual,Manual,Second Owner,11,Fiat,Fiat Grande,8636.363636363636,1.0
Volkswagen Polo Diesel Trendline 1.2L,2012,295000,90000,Diesel,Individual,Manual,First Owner,8,Volkswagen,Volkswagen Polo,11250.0,7.0
Ford Ecosport 1.0 Ecoboost Platinum Edition BSIV,2013,650000,45839,Petrol,Dealer,Manual,First Owner,7,Ford,Ford Ecosport,6548.428571428572,1.0
Chevrolet Aveo 1.4 LS,2010,200000,74510,Petrol,Dealer,Manual,First Owner,10,Chevrolet,Chevrolet Aveo,7451.0,2.0
Chevrolet Aveo U-VA 1.2 LS,2009,130000,87293,Petrol,Dealer,Manual,First Owner,11,Chevrolet,Chevrolet Aveo,7935.727272727273,4.0
Ford Figo Diesel EXI,2012,250000,156040,Diesel,Dealer,Manual,First Owner,8,Ford,Ford Figo,19505.0,8.0
Ford Endeavour 2.5L 4X2 MT,2004,400000,93415,Diesel,Dealer,Manual,First Owner,16,Ford,Ford Endeavour,5838.4375,4.0
Ford Aspire Titanium BSIV,2017,430000,101159,Petrol,Dealer,Manual,First Owner,3,Ford,Ford Aspire,33719.666666666664,2.0
Hyundai EON 1.0 Kappa Magna Plus,2015,170000,80000,Petrol,Individual,Manual,Second Owner,5,Hyundai,Hyundai EON,16000.0,2.0
Tata Tiago 2019-2020 XZ,2019,450000,12000,Petrol,Individual,Manual,First Owner,1,Tata,Tata Tiago,12000.0,1.0
Maruti Swift ZXI,2013,350000,90000,Petrol,Individual,Manual,First Owner,7,Maruti,Maruti Swift,12857.142857142857,2.0
Chevrolet Spark 1.0 LT,2011,130000,68519,Petrol,Dealer,Manual,First Owner,9,Chevrolet,Chevrolet Spark,7613.222222222223,6.0
Chevrolet Beat Diesel LS,2012,180000,55130,Diesel,Dealer,Manual,First Owner,8,Chevrolet,Chevrolet Beat,6891.25,12.0
Ford Ecosport 1.0 Ecoboost Titanium Optional,2014,475000,65239,Petrol,Dealer,Manual,First Owner,6,Ford,Ford Ecosport,10873.166666666666,2.0
Volkswagen Polo 1.2 MPI Comfortline,2015,470000,58182,Petrol,Dealer,Manual,First Owner,5,Volkswagen,Volkswagen Polo,11636.4,2.0
Ford Fiesta Diesel Trend,2012,200000,91245,Diesel,Dealer,Manual,First Owner,8,Ford,Ford Fiesta,11405.625,1.0
Mahindra XUV500 W8 2WD,2013,650000,102989,Diesel,Dealer,Manual,First Owner,7,Mahindra,Mahindra XUV500,14712.714285714286,16.0
Honda City 1.5 E MT,2010,400000,50000,Petrol,Individual,Manual,First Owner,10,Honda,Honda City,5000.0,1.0
Maruti Zen VXI,2000,100000,120000,Petrol,Individual,Manual,First Owner,20,Maruti,Maruti Zen,6000.0,2.0
Maruti Swift Dzire VDI,2014,409999,90000,Diesel,Individual,Manual,First Owner,6,Maruti,Maruti Swift,15000.0,54.0
Maruti Swift VDI BSIV,2018,640000,25000,Diesel,Individual,Manual,First Owner,2,Maruti,Maruti Swift,12500.0,28.0
Maruti Wagon R LXI Minor,2007,160000,80000,Petrol,Individual,Manual,Second Owner,13,Maruti,Maruti Wagon,6153.846153846154,21.0
Maruti Baleno Zeta 1.3,2018,750000,70000,Diesel,Individual,Manual,First Owner,2,Maruti,Maruti Baleno,35000.0,2.0
Mahindra Jeep MM 550 XDB,2002,150000,50000,Diesel,Individual,Manual,Third Owner,18,Mahindra,Mahindra Jeep,2777.777777777778,1.0
Maruti Alto STD,2008,80000,100000,Petrol,Individual,Manual,Second Owner,12,Maruti,Maruti Alto,8333.333333333334,3.0
Maruti Celerio VDi,2016,240000,90000,Diesel,Individual,Manual,Third Owner,4,Maruti,Maruti Celerio,22500.0,2.0
Maruti Esteem Lxi,2005,60000,60000,Petrol,Individual,Manual,Third Owner,15,Maruti,Maruti Esteem,4000.0,3.0
Maruti Alto LX,2007,70000,120000,Petrol,Individual,Manual,Third Owner,13,Maruti,Maruti Alto,9230.76923076923,30.0
Volkswagen Jetta 1.9 Highline TDI,2008,285000,90000,Diesel,Individual,Automatic,Second Owner,12,Volkswagen,Volkswagen Jetta,7500.0,2.0
Maruti Swift VDI BSIV,2015,350000,60000,Diesel,Individual,Manual,Second Owner,5,Maruti,Maruti Swift,12000.0,28.0
Hyundai i20 Active 1.4 SX with AVN,2015,699000,30000,Diesel,Individual,Manual,Second Owner,5,Hyundai,Hyundai i20,6000.0,1.0
Ford Figo Diesel ZXI,2011,275000,108000,Diesel,Individual,Manual,Second Owner,9,Ford,Ford Figo,12000.0,6.0
Hyundai i20 1.4 CRDi Magna,2012,350000,160000,Diesel,Individual,Manual,Second Owner,8,Hyundai,Hyundai i20,20000.0,2.0
Maruti Alto LXi BSIII,2006,135000,90000,Petrol,Individual,Manual,Third Owner,14,Maruti,Maruti Alto,6428.571428571428,14.0
Mahindra Xylo E4 8S,2010,325000,120000,Diesel,Individual,Manual,Third Owner,10,Mahindra,Mahindra Xylo,12000.0,1.0
Mahindra XUV500 W8 2WD,2012,650000,102000,Diesel,Individual,Manual,Second Owner,8,Mahindra,Mahindra XUV500,12750.0,16.0
Mahindra Bolero SLE,2009,300000,178000,Diesel,Individual,Manual,Second Owner,11,Mahindra,Mahindra Bolero,16181.818181818182,2.0
Toyota Innova 2.5 VX (Diesel) 8 Seater,2014,1200000,200000,Diesel,Individual,Manual,Second Owner,6,Toyota,Toyota Innova,33333.333333333336,5.0
Ford Fiesta Petrol Trend,2012,450000,60000,Petrol,Dealer,Manual,First Owner,8,Ford,Ford Fiesta,7500.0,1.0
Tata Tiago 1.2 Revotron XE,2019,425000,3000,Petrol,Individual,Manual,First Owner,1,Tata,Tata Tiago,3000.0,3.0
Maruti Alto LXi,2006,150000,75118,Petrol,Individual,Manual,Second Owner,14,Maruti,Maruti Alto,5365.571428571428,42.0
Maruti Ritz LDi,2013,290000,140000,Diesel,Individual,Manual,Second Owner,7,Maruti,Maruti Ritz,20000.0,6.0
Hyundai Xcent 1.2 Kappa Base,2014,335000,60000,Petrol,Individual,Manual,Second Owner,6,Hyundai,Hyundai Xcent,10000.0,1.0
Chevrolet Optra 1.6,2006,120000,79000,Petrol,Dealer,Manual,Fourth & Above Owner,14,Chevrolet,Chevrolet Optra,5642.857142857143,1.0
Ford Ikon 1.6 ZXI NXt,2005,20000,25000,Petrol,Individual,Manual,Second Owner,15,Ford,Ford Ikon,1666.6666666666667,1.0
Tata Indigo LS,2012,220000,70000,Diesel,Individual,Manual,Second Owner,8,Tata,Tata Indigo,8750.0,8.0
Ford Ikon 1.3 Flair,2005,61000,4637,Petrol,Individual,Manual,Second Owner,15,Ford,Ford Ikon,309.1333333333333,2.0
Maruti Swift VDI BSIV,2016,620000,70000,Diesel,Individual,Manual,First Owner,4,Maruti,Maruti Swift,17500.0,28.0
Maruti Swift Dzire LDIX Limited Edition,2014,425000,100000,Diesel,Individual,Manual,Second Owner,6,Maruti,Maruti Swift,16666.666666666668,1.0
Tata Indica Vista Aqua 1.3 Quadrajet,2009,85000,120000,Diesel,Individual,Manual,Second Owner,11,Tata,Tata Indica,10909.09090909091,3.0
Maruti Swift 1.3 DLX,2015,270000,40000,Diesel,Individual,Manual,Second Owner,5,Maruti,Maruti Swift,8000.0,1.0
Maruti Swift Vdi BSIII,2009,180000,220000,Diesel,Individual,Manual,First Owner,11,Maruti,Maruti Swift,20000.0,12.0
Mahindra KUV 100 mFALCON G80 K2,2017,450000,30000,Petrol,Individual,Manual,First Owner,3,Mahindra,Mahindra KUV,10000.0,2.0
Tata New Safari DICOR 2.2 VX 4x4,2012,450000,42655,Diesel,Individual,Manual,First Owner,8,Tata,Tata New,5331.875,1.0
Renault KWID 1.0 RXL,2017,250000,43000,Petrol,Individual,Manual,Second Owner,3,Renault,Renault KWID,14333.333333333334,2.0
Toyota Innova 2.5 VX 8 STR BSIV,2012,725000,70000,Diesel,Individual,Manual,First Owner,8,Toyota,Toyota Innova,8750.0,1.0
Hyundai i20 Magna,2010,250000,55000,Petrol,Individual,Manual,First Owner,10,Hyundai,Hyundai i20,5500.0,4.0
Fiat Punto 1.3 Active,2010,99000,80000,Diesel,Individual,Manual,Second Owner,10,Fiat,Fiat Punto,8000.0,1.0
Renault KWID 1.0,2017,350000,55000,Petrol,Individual,Manual,First Owner,3,Renault,Renault KWID,18333.333333333332,2.0
Hyundai Xcent 1.2 VTVT E Plus,2018,511000,70000,Petrol,Individual,Manual,First Owner,2,Hyundai,Hyundai Xcent,35000.0,1.0
Maruti Ritz VDi,2012,300000,80000,Diesel,Individual,Manual,First Owner,8,Maruti,Maruti Ritz,10000.0,19.0
Audi Q5 2.0 TFSI Quattro,2010,1100000,110000,Petrol,Individual,Automatic,First Owner,10,Audi,Audi Q5,11000.0,1.0
Hyundai i10 Sportz 1.2,2010,125000,60000,Petrol,Individual,Manual,Third Owner,10,Hyundai,Hyundai i10,6000.0,7.0
Tata Tiago 1.2 Revotron XZ,2018,500000,30000,Petrol,Individual,Manual,First Owner,2,Tata,Tata Tiago,15000.0,5.0
Renault Duster 85PS Diesel RxL,2013,385000,80000,Diesel,Individual,Manual,Second Owner,7,Renault,Renault Duster,11428.57142857143,6.0
Skoda Rapid 1.6 MPI Elegance,2012,350000,90000,Petrol,Individual,Manual,First Owner,8,Skoda,Skoda Rapid,11250.0,1.0
Maruti 800 Std BSIII,2003,60000,50000,Petrol,Individual,Manual,First Owner,17,Maruti,Maruti 800,2941.176470588235,1.0
Hyundai Santro Xing GLS,2012,300000,50000,Petrol,Individual,Manual,First Owner,8,Hyundai,Hyundai Santro,6250.0,20.0
Hyundai i20 1.4 CRDi Asta,2012,400000,70000,Diesel,Individual,Manual,First Owner,8,Hyundai,Hyundai i20,8750.0,2.0
Ford Ecosport 1.5 DV5 MT Titanium,2014,550000,110000,Diesel,Individual,Manual,First Owner,6,Ford,Ford Ecosport,18333.333333333332,12.0
Nissan Sunny XL,2012,300000,80000,Petrol,Individual,Manual,Second Owner,8,Nissan,Nissan Sunny,10000.0,5.0
Maruti Swift VDI,2012,250000,156000,Diesel,Individual,Manual,First Owner,8,Maruti,Maruti Swift,19500.0,23.0
Toyota Innova 2.5 GX 7 STR,2012,800000,180000,Diesel,Individual,Manual,First Owner,8,Toyota,Toyota Innova,22500.0,1.0
Maruti Eeco 5 Seater AC BSIV,2018,300000,25000,Petrol,Individual,Manual,First Owner,2,Maruti,Maruti Eeco,12500.0,6.0
Maruti Alto LX,2004,80000,120000,Petrol,Individual,Manual,First Owner,16,Maruti,Maruti Alto,7500.0,30.0
Mahindra Scorpio S5 BSIV,2020,1200000,11000,Diesel,Individual,Manual,First Owner,0,Mahindra,Mahindra Scorpio,11000.0,1.0
Renault KWID AMT,2017,355000,40000,Petrol,Individual,Automatic,First Owner,3,Renault,Renault KWID,13333.333333333334,1.0
Maruti Swift Dzire VDI,2015,520000,50000,Diesel,Individual,Manual,First Owner,5,Maruti,Maruti Swift,10000.0,54.0
Hyundai Verna 1.6 CRDI,2012,500000,26000,Diesel,Individual,Manual,First Owner,8,Hyundai,Hyundai Verna,3250.0,4.0
Maruti Alto LXi,2008,114999,30000,Petrol,Individual,Manual,First Owner,12,Maruti,Maruti Alto,2500.0,42.0
Toyota Fortuner 4x2 Manual,2014,1800000,50000,Diesel,Individual,Manual,First Owner,6,Toyota,Toyota Fortuner,8333.333333333334,1.0
Mahindra TUV 300 T6 Plus,2018,800000,20000,Diesel,Individual,Manual,First Owner,2,Mahindra,Mahindra TUV,10000.0,3.0
Maruti Alto LXi BSIII,2008,105000,30000,Petrol,Individual,Manual,Second Owner,12,Maruti,Maruti Alto,2500.0,14.0
Maruti Alto LXi,2011,135000,78000,Petrol,Individual,Manual,First Owner,9,Maruti,Maruti Alto,8666.666666666666,42.0
Maruti Wagon R VXI BS IV,2011,170000,40000,Petrol,Individual,Manual,Second Owner,9,Maruti,Maruti Wagon,4444.444444444444,26.0
Hyundai Verna 1.6 SX VTVT,2014,550000,100000,Petrol,Individual,Manual,First Owner,6,Hyundai,Hyundai Verna,16666.666666666668,3.0
Honda City 1.5 V MT,2009,250000,70000,Petrol,Individual,Manual,Third Owner,11,Honda,Honda City,6363.636363636364,6.0
Hyundai Elantra CRDi SX,2014,650000,30000,Diesel,Individual,Manual,Second Owner,6,Hyundai,Hyundai Elantra,5000.0,1.0
Honda City 1.5 V AT Exclusive,2008,210000,77000,Petrol,Individual,Automatic,Third Owner,12,Honda,Honda City,6416.666666666667,1.0
Volkswagen Vento Diesel Highline,2011,260000,150000,Diesel,Individual,Manual,First Owner,9,Volkswagen,Volkswagen Vento,16666.666666666668,6.0
Maruti Swift Dzire ZDI,2016,750000,69000,Diesel,Individual,Manual,First Owner,4,Maruti,Maruti Swift,17250.0,11.0
Toyota Innova Crysta 2.8 GX AT BSIV,2016,1350000,120000,Diesel,Individual,Automatic,First Owner,4,Toyota,Toyota Innova,30000.0,1.0
Maruti Ritz VDi,2012,220000,120000,Diesel,Individual,Manual,Second Owner,8,Maruti,Maruti Ritz,15000.0,19.0
Hyundai Getz 1.3 GLS,2008,110000,110000,Petrol,Individual,Manual,Second Owner,12,Hyundai,Hyundai Getz,9166.666666666666,3.0
Mahindra XUV500 AT W8 FWD,2017,1230000,70000,Diesel,Individual,Automatic,First Owner,3,Mahindra,Mahindra XUV500,23333.333333333332,3.0
Mahindra Quanto C6,2013,220000,110000,Diesel,Individual,Manual,First Owner,7,Mahindra,Mahindra Quanto,15714.285714285714,7.0
Tata Indigo LX Dicor,2009,130000,50000,Diesel,Individual,Manual,First Owner,11,Tata,Tata Indigo,4545.454545454545,2.0
Hyundai i20 1.2 Magna,2012,330000,44000,Petrol,Individual,Manual,First Owner,8,Hyundai,Hyundai i20,5500.0,2.0
Honda City 1.5 S MT,2010,254999,90000,Petrol,Individual,Manual,Second Owner,10,Honda,Honda City,9000.0,5.0
Hyundai Verna 1.6 SX VTVT (O),2014,600000,50000,Petrol,Individual,Manual,Second Owner,6,Hyundai,Hyundai Verna,8333.333333333334,3.0
Hyundai i10 Magna,2012,210000,50000,Petrol,Individual,Manual,First Owner,8,Hyundai,Hyundai i10,6250.0,9.0
Chevrolet Enjoy TCDi LT 7 Seater,2014,300000,146000,Diesel,Individual,Manual,First Owner,6,Chevrolet,Chevrolet Enjoy,24333.333333333332,2.0
Tata Tiago 1.2 Revotron XTA,2018,426000,15000,Petrol,Individual,Automatic,First Owner,2,Tata,Tata Tiago,7500.0,1.0
Maruti Alto K10 VXI,2015,265000,60000,Petrol,Individual,Manual,First Owner,5,Maruti,Maruti Alto,12000.0,20.0
Hyundai Xcent 1.2 Kappa SX,2016,450000,35000,Petrol,Individual,Manual,Second Owner,4,Hyundai,Hyundai Xcent,8750.0,2.0
Hyundai Verna 1.6 SX,2012,480000,80000,Diesel,Individual,Manual,First Owner,8,Hyundai,Hyundai Verna,10000.0,13.0
Tata Nano Lx,2010,40000,90000,Petrol,Individual,Manual,First Owner,10,Tata,Tata Nano,9000.0,4.0
Honda City 1.5 S MT,2011,395000,70000,Petrol,Individual,Manual,Second Owner,9,Honda,Honda City,7777.777777777777,5.0
Maruti Wagon R VXI BS IV,2013,229999,62000,Petrol,Individual,Manual,Second Owner,7,Maruti,Maruti Wagon,8857.142857142857,26.0
Ford Ecosport 1.5 Petrol Titanium Plus AT,2018,875000,10000,Petrol,Individual,Automatic,First Owner,2,Ford,Ford Ecosport,5000.0,1.0
Maruti Eeco 5 STR With AC Plus HTR CNG,2010,170000,80000,CNG,Individual,Manual,Fourth & Above Owner,10,Maruti,Maruti Eeco,8000.0,5.0
Hyundai i20 Sportz 1.2,2015,500000,35000,Petrol,Individual,Manual,Second Owner,5,Hyundai,Hyundai i20,7000.0,8.0
Maruti Ignis 1.2 Sigma BSIV,2019,450000,40000,Petrol,Individual,Manual,First Owner,1,Maruti,Maruti Ignis,40000.0,1.0
Maruti Ertiga VDI,2012,550000,120000,Diesel,Individual,Manual,Third Owner,8,Maruti,Maruti Ertiga,15000.0,11.0
Tata Manza Aura Safire BS IV,2013,200000,60000,Petrol,Individual,Manual,First Owner,7,Tata,Tata Manza,8571.42857142857,2.0
Tata Indica GLS BS IV,2008,80000,90000,Petrol,Individual,Manual,Second Owner,12,Tata,Tata Indica,7500.0,14.0
Tata New Safari DICOR 2.2 EX 4x2,2010,300000,250000,Diesel,Individual,Manual,Second Owner,10,Tata,Tata New,25000.0,12.0
Ford Aspire Titanium Plus Diesel BSIV,2019,675000,15000,Diesel,Individual,Manual,First Owner,1,Ford,Ford Aspire,15000.0,2.0
Maruti Eeco 7 Seater Standard BSIV,2017,260000,30000,Petrol,Individual,Manual,First Owner,3,Maruti,Maruti Eeco,10000.0,5.0
Maruti Wagon R LXI,2001,70000,117000,Petrol,Individual,Manual,Second Owner,19,Maruti,Maruti Wagon,6157.894736842105,15.0
Maruti Alto LX,2004,100000,70000,Petrol,Individual,Manual,First Owner,16,Maruti,Maruti Alto,4375.0,30.0
Toyota Innova 2.5 VX (Diesel) 7 Seater,2012,730000,110000,Diesel,Individual,Manual,Second Owner,8,Toyota,Toyota Innova,13750.0,4.0
Nissan Terrano XL 85 PS,2016,525000,100000,Diesel,Individual,Manual,Second Owner,4,Nissan,Nissan Terrano,25000.0,4.0
Nissan Terrano XL 85 PS,2016,525000,105000,Diesel,Individual,Manual,Second Owner,4,Nissan,Nissan Terrano,26250.0,4.0
Toyota Innova 2.5 V Diesel 7-seater,2009,550000,182000,Diesel,Individual,Manual,Third Owner,11,Toyota,Toyota Innova,16545.454545454544,5.0
Toyota Corolla Altis Diesel D4DJ,2012,420000,95000,Diesel,Individual,Manual,Second Owner,8,Toyota,Toyota Corolla,11875.0,1.0
Honda Amaze SX i-VTEC,2015,500000,70000,Petrol,Individual,Manual,First Owner,5,Honda,Honda Amaze,14000.0,2.0
Maruti Wagon R LXI Minor,2009,165000,76000,Petrol,Individual,Manual,Second Owner,11,Maruti,Maruti Wagon,6909.090909090909,21.0
Hyundai Verna 1.6 SX,2014,650000,70000,Diesel,Individual,Manual,Second Owner,6,Hyundai,Hyundai Verna,11666.666666666666,13.0
Chevrolet Beat Diesel LT,2013,195000,46000,Diesel,Individual,Manual,First Owner,7,Chevrolet,Chevrolet Beat,6571.428571428572,14.0
Maruti Zen LX,1999,75000,70000,Petrol,Individual,Manual,First Owner,21,Maruti,Maruti Zen,3333.3333333333335,9.0
Maruti Esteem Lxi - BSIII,2006,90000,90000,Petrol,Individual,Manual,First Owner,14,Maruti,Maruti Esteem,6428.571428571428,3.0
Hyundai Xcent 1.1 CRDi Base,2016,515000,50000,Diesel,Individual,Manual,First Owner,4,Hyundai,Hyundai Xcent,12500.0,5.0
Honda Jazz 1.5 VX i DTEC,2017,700000,24585,Diesel,Dealer,Manual,Test Drive Car,3,Honda,Honda Jazz,8195.0,6.0
Maruti Zen LX,2001,62000,70000,Petrol,Individual,Manual,First Owner,19,Maruti,Maruti Zen,3684.2105263157896,9.0
Toyota Etios GD SP,2011,220000,110000,Diesel,Individual,Manual,Third Owner,9,Toyota,Toyota Etios,12222.222222222223,2.0
Hyundai Santro Magna CNG BSIV,2019,520000,10000,CNG,Individual,Manual,First Owner,1,Hyundai,Hyundai Santro,10000.0,1.0
Fiat Linea Emotion,2010,170000,100000,Petrol,Individual,Manual,First Owner,10,Fiat,Fiat Linea,10000.0,1.0
Ford Figo Diesel Titanium,2011,190000,110000,Diesel,Individual,Manual,Second Owner,9,Ford,Ford Figo,12222.222222222223,14.0
Ford Figo Diesel Titanium,2011,150000,100000,Diesel,Individual,Manual,Second Owner,9,Ford,Ford Figo,11111.111111111111,14.0
Maruti Zen Estilo LXI BS IV,2009,125000,65000,Petrol,Individual,Manual,First Owner,11,Maruti,Maruti Zen,5909.090909090909,3.0
Honda Amaze EX i-Dtech,2015,290000,40000,Diesel,Individual,Manual,Third Owner,5,Honda,Honda Amaze,8000.0,4.0
Maruti Celerio X ZXI BSIV,2019,490000,13900,Petrol,Individual,Manual,First Owner,1,Maruti,Maruti Celerio,13900.0,1.0
Tata Tigor 1.2 Revotron XZ Option,2017,434999,17563,Petrol,Individual,Manual,First Owner,3,Tata,Tata Tigor,5854.333333333333,3.0
Tata Zest Revotron 1.2T XE,2016,380000,15000,Petrol,Individual,Manual,First Owner,4,Tata,Tata Zest,3750.0,4.0
Volkswagen Polo Diesel Trendline 1.2L,2012,200000,82000,Diesel,Individual,Manual,Second Owner,8,Volkswagen,Volkswagen Polo,10250.0,7.0
Ford Figo 1.5D Trend MT,2016,495000,40000,Diesel,Individual,Manual,First Owner,4,Ford,Ford Figo,10000.0,3.0
Toyota Innova 2.5 Z Diesel 7 Seater BS IV,2014,894999,173000,Diesel,Individual,Manual,Third Owner,6,Toyota,Toyota Innova,28833.333333333332,3.0
Mahindra XUV500 W6 2WD,2014,600000,151000,Diesel,Individual,Manual,Second Owner,6,Mahindra,Mahindra XUV500,25166.666666666668,13.0
Honda Brio S MT,2015,300000,50000,Petrol,Individual,Manual,First Owner,5,Honda,Honda Brio,10000.0,6.0
Honda Amaze E i-VTEC,2017,430000,15000,Petrol,Individual,Manual,First Owner,3,Honda,Honda Amaze,5000.0,2.0
Honda Amaze E i-DTEC,2017,370000,80000,Diesel,Individual,Manual,First Owner,3,Honda,Honda Amaze,26666.666666666668,1.0
Maruti Baleno Zeta 1.2,2019,750000,11000,Petrol,Individual,Manual,First Owner,1,Maruti,Maruti Baleno,11000.0,6.0
Maruti Alto K10 LXI CNG Optional,2016,300000,50000,CNG,Individual,Manual,First Owner,4,Maruti,Maruti Alto,12500.0,1.0
BMW X1 sDrive20d,2012,700000,120000,Diesel,Individual,Automatic,Second Owner,8,BMW,BMW X1,15000.0,3.0
Maruti Wagon R LXI DUO BSIII,2007,100000,70000,LPG,Individual,Manual,Third Owner,13,Maruti,Maruti Wagon,5384.615384615385,4.0
Hyundai Grand i10 Sportz,2015,300000,90000,Petrol,Individual,Manual,First Owner,5,Hyundai,Hyundai Grand,18000.0,11.0
Tata Indica Vista Quadrajet VX,2012,130000,185000,Diesel,Individual,Manual,Second Owner,8,Tata,Tata Indica,23125.0,5.0
Hyundai i20 Asta Option 1.4 CRDi,2016,650000,40000,Diesel,Individual,Manual,First Owner,4,Hyundai,Hyundai i20,10000.0,6.0
Maruti Swift VDI BSIV,2017,509999,25000,Diesel,Individual,Manual,First Owner,3,Maruti,Maruti Swift,8333.333333333334,28.0
Toyota Innova 2.5 VX (Diesel) 7 Seater,2013,1000000,117780,Diesel,Individual,Manual,Second Owner,7,Toyota,Toyota Innova,16825.714285714286,4.0
Hyundai Verna CRDi SX,2010,280000,120000,Diesel,Individual,Manual,Second Owner,10,Hyundai,Hyundai Verna,12000.0,4.0
Maruti Swift DDiS VDI,2017,600000,120000,Diesel,Individual,Manual,First Owner,3,Maruti,Maruti Swift,40000.0,2.0
Skoda Rapid 1.6 TDI Ambition,2013,210000,120000,Diesel,Individual,Manual,Third Owner,7,Skoda,Skoda Rapid,17142.85714285714,1.0
Audi Q3 2.0 TDI Quattro Premium Plus,2014,1150000,110000,Diesel,Individual,Automatic,Second Owner,6,Audi,Audi Q3,18333.333333333332,3.0
Hyundai EON Magna Plus,2018,245000,30000,Petrol,Individual,Manual,First Owner,2,Hyundai,Hyundai EON,15000.0,17.0
Hyundai Grand i10 Sportz,2016,375000,25000,Petrol,Individual,Manual,First Owner,4,Hyundai,Hyundai Grand,6250.0,11.0
Mahindra Scorpio 1.99 S10,2015,150000,55000,Diesel,Individual,Manual,Second Owner,5,Mahindra,Mahindra Scorpio,11000.0,6.0
Mahindra XUV500 W10 2WD,2018,1450000,20000,Diesel,Individual,Manual,First Owner,2,Mahindra,Mahindra XUV500,10000.0,5.0
Maruti Ertiga VDI,2014,500000,100000,Diesel,Individual,Manual,Second Owner,6,Maruti,Maruti Ertiga,16666.666666666668,11.0
Maruti Alto LXi,2007,75000,40000,Petrol,Individual,Manual,Second Owner,13,Maruti,Maruti Alto,3076.923076923077,42.0
Hyundai Sonata AT Leather,2006,225000,80000,Petrol,Individual,Automatic,Third Owner,14,Hyundai,Hyundai Sonata,5714.285714285715,1.0
Hyundai Sonata 2.4L AT,2006,275000,80000,Petrol,Individual,Automatic,Fourth & Above Owner,14,Hyundai,Hyundai Sonata,5714.285714285715,1.0
Mahindra Bolero Power Plus SLX,2018,620000,35000,Diesel,Individual,Manual,First Owner,2,Mahindra,Mahindra Bolero,17500.0,11.0
Nissan X-Trail SLX MT,2010,600000,110000,Diesel,Individual,Manual,Second Owner,10,Nissan,Nissan X-Trail,11000.0,1.0
Mahindra Xylo E8 ABS Airbag BSIV,2011,275000,160000,Diesel,Individual,Manual,First Owner,9,Mahindra,Mahindra Xylo,17777.777777777777,1.0
Tata Indigo TDI,2013,125000,125000,Diesel,Individual,Manual,First Owner,7,Tata,Tata Indigo,17857.14285714286,7.0
Tata Indigo GLS,2011,80000,62000,Petrol,Individual,Manual,Second Owner,9,Tata,Tata Indigo,6888.888888888889,2.0
Nissan Micra Diesel XV,2011,199000,120000,Diesel,Individual,Manual,Second Owner,9,Nissan,Nissan Micra,13333.333333333334,3.0
Nissan Micra XL,2016,440000,33000,Petrol,Individual,Manual,Second Owner,4,Nissan,Nissan Micra,8250.0,5.0
Maruti Swift Dzire LDI,2013,250000,80000,Diesel,Individual,Manual,Fourth & Above Owner,7,Maruti,Maruti Swift,11428.57142857143,8.0
Hyundai i20 1.4 Sportz,2017,700000,35000,Diesel,Individual,Manual,First Owner,3,Hyundai,Hyundai i20,11666.666666666666,4.0
Hyundai Grand i10 CRDi Asta Option,2015,450000,50000,Diesel,Individual,Manual,First Owner,5,Hyundai,Hyundai Grand,10000.0,1.0
Maruti Alto 800 Std Optional,2019,240000,5000,Petrol,Individual,Manual,First Owner,1,Maruti,Maruti Alto,5000.0,1.0
Ford EcoSport 1.5 TDCi Titanium BSIV,2016,650000,81595,Diesel,Dealer,Manual,First Owner,4,Ford,Ford EcoSport,20398.75,9.0
Hyundai Getz GLS ABS,2005,71000,22000,Petrol,Individual,Manual,First Owner,15,Hyundai,Hyundai Getz,1466.6666666666667,1.0
Maruti Swift VXI Optional,2015,400000,40000,Petrol,Individual,Manual,First Owner,5,Maruti,Maruti Swift,8000.0,2.0
Maruti Alto LXi BSIII,2008,130000,40000,Petrol,Individual,Manual,Second Owner,12,Maruti,Maruti Alto,3333.3333333333335,14.0
Mahindra Scorpio 2.6 CRDe SLE,2013,300000,70000,Diesel,Individual,Manual,Second Owner,7,Mahindra,Mahindra Scorpio,10000.0,2.0
Nissan Kicks XL D BSIV,2019,1100000,4000,Diesel,Individual,Manual,First Owner,1,Nissan,Nissan Kicks,4000.0,1.0
BMW 3 Series 320d Luxury Line,2015,2200000,24000,Diesel,Individual,Automatic,First Owner,5,BMW,BMW 3,4800.0,3.0
Honda Amaze VX i-VTEC,2018,800000,13500,Petrol,Dealer,Manual,First Owner,2,Honda,Honda Amaze,6750.0,3.0
Maruti Ritz VDI (ABS) BS IV,2013,490000,40000,Diesel,Individual,Manual,First Owner,7,Maruti,Maruti Ritz,5714.285714285715,1.0
Honda Jazz 1.2 VX i VTEC,2018,836000,9700,Petrol,Dealer,Manual,First Owner,2,Honda,Honda Jazz,4850.0,2.0
Volkswagen Polo Petrol Comfortline 1.2L,2012,375000,62000,Petrol,Individual,Manual,Second Owner,8,Volkswagen,Volkswagen Polo,7750.0,2.0
Honda BR-V i-DTEC VX MT,2016,1249000,24000,Diesel,Dealer,Manual,First Owner,4,Honda,Honda BR-V,6000.0,5.0
Honda WR-V i-DTEC VX,2019,1240000,13000,Diesel,Dealer,Manual,First Owner,1,Honda,Honda WR-V,13000.0,5.0
Tata Nano Std BSII,2009,35000,50000,Petrol,Individual,Manual,Third Owner,11,Tata,Tata Nano,4545.454545454545,1.0
Honda BR-V i-VTEC VX MT,2017,1068000,36000,Petrol,Dealer,Manual,First Owner,3,Honda,Honda BR-V,12000.0,3.0
Honda BR-V i-DTEC VX MT,2017,1189000,40000,Diesel,Dealer,Manual,First Owner,3,Honda,Honda BR-V,13333.333333333334,5.0
Hyundai Elite i20 Petrol Asta Option,2018,700000,27000,Petrol,Individual,Manual,First Owner,2,Hyundai,Hyundai Elite,13500.0,1.0
Maruti Alto K10 VXI,2016,350000,40000,Petrol,Individual,Manual,First Owner,4,Maruti,Maruti Alto,10000.0,20.0
Hyundai i10 Magna 1.2,2009,254999,80000,Petrol,Individual,Manual,Second Owner,11,Hyundai,Hyundai i10,7272.727272727273,4.0
Mahindra Scorpio 2.6 CRDe,2005,229999,221000,Diesel,Individual,Manual,Third Owner,15,Mahindra,Mahindra Scorpio,14733.333333333334,4.0
Hyundai i20 Asta Option 1.4 CRDi,2016,750000,80000,Diesel,Individual,Manual,First Owner,4,Hyundai,Hyundai i20,20000.0,6.0
Maruti Ritz VDi,2012,325000,119000,Diesel,Individual,Manual,Second Owner,8,Maruti,Maruti Ritz,14875.0,19.0
Toyota Innova 2.5 G4 Diesel 7-seater,2009,760000,190000,Diesel,Individual,Manual,Second Owner,11,Toyota,Toyota Innova,17272.727272727272,3.0
Maruti Celerio ZXI AT,2017,509999,25000,Petrol,Individual,Automatic,First Owner,3,Maruti,Maruti Celerio,8333.333333333334,1.0
Nissan Micra XL,2013,363000,28740,Petrol,Individual,Manual,First Owner,7,Nissan,Nissan Micra,4105.714285714285,5.0
Maruti Alto K10 LXI,2010,229999,48500,Petrol,Individual,Manual,First Owner,10,Maruti,Maruti Alto,4850.0,8.0
Nissan Sunny XL,2012,290000,110000,Petrol,Individual,Manual,Second Owner,8,Nissan,Nissan Sunny,13750.0,5.0
Maruti Swift VXI,2018,550000,30000,Petrol,Individual,Manual,First Owner,2,Maruti,Maruti Swift,15000.0,10.0
Tata Indica Vista TDI LX,2011,125000,120000,Diesel,Individual,Manual,Second Owner,9,Tata,Tata Indica,13333.333333333334,3.0
Volvo XC60 D5 Inscription,2014,2000000,130000,Diesel,Individual,Automatic,First Owner,6,Volvo,Volvo XC60,21666.666666666668,1.0
Toyota Innova 2.5 G4 Diesel 7-seater,2008,350000,140000,Diesel,Individual,Manual,Second Owner,12,Toyota,Toyota Innova,11666.666666666666,3.0
Hyundai Verna 1.6 SX CRDi (O),2011,390000,90000,Diesel,Individual,Manual,First Owner,9,Hyundai,Hyundai Verna,10000.0,14.0
Maruti Celerio VXI,2015,220000,45000,Petrol,Individual,Manual,First Owner,5,Maruti,Maruti Celerio,9000.0,8.0
Hyundai Santro Xing XG,2005,140000,80000,Petrol,Individual,Manual,Third Owner,15,Hyundai,Hyundai Santro,5333.333333333333,7.0
Maruti Wagon R AMT VXI Option,2018,370000,15000,Petrol,Individual,Automatic,First Owner,2,Maruti,Maruti Wagon,7500.0,1.0
Maruti Swift Dzire VDI,2019,650000,20000,Diesel,Individual,Manual,First Owner,1,Maruti,Maruti Swift,20000.0,54.0
Maruti Alto 800 LX,2017,280000,37000,Petrol,Individual,Manual,First Owner,3,Maruti,Maruti Alto,12333.333333333334,3.0
Maruti Swift Dzire VDI,2016,540000,80000,Diesel,Individual,Manual,First Owner,4,Maruti,Maruti Swift,20000.0,54.0
Ambassador Classic 2000 Dsz,2002,50000,120000,Diesel,Individual,Manual,Fourth & Above Owner,18,Ambassador,Ambassador Classic,6666.666666666667,1.0
Maruti Ciaz Sigma BSIV,2018,800000,20000,Petrol,Individual,Manual,First Owner,2,Maruti,Maruti Ciaz,10000.0,1.0
Ford Figo 1.5D Titanium MT,2016,515000,25000,Diesel,Individual,Manual,First Owner,4,Ford,Ford Figo,6250.0,2.0
Hyundai i20 1.2 Magna,2010,220000,96000,Petrol,Individual,Manual,Third Owner,10,Hyundai,Hyundai i20,9600.0,2.0
Chevrolet Spark 1.0 LT Option Pack w/ Airbag,2013,165000,53000,Petrol,Dealer,Manual,First Owner,7,Chevrolet,Chevrolet Spark,7571.428571428572,1.0
Fiat Linea 1.3 Emotion,2010,221000,65000,Diesel,Dealer,Manual,First Owner,10,Fiat,Fiat Linea,6500.0,2.0
Chevrolet Beat LT,2015,245000,43000,Petrol,Dealer,Manual,First Owner,5,Chevrolet,Chevrolet Beat,8600.0,11.0
Ford Figo 1.2P Titanium Plus MT,2012,260000,42000,Petrol,Dealer,Manual,First Owner,8,Ford,Ford Figo,5250.0,1.0
Skoda Superb Elegance 2.0 TDI CR AT,2011,550000,73000,Diesel,Dealer,Automatic,First Owner,9,Skoda,Skoda Superb,8111.111111111111,4.0
Hyundai Grand i10 1.2 Kappa Era,2015,434999,29000,Petrol,Dealer,Manual,First Owner,5,Hyundai,Hyundai Grand,5800.0,1.0
Tata Safari Storme EX,2013,450000,95000,Diesel,Dealer,Manual,First Owner,7,Tata,Tata Safari,13571.42857142857,4.0
Chevrolet Sail 1.2 Base,2014,290000,25000,Petrol,Individual,Manual,First Owner,6,Chevrolet,Chevrolet Sail,4166.666666666667,3.0
Volkswagen Vento 1.0 TSI Highline Plus,2011,305000,53000,Petrol,Dealer,Manual,Second Owner,9,Volkswagen,Volkswagen Vento,5888.888888888889,1.0
Ford Classic 1.6 Duratec LXI,2011,265000,20000,Petrol,Dealer,Manual,First Owner,9,Ford,Ford Classic,2222.222222222222,1.0
Honda Brio 1.2 S MT,2014,325000,57000,Petrol,Dealer,Manual,First Owner,6,Honda,Honda Brio,9500.0,4.0
Chevrolet Cruze LTZ,2014,550000,52000,Diesel,Dealer,Manual,First Owner,6,Chevrolet,Chevrolet Cruze,8666.666666666666,8.0
Maruti Zen Estilo LXI BSIII,2008,105000,40000,Petrol,Individual,Manual,First Owner,12,Maruti,Maruti Zen,3333.3333333333335,4.0
Honda Brio 1.2 S MT,2012,275000,47000,Petrol,Dealer,Manual,First Owner,8,Honda,Honda Brio,5875.0,4.0
Honda City 1.5 V MT,2012,434999,47000,Petrol,Dealer,Manual,Second Owner,8,Honda,Honda City,5875.0,6.0
Hyundai Verna 1.6 CRDi SX,2016,690000,73000,Diesel,Dealer,Manual,First Owner,4,Hyundai,Hyundai Verna,18250.0,3.0
Honda Brio V MT,2012,249000,42000,Petrol,Dealer,Manual,Second Owner,8,Honda,Honda Brio,5250.0,2.0
Hyundai EON D Lite Plus,2012,204999,60000,Petrol,Dealer,Manual,Third Owner,8,Hyundai,Hyundai EON,7500.0,5.0
Maruti Wagon R VXI Optional,2015,190000,120000,Petrol,Individual,Manual,First Owner,5,Maruti,Maruti Wagon,24000.0,5.0
Maruti Alto LXi,2012,150000,50000,Petrol,Individual,Manual,First Owner,8,Maruti,Maruti Alto,6250.0,42.0
Maruti Zen LX,1999,70000,70000,Petrol,Individual,Manual,Fourth & Above Owner,21,Maruti,Maruti Zen,3333.3333333333335,9.0
Mahindra Bolero Power Plus SLX,2018,900000,25000,Diesel,Individual,Manual,First Owner,2,Mahindra,Mahindra Bolero,12500.0,11.0
Maruti Ertiga ZXI AT Petrol,2019,950000,11000,Petrol,Individual,Automatic,First Owner,1,Maruti,Maruti Ertiga,11000.0,1.0
Maruti Swift Dzire VXI,2013,475000,80000,Petrol,Individual,Manual,First Owner,7,Maruti,Maruti Swift,11428.57142857143,3.0
Maruti 800 Std,1998,55000,80000,Petrol,Individual,Manual,Fourth & Above Owner,22,Maruti,Maruti 800,3636.3636363636365,10.0
Ford Fiesta Titanium 1.5 TDCi,2013,450000,75000,Diesel,Individual,Manual,Second Owner,7,Ford,Ford Fiesta,10714.285714285714,4.0
BMW 5 Series 525d Sedan,2009,1200000,45000,Diesel,Individual,Automatic,Third Owner,11,BMW,BMW 5,4090.909090909091,1.0
Mahindra Bolero SLX,2007,300000,100000,Diesel,Individual,Manual,Second Owner,13,Mahindra,Mahindra Bolero,7692.307692307692,8.0
Honda City i DTEC E,2014,350000,60000,Diesel,Individual,Manual,Second Owner,6,Honda,Honda City,10000.0,1.0
Tata Indica Vista Quadrajet LS,2011,229999,160000,Diesel,Individual,Manual,Second Owner,9,Tata,Tata Indica,17777.777777777777,5.0
Hyundai Creta 1.6 Gamma SX Plus,2015,821000,50000,Petrol,Individual,Manual,First Owner,5,Hyundai,Hyundai Creta,10000.0,1.0
Maruti Alto K10 VXI,2014,200000,80000,Petrol,Individual,Manual,Second Owner,6,Maruti,Maruti Alto,13333.333333333334,20.0
Mahindra Scorpio 1.99 S10,2017,1000000,60000,Diesel,Individual,Manual,Second Owner,3,Mahindra,Mahindra Scorpio,20000.0,6.0
Maruti Alto 800 VXI,2016,220000,60000,Petrol,Individual,Manual,Second Owner,4,Maruti,Maruti Alto,15000.0,13.0
Ford Figo Aspire 1.5 TDCi Trend,2015,459999,148620,Diesel,Dealer,Manual,First Owner,5,Ford,Ford Figo,29724.0,2.0
Maruti SX4 ZDI,2012,310000,70000,Diesel,Individual,Manual,Second Owner,8,Maruti,Maruti SX4,8750.0,3.0
Hyundai Elite i20 Diesel Asta Option,2018,815000,42000,Diesel,Individual,Manual,First Owner,2,Hyundai,Hyundai Elite,21000.0,2.0
Hyundai Verna 1.6 CRDI SX Option,2017,1200000,40000,Diesel,Individual,Manual,First Owner,3,Hyundai,Hyundai Verna,13333.333333333334,3.0
Chevrolet Optra Magnum 2.0 LT,2011,170000,150000,Diesel,Individual,Manual,Second Owner,9,Chevrolet,Chevrolet Optra,16666.666666666668,2.0
Maruti S-Cross Alpha DDiS 200 SH,2017,1000000,30000,Diesel,Individual,Manual,First Owner,3,Maruti,Maruti S-Cross,10000.0,3.0
Hyundai Santro Xing GLS,2010,155000,90000,Petrol,Individual,Manual,Fourth & Above Owner,10,Hyundai,Hyundai Santro,9000.0,20.0
Mahindra TUV 300 T6 Plus,2017,400000,120000,Diesel,Individual,Manual,First Owner,3,Mahindra,Mahindra TUV,40000.0,3.0
Mahindra Quanto C4,2016,400000,80000,Diesel,Individual,Manual,Second Owner,4,Mahindra,Mahindra Quanto,20000.0,3.0
Tata Indica Vista Aura 1.3 Quadrajet BSIV,2010,250000,80000,Diesel,Individual,Manual,Second Owner,10,Tata,Tata Indica,8000.0,1.0
Tata Indigo GLX,2008,150000,50000,Petrol,Individual,Manual,Third Owner,12,Tata,Tata Indigo,4166.666666666667,3.0
Hyundai Santro LP zipPlus,2002,80000,70000,Petrol,Individual,Manual,Second Owner,18,Hyundai,Hyundai Santro,3888.8888888888887,3.0
Volkswagen Vento 1.5 TDI Comfortline AT,2014,325000,70000,Diesel,Individual,Automatic,First Owner,6,Volkswagen,Volkswagen Vento,11666.666666666666,1.0
Hyundai Elite i20 Sportz Plus CVT BSIV,2019,738000,8000,Petrol,Individual,Automatic,First Owner,1,Hyundai,Hyundai Elite,8000.0,1.0
Maruti Alto K10 VXI,2016,300000,30000,Petrol,Individual,Manual,First Owner,4,Maruti,Maruti Alto,7500.0,20.0
Tata Indica Vista Quadrajet LX,2012,150000,110000,Diesel,Individual,Manual,First Owner,8,Tata,Tata Indica,13750.0,6.0
Toyota Innova 2.5 G4 Diesel 7-seater,2007,440000,223000,Diesel,Individual,Manual,Fourth & Above Owner,13,Toyota,Toyota Innova,17153.846153846152,3.0
Volkswagen Vento IPL II Diesel Trendline,2011,280000,110000,Diesel,Individual,Manual,First Owner,9,Volkswagen,Volkswagen Vento,12222.222222222223,1.0
Hyundai Santro GS,2006,100000,120000,Petrol,Individual,Manual,Second Owner,14,Hyundai,Hyundai Santro,8571.42857142857,2.0
Maruti Swift VXi BSIV,2008,150000,100000,Petrol,Individual,Manual,Second Owner,12,Maruti,Maruti Swift,8333.333333333334,2.0
Maruti Swift Dzire VDI,2014,380000,100000,Diesel,Individual,Manual,Second Owner,6,Maruti,Maruti Swift,16666.666666666668,54.0
Maruti Alto LX,2006,90000,60000,Petrol,Individual,Manual,Second Owner,14,Maruti,Maruti Alto,4285.714285714285,30.0
Mahindra Scorpio VLS 2.2 mHawk,2008,300000,270000,Diesel,Individual,Manual,Third Owner,12,Mahindra,Mahindra Scorpio,22500.0,2.0
Skoda Fabia 1.2 TDI Active,2011,275000,60000,Diesel,Individual,Manual,Second Owner,9,Skoda,Skoda Fabia,6666.666666666667,1.0
Maruti Zen Estilo Sports,2009,180000,41090,Petrol,Individual,Manual,First Owner,11,Maruti,Maruti Zen,3735.4545454545455,2.0
Maruti Swift VDI,2012,225000,296823,Diesel,Individual,Manual,First Owner,8,Maruti,Maruti Swift,37102.875,23.0
Maruti Alto 800 LXI,2014,200000,40000,Petrol,Individual,Manual,First Owner,6,Maruti,Maruti Alto,6666.666666666667,48.0
Toyota Corolla Altis G,2011,500000,40000,Petrol,Individual,Manual,Second Owner,9,Toyota,Toyota Corolla,4444.444444444444,1.0
Ford Fiesta 1.6 Duratec S,2010,300000,70000,Petrol,Individual,Manual,Second Owner,10,Ford,Ford Fiesta,7000.0,1.0
Hyundai Verna 1.6 CRDi SX,2015,765000,80000,Diesel,Individual,Manual,Second Owner,5,Hyundai,Hyundai Verna,16000.0,3.0
Maruti Swift Dzire VDI,2017,650000,90000,Diesel,Individual,Manual,First Owner,3,Maruti,Maruti Swift,30000.0,54.0
Maruti Wagon R VXI Plus Optional,2017,380000,19000,Petrol,Individual,Manual,First Owner,3,Maruti,Maruti Wagon,6333.333333333333,1.0
Maruti Swift Dzire VDI,2014,480000,110000,Diesel,Individual,Manual,Second Owner,6,Maruti,Maruti Swift,18333.333333333332,54.0
Mahindra Jeep MM 540,1996,200000,60000,Diesel,Individual,Manual,First Owner,24,Mahindra,Mahindra Jeep,2500.0,2.0
Maruti Zen Estilo LXI Green (CNG),2010,145000,68000,CNG,Individual,Manual,Second Owner,10,Maruti,Maruti Zen,6800.0,2.0
Maruti Ritz VDi,2011,280000,120000,Diesel,Individual,Manual,Second Owner,9,Maruti,Maruti Ritz,13333.333333333334,19.0
Maruti Swift Dzire VDI,2014,254999,30000,Diesel,Individual,Manual,First Owner,6,Maruti,Maruti Swift,5000.0,54.0
Tata Bolt Revotron XE,2016,300000,90000,Petrol,Individual,Manual,Second Owner,4,Tata,Tata Bolt,22500.0,1.0
Maruti Swift VDI BSIV,2015,480000,140000,Diesel,Individual,Manual,Third Owner,5,Maruti,Maruti Swift,28000.0,28.0
Skoda Rapid Monte Carlo 1.6 MPI AT BSIV,2017,850000,44500,Petrol,Individual,Automatic,First Owner,3,Skoda,Skoda Rapid,14833.333333333334,1.0
Hyundai i20 Asta 1.4 CRDi,2014,350000,52000,Diesel,Individual,Manual,Second Owner,6,Hyundai,Hyundai i20,8666.666666666666,10.0
Hyundai i20 Active 1.2 SX,2016,650000,26000,Petrol,Individual,Manual,First Owner,4,Hyundai,Hyundai i20,6500.0,5.0
Tata New Safari 4X2,2007,550000,80000,Petrol,Individual,Manual,Second Owner,13,Tata,Tata New,6153.846153846154,1.0
Maruti Celerio VXI,2015,300000,35000,Petrol,Individual,Manual,First Owner,5,Maruti,Maruti Celerio,7000.0,8.0
Maruti Swift 1.3 VXi,2008,150000,60000,Petrol,Individual,Manual,Second Owner,12,Maruti,Maruti Swift,5000.0,10.0
Hyundai Grand i10 Sportz,2014,300000,120000,Petrol,Individual,Manual,First Owner,6,Hyundai,Hyundai Grand,20000.0,11.0
Hyundai Santro Xing XG,2004,80000,58000,Petrol,Individual,Manual,First Owner,16,Hyundai,Hyundai Santro,3625.0,7.0
Tata Manza ELAN Quadrajet BS IV,2011,180000,80000,Diesel,Individual,Manual,Third Owner,9,Tata,Tata Manza,8888.888888888889,2.0
Ford Fiesta 1.4 ZXi TDCi ABS,2009,110000,100000,Diesel,Individual,Manual,Fourth & Above Owner,11,Ford,Ford Fiesta,9090.90909090909,2.0
Hyundai Grand i10 Sportz,2015,425000,12000,Petrol,Individual,Manual,First Owner,5,Hyundai,Hyundai Grand,2400.0,11.0
Honda Amaze VX i-DTEC,2016,700000,35000,Diesel,Individual,Manual,First Owner,4,Honda,Honda Amaze,8750.0,7.0
Maruti Zen Estilo VXI BSIV,2010,130000,50000,Petrol,Individual,Manual,Second Owner,10,Maruti,Maruti Zen,5000.0,3.0
Maruti Swift Dzire ZDI,2017,650000,67000,Diesel,Individual,Manual,First Owner,3,Maruti,Maruti Swift,22333.333333333332,11.0
Renault Duster Petrol RxL,2013,400000,100000,Petrol,Individual,Manual,Second Owner,7,Renault,Renault Duster,14285.714285714286,1.0
Mahindra TUV 300 mHAWK100 T8,2017,800000,60000,Diesel,Individual,Manual,First Owner,3,Mahindra,Mahindra TUV,20000.0,2.0
Mahindra Bolero Power Plus SLX,2017,675000,70000,Diesel,Individual,Manual,First Owner,3,Mahindra,Mahindra Bolero,23333.333333333332,11.0
Maruti Omni E MPI STD BS IV,2017,210000,50000,Petrol,Individual,Manual,Fourth & Above Owner,3,Maruti,Maruti Omni,16666.666666666668,7.0
Tata New Safari DICOR 2.2 EX 4x2,2009,150000,120000,Diesel,Individual,Manual,Third Owner,11,Tata,Tata New,10909.09090909091,12.0
Maruti Omni CNG,2007,45000,100000,CNG,Individual,Manual,Fourth & Above Owner,13,Maruti,Maruti Omni,7692.307692307692,1.0
Hyundai i20 Sportz 1.2,2015,516000,90000,Petrol,Individual,Manual,First Owner,5,Hyundai,Hyundai i20,18000.0,8.0
Hyundai i20 Sportz 1.2,2014,450000,80000,Petrol,Individual,Manual,First Owner,6,Hyundai,Hyundai i20,13333.333333333334,8.0
Chevrolet Spark 1.0 LS,2012,134000,90000,Petrol,Individual,Manual,Second Owner,8,Chevrolet,Chevrolet Spark,11250.0,12.0
Toyota Etios VD,2014,509999,157000,Diesel,Individual,Manual,Second Owner,6,Toyota,Toyota Etios,26166.666666666668,7.0
Volkswagen Polo 1.2 MPI Comfortline,2016,500000,20000,Petrol,Individual,Manual,First Owner,4,Volkswagen,Volkswagen Polo,5000.0,2.0
Maruti Zen Estilo 1.1 LXI BSIII,2008,130000,80000,Petrol,Individual,Manual,Fourth & Above Owner,12,Maruti,Maruti Zen,6666.666666666667,4.0
Maruti Swift ZDi BSIV,2015,575000,60000,Diesel,Individual,Manual,First Owner,5,Maruti,Maruti Swift,12000.0,4.0
Hyundai Elite i20 Sportz Plus BSIV,2015,550000,49000,Petrol,Individual,Manual,First Owner,5,Hyundai,Hyundai Elite,9800.0,3.0
Tata Indica Vista Terra TDI BSIII,2009,145000,89255,Diesel,Individual,Manual,First Owner,11,Tata,Tata Indica,8114.090909090909,1.0
Maruti Alto 800 LXI,2020,347000,5000,Petrol,Individual,Manual,First Owner,0,Maruti,Maruti Alto,5000.0,48.0
Tata Indica Vista Quadrajet VX,2013,275000,110000,Diesel,Individual,Manual,First Owner,7,Tata,Tata Indica,15714.285714285714,5.0
Toyota Innova 2.5 V Diesel 8-seater,2010,630000,200000,Diesel,Individual,Manual,Third Owner,10,Toyota,Toyota Innova,20000.0,6.0
Chevrolet Beat Diesel,2012,160000,90000,Diesel,Individual,Manual,Second Owner,8,Chevrolet,Chevrolet Beat,11250.0,3.0
Fiat Grande Punto 1.3 Dynamic (Diesel),2010,150000,63000,Diesel,Individual,Manual,Third Owner,10,Fiat,Fiat Grande,6300.0,2.0
Honda Mobilio S i VTEC,2015,550000,23000,Petrol,Individual,Manual,First Owner,5,Honda,Honda Mobilio,4600.0,1.0
Mahindra Quanto C6,2013,349000,100000,Diesel,Individual,Manual,First Owner,7,Mahindra,Mahindra Quanto,14285.714285714286,7.0
Mahindra Bolero DI DX 8 Seater,2004,229999,168000,Diesel,Individual,Manual,Fourth & Above Owner,16,Mahindra,Mahindra Bolero,10500.0,2.0
Tata Indica Vista Aqua 1.4 TDI,2008,110000,90000,Diesel,Individual,Manual,Third Owner,12,Tata,Tata Indica,7500.0,6.0
Maruti Wagon R LXI Minor,2008,110000,70000,Petrol,Individual,Manual,Third Owner,12,Maruti,Maruti Wagon,5833.333333333333,21.0
Renault KWID RXE,2018,245000,5550,Petrol,Individual,Manual,Second Owner,2,Renault,Renault KWID,2775.0,2.0
Maruti Alto K10 VXI,2014,180000,100000,Petrol,Individual,Manual,Second Owner,6,Maruti,Maruti Alto,16666.666666666668,20.0
Maruti Wagon R VXI BS IV,2014,290000,80000,Petrol,Individual,Manual,Second Owner,6,Maruti,Maruti Wagon,13333.333333333334,26.0
Hyundai i20 Magna,2010,250000,40000,Petrol,Individual,Manual,First Owner,10,Hyundai,Hyundai i20,4000.0,4.0
Tata Indigo TDI,2010,150000,100000,Diesel,Individual,Manual,First Owner,10,Tata,Tata Indigo,10000.0,7.0
Maruti 800 AC BSII,2004,55000,35000,Petrol,Individual,Manual,Third Owner,16,Maruti,Maruti 800,2187.5,4.0
Skoda Laura L n K 1.9 PD,2006,500000,75000,Diesel,Individual,Manual,Second Owner,14,Skoda,Skoda Laura,5357.142857142857,3.0
Mahindra Quanto C4,2013,290000,150000,Diesel,Individual,Manual,Fourth & Above Owner,7,Mahindra,Mahindra Quanto,21428.571428571428,3.0
Maruti Alto STD,2009,72000,70000,Petrol,Individual,Manual,First Owner,11,Maruti,Maruti Alto,6363.636363636364,3.0
Maruti Ritz VDi,2014,250000,115000,Diesel,Individual,Manual,First Owner,6,Maruti,Maruti Ritz,19166.666666666668,19.0
Maruti Swift AMT VXI,2019,575000,25000,Petrol,Individual,Automatic,First Owner,1,Maruti,Maruti Swift,25000.0,2.0
Kia Seltos HTK Plus AT D,2019,1300000,10000,Diesel,Individual,Automatic,First Owner,1,Kia,Kia Seltos,10000.0,1.0
Hyundai Santro Magna BSIV,2019,425000,15000,Petrol,Individual,Manual,First Owner,1,Hyundai,Hyundai Santro,15000.0,2.0
Maruti Eeco CNG 5 Seater AC BSIV,2019,470000,10000,CNG,Individual,Manual,First Owner,1,Maruti,Maruti Eeco,10000.0,3.0
Toyota Etios VX,2012,220000,80000,Petrol,Individual,Manual,Third Owner,8,Toyota,Toyota Etios,10000.0,2.0
Maruti Alto 800 LXI,2020,310000,1700,Petrol,Individual,Manual,First Owner,0,Maruti,Maruti Alto,1700.0,48.0
Ford Figo 1.5D Trend MT,2016,400000,45217,Diesel,Dealer,Manual,First Owner,4,Ford,Ford Figo,11304.25,3.0
Hyundai EON Magna Plus,2018,310000,20000,Petrol,Individual,Manual,First Owner,2,Hyundai,Hyundai EON,10000.0,17.0
Maruti Ciaz ZDi Plus SHVS,2017,750000,50000,Diesel,Individual,Manual,First Owner,3,Maruti,Maruti Ciaz,16666.666666666668,3.0
Tata New Safari DICOR 2.2 EX 4x2,2009,204999,120000,Diesel,Individual,Manual,Second Owner,11,Tata,Tata New,10909.09090909091,12.0
Maruti Swift 1.3 VXi,2010,260000,50000,Petrol,Individual,Manual,First Owner,10,Maruti,Maruti Swift,5000.0,10.0
Maruti Alto LXi,2012,180000,40000,Petrol,Individual,Manual,Second Owner,8,Maruti,Maruti Alto,5000.0,42.0
Mahindra Renault Logan 1.5 DLE Diesel,2007,125000,110000,Diesel,Individual,Manual,Second Owner,13,Mahindra,Mahindra Renault,8461.538461538461,1.0
Maruti Swift VDI BSIV,2014,420000,155000,Diesel,Individual,Manual,First Owner,6,Maruti,Maruti Swift,25833.333333333332,28.0
Maruti Alto K10 LXI,2011,220000,70000,Petrol,Individual,Manual,Second Owner,9,Maruti,Maruti Alto,7777.777777777777,8.0
Maruti Alto K10 2010-2014 VXI,2010,200000,70000,Petrol,Individual,Manual,Third Owner,10,Maruti,Maruti Alto,7000.0,9.0
Ford Ikon 1.4 TDCi DuraTorq,2009,130000,100000,Diesel,Individual,Manual,Third Owner,11,Ford,Ford Ikon,9090.90909090909,1.0
Tata Tiago XT,2016,335000,41000,Petrol,Dealer,Manual,First Owner,4,Tata,Tata Tiago,10250.0,1.0
Ford Endeavour Titanium Plus 4X4,2017,2650000,60000,Diesel,Dealer,Automatic,First Owner,3,Ford,Ford Endeavour,20000.0,2.0
Ford Endeavour 3.2 Titanium AT 4X4,2018,2675000,56000,Diesel,Dealer,Automatic,First Owner,2,Ford,Ford Endeavour,28000.0,6.0
Ford Endeavour Titanium Plus 4X4,2017,2675000,60000,Diesel,Dealer,Automatic,First Owner,3,Ford,Ford Endeavour,20000.0,2.0
Honda City V AT,2011,434999,97000,Petrol,Dealer,Automatic,Second Owner,9,Honda,Honda City,10777.777777777777,1.0
Honda City i VTEC S,2014,500000,60000,Petrol,Individual,Manual,First Owner,6,Honda,Honda City,10000.0,1.0
Maruti Alto K10 VXI Airbag,2017,290000,60000,Petrol,Individual,Manual,First Owner,3,Maruti,Maruti Alto,20000.0,4.0
Ford Ecosport 1.5 Ti VCT AT Titanium,2014,475000,48000,Petrol,Dealer,Automatic,Second Owner,6,Ford,Ford Ecosport,8000.0,1.0
Maruti Swift Dzire VDi,2009,270000,190000,Diesel,Individual,Manual,Third Owner,11,Maruti,Maruti Swift,17272.727272727272,10.0
Hyundai Xcent 1.2 VTVT S,2019,600000,80000,Petrol,Individual,Manual,First Owner,1,Hyundai,Hyundai Xcent,80000.0,3.0
Hyundai i20 Asta 1.4 CRDi,2013,300000,70000,Diesel,Individual,Manual,Second Owner,7,Hyundai,Hyundai i20,10000.0,10.0
Volkswagen Jetta 2.0L TDI Comfortline,2012,415000,80000,Diesel,Individual,Manual,Second Owner,8,Volkswagen,Volkswagen Jetta,10000.0,2.0
Maruti Vitara Brezza ZDi Plus AMT,2018,800000,30000,Diesel,Individual,Automatic,Second Owner,2,Maruti,Maruti Vitara,15000.0,2.0
Hyundai Grand i10 Sportz,2016,420000,44440,Petrol,Individual,Manual,Second Owner,4,Hyundai,Hyundai Grand,11110.0,11.0
Hyundai Creta 1.6 CRDi SX Plus,2018,1250000,30000,Diesel,Individual,Manual,First Owner,2,Hyundai,Hyundai Creta,15000.0,3.0
Maruti Swift VDI BSIV,2011,270000,120000,Diesel,Individual,Manual,First Owner,9,Maruti,Maruti Swift,13333.333333333334,28.0
Hyundai Grand i10 CRDi Sportz,2015,390000,80000,Diesel,Individual,Manual,Second Owner,5,Hyundai,Hyundai Grand,16000.0,6.0
Skoda Laura Ambiente 2.0 TDI CR MT,2012,400000,110000,Diesel,Individual,Manual,First Owner,8,Skoda,Skoda Laura,13750.0,3.0
Ford Fiesta 1.4 ZXi Leather,2007,100000,170000,Petrol,Individual,Manual,First Owner,13,Ford,Ford Fiesta,13076.923076923076,1.0
Audi A6 2.7 TDI,2010,850000,46000,Diesel,Individual,Automatic,First Owner,10,Audi,Audi A6,4600.0,1.0
Chevrolet Cruze LTZ AT,2012,359000,120000,Diesel,Individual,Automatic,Third Owner,8,Chevrolet,Chevrolet Cruze,15000.0,4.0
Maruti Swift Dzire ZDI,2015,470000,91365,Diesel,Dealer,Manual,First Owner,5,Maruti,Maruti Swift,18273.0,11.0
Maruti Swift Dzire VDI,2013,360000,90010,Diesel,Dealer,Manual,Second Owner,7,Maruti,Maruti Swift,12858.57142857143,54.0
Maruti Ertiga VDI,2013,250999,80000,Diesel,Individual,Manual,First Owner,7,Maruti,Maruti Ertiga,11428.57142857143,11.0
Tata Nano Lx BSIV,2012,45000,35000,Petrol,Individual,Manual,Second Owner,8,Tata,Tata Nano,4375.0,4.0
Maruti Wagon R VXI BSII,2006,75000,80000,Petrol,Individual,Manual,Second Owner,14,Maruti,Maruti Wagon,5714.285714285715,1.0
Maruti Swift Dzire VDI,2013,495000,31800,Diesel,Dealer,Manual,First Owner,7,Maruti,Maruti Swift,4542.857142857143,54.0
Maruti Wagon R CNG LXI,2013,310000,59100,CNG,Dealer,Manual,First Owner,7,Maruti,Maruti Wagon,8442.857142857143,1.0
Honda Jazz 1.2 V i VTEC,2016,540000,31200,Petrol,Dealer,Manual,First Owner,4,Honda,Honda Jazz,7800.0,1.0
Maruti Ciaz VDi Plus SHVS,2016,665000,51000,Diesel,Dealer,Manual,First Owner,4,Maruti,Maruti Ciaz,12750.0,2.0
Hyundai i20 Magna 1.4 CRDi (Diesel),2013,425000,22700,Diesel,Dealer,Manual,Second Owner,7,Hyundai,Hyundai i20,3242.8571428571427,5.0
Audi A4 2.0 TDI,2011,1295000,58000,Diesel,Dealer,Automatic,First Owner,9,Audi,Audi A4,6444.444444444444,1.0
Maruti Ciaz VDI SHVS,2016,675000,50900,Diesel,Dealer,Manual,First Owner,4,Maruti,Maruti Ciaz,12725.0,2.0
Maruti Vitara Brezza ZDi Plus Dual Tone,2018,980000,10000,Diesel,Individual,Manual,First Owner,2,Maruti,Maruti Vitara,5000.0,1.0
Chevrolet Beat Diesel LS,2014,320000,60000,Diesel,Individual,Manual,First Owner,6,Chevrolet,Chevrolet Beat,10000.0,12.0
Maruti Ritz VXI,2011,250000,80000,Petrol,Individual,Manual,Second Owner,9,Maruti,Maruti Ritz,8888.888888888889,2.0
Maruti Baleno Zeta 1.3,2016,600000,72000,Diesel,Individual,Manual,First Owner,4,Maruti,Maruti Baleno,18000.0,2.0
Hyundai Xcent 1.2 Kappa S,2016,300000,96000,Petrol,Individual,Manual,First Owner,4,Hyundai,Hyundai Xcent,24000.0,4.0
Chevrolet Beat Diesel LS,2014,305000,66000,Diesel,Individual,Manual,First Owner,6,Chevrolet,Chevrolet Beat,11000.0,12.0
Maruti Wagon R LXI Minor,2009,106000,70000,Petrol,Individual,Manual,First Owner,11,Maruti,Maruti Wagon,6363.636363636364,21.0
Hyundai Accent GLS 1.6 ABS,2006,90000,75000,Petrol,Individual,Manual,Third Owner,14,Hyundai,Hyundai Accent,5357.142857142857,1.0
Tata Tiago 1.2 Revotron XZ,2019,539000,2417,Petrol,Individual,Manual,First Owner,1,Tata,Tata Tiago,2417.0,5.0
Hyundai EON Era Plus Option,2016,250000,30000,Petrol,Individual,Manual,Second Owner,4,Hyundai,Hyundai EON,7500.0,3.0
Mahindra Scorpio BSIV,2018,707000,60000,Diesel,Individual,Manual,First Owner,2,Mahindra,Mahindra Scorpio,30000.0,2.0
Hyundai Getz GLS,2007,95000,120000,Petrol,Individual,Manual,Fourth & Above Owner,13,Hyundai,Hyundai Getz,9230.76923076923,3.0
Maruti Eeco CNG 5 Seater AC BSIV,2020,495000,7000,CNG,Individual,Manual,First Owner,0,Maruti,Maruti Eeco,7000.0,3.0
Tata Indigo TDI,2012,200000,35000,Diesel,Individual,Manual,First Owner,8,Tata,Tata Indigo,4375.0,7.0
Maruti A-Star Vxi,2009,110000,110000,Petrol,Individual,Manual,Fourth & Above Owner,11,Maruti,Maruti A-Star,10000.0,7.0
Maruti Alto LXi,2008,100000,130000,Petrol,Individual,Manual,Fourth & Above Owner,12,Maruti,Maruti Alto,10833.333333333334,42.0
Maruti Alto 800 LX,2016,150000,25000,Petrol,Individual,Manual,Second Owner,4,Maruti,Maruti Alto,6250.0,3.0
Ford Ikon 1.3 Flair,2005,50000,80000,Petrol,Individual,Manual,Third Owner,15,Ford,Ford Ikon,5333.333333333333,2.0
Chevrolet Aveo 1.4,2007,85000,70000,Petrol,Individual,Manual,Second Owner,13,Chevrolet,Chevrolet Aveo,5384.615384615385,1.0
Hyundai Grand i10 1.2 Kappa Magna BSIV,2018,475000,23000,Petrol,Individual,Manual,First Owner,2,Hyundai,Hyundai Grand,11500.0,4.0
Volkswagen Polo 1.2 MPI Highline,2014,425000,40000,Petrol,Individual,Manual,First Owner,6,Volkswagen,Volkswagen Polo,6666.666666666667,1.0
BMW 5 Series 530i,2006,480000,110000,Petrol,Individual,Automatic,Second Owner,14,BMW,BMW 5,7857.142857142857,1.0
Maruti S-Cross Delta DDiS 200 SH,2019,950000,10000,Diesel,Individual,Manual,First Owner,1,Maruti,Maruti S-Cross,10000.0,1.0
Maruti Swift Dzire VDI,2015,535000,80000,Diesel,Individual,Manual,First Owner,5,Maruti,Maruti Swift,16000.0,54.0
Hyundai Verna CRDi SX ABS,2009,325000,25000,Diesel,Individual,Manual,Third Owner,11,Hyundai,Hyundai Verna,2272.7272727272725,2.0
Maruti Wagon R Stingray VXI,2013,270000,74000,Petrol,Individual,Manual,Third Owner,7,Maruti,Maruti Wagon,10571.42857142857,4.0
Maruti Celerio VXI,2015,300000,60000,Petrol,Individual,Manual,Third Owner,5,Maruti,Maruti Celerio,12000.0,8.0
Volkswagen Vento Diesel Trendline,2011,325000,70000,Diesel,Individual,Manual,First Owner,9,Volkswagen,Volkswagen Vento,7777.777777777777,2.0
Tata New Safari DICOR 2.2 EX 4x2,2010,350000,100000,Diesel,Individual,Manual,First Owner,10,Tata,Tata New,10000.0,12.0
Hyundai Verna CRDi SX,2008,229999,146000,Diesel,Individual,Manual,Third Owner,12,Hyundai,Hyundai Verna,12166.666666666666,4.0
Maruti Swift Dzire LDi,2012,325000,120000,Diesel,Individual,Manual,Second Owner,8,Maruti,Maruti Swift,15000.0,2.0
Maruti Wagon R LXI,2005,70000,70000,Petrol,Individual,Manual,Second Owner,15,Maruti,Maruti Wagon,4666.666666666667,15.0
Skoda Laura Ambiente,2008,190000,120000,Diesel,Individual,Manual,Third Owner,12,Skoda,Skoda Laura,10000.0,1.0
Chevrolet Cruze LTZ,2011,345000,65500,Diesel,Individual,Manual,First Owner,9,Chevrolet,Chevrolet Cruze,7277.777777777777,8.0
Mahindra Scorpio 1.99 S10,2016,1025000,70000,Diesel,Individual,Manual,First Owner,4,Mahindra,Mahindra Scorpio,17500.0,6.0
Maruti Alto 800 LXI,2012,120000,50000,Petrol,Individual,Manual,First Owner,8,Maruti,Maruti Alto,6250.0,48.0
Maruti Alto LXi BSIII,2009,114999,90000,Petrol,Individual,Manual,Second Owner,11,Maruti,Maruti Alto,8181.818181818182,14.0
Honda City 1.5 S MT,2009,300000,120000,Petrol,Individual,Manual,Second Owner,11,Honda,Honda City,10909.09090909091,5.0
Maruti Celerio VXI,2016,340000,56000,Petrol,Dealer,Manual,First Owner,4,Maruti,Maruti Celerio,14000.0,8.0
Maruti Wagon R LXI,2005,90000,70000,Petrol,Individual,Manual,Second Owner,15,Maruti,Maruti Wagon,4666.666666666667,15.0
Maruti Alto LX,2006,150000,140300,Petrol,Individual,Manual,First Owner,14,Maruti,Maruti Alto,10021.42857142857,30.0
Maruti Alto K10 2010-2014 VXI,2010,115999,70000,Petrol,Individual,Manual,First Owner,10,Maruti,Maruti Alto,7000.0,9.0
Maruti Wagon R VXI,2016,375000,23000,Petrol,Dealer,Manual,Second Owner,4,Maruti,Maruti Wagon,5750.0,7.0
Maruti Zen Estilo LXI BSIII,2007,275000,10211,Petrol,Individual,Manual,First Owner,13,Maruti,Maruti Zen,785.4615384615385,4.0
Mahindra Scorpio 2.6 SLX Turbo 7 Seater,2005,120000,120000,Diesel,Individual,Manual,Third Owner,15,Mahindra,Mahindra Scorpio,8000.0,2.0
Maruti Celerio ZDi,2015,350000,120000,Diesel,Individual,Manual,First Owner,5,Maruti,Maruti Celerio,24000.0,1.0
Maruti Celerio ZXI,2017,409999,35000,Petrol,Individual,Manual,First Owner,3,Maruti,Maruti Celerio,11666.666666666666,5.0
Hyundai Verna 1.6 SX,2012,500000,130000,Diesel,Individual,Manual,First Owner,8,Hyundai,Hyundai Verna,16250.0,13.0
Nissan Sunny Diesel XL,2013,220000,90000,Diesel,Individual,Manual,Second Owner,7,Nissan,Nissan Sunny,12857.142857142857,2.0
Ford Fiesta 1.6 Duratec EXI Ltd,2008,120000,80000,Petrol,Individual,Manual,Second Owner,12,Ford,Ford Fiesta,6666.666666666667,1.0
Hyundai Santro Xing XK,2007,70000,55000,Petrol,Individual,Manual,Second Owner,13,Hyundai,Hyundai Santro,4230.7692307692305,1.0
Maruti Swift Dzire ZXI Plus,2017,800000,15000,Petrol,Individual,Manual,First Owner,3,Maruti,Maruti Swift,5000.0,2.0
Maruti Swift Dzire VDI,2014,450000,260000,Diesel,Individual,Manual,Second Owner,6,Maruti,Maruti Swift,43333.333333333336,54.0
Mahindra Scorpio SLE BSIV,2012,525000,145000,Diesel,Individual,Manual,First Owner,8,Mahindra,Mahindra Scorpio,18125.0,6.0
Datsun GO Plus Remix Limited Edition,2016,300000,35000,Petrol,Individual,Manual,First Owner,4,Datsun,Datsun GO,8750.0,1.0
Hyundai i10 Magna,2008,195000,56000,Petrol,Individual,Manual,Second Owner,12,Hyundai,Hyundai i10,4666.666666666667,9.0
Ford Fiesta Classic 1.4 SXI Duratorq,2007,130000,98000,Diesel,Individual,Manual,Second Owner,13,Ford,Ford Fiesta,7538.461538461538,3.0
Toyota Etios VD,2011,300000,135000,Diesel,Individual,Manual,Second Owner,9,Toyota,Toyota Etios,15000.0,7.0
Maruti Alto VXi,2002,120000,60000,Petrol,Individual,Manual,Third Owner,18,Maruti,Maruti Alto,3333.3333333333335,2.0
Toyota Innova 2.5 G3,2010,450000,120000,Diesel,Individual,Manual,Third Owner,10,Toyota,Toyota Innova,12000.0,1.0
Tata Indigo LS,2010,160000,102000,Diesel,Individual,Manual,Second Owner,10,Tata,Tata Indigo,10200.0,8.0
Mahindra Bolero Power Plus Plus AC BSIV PS,2018,800000,35000,Diesel,Individual,Manual,First Owner,2,Mahindra,Mahindra Bolero,17500.0,8.0
Maruti 800 AC,2013,100000,80000,Petrol,Individual,Manual,First Owner,7,Maruti,Maruti 800,11428.57142857143,20.0
Maruti Alto 800 LXI,2015,265000,32933,Petrol,Dealer,Manual,First Owner,5,Maruti,Maruti Alto,6586.6,48.0
Maruti Wagon R LXI,2008,175000,54551,Petrol,Dealer,Manual,First Owner,12,Maruti,Maruti Wagon,4545.916666666667,15.0
Maruti Omni 8 Seater BSIV,2014,250999,57112,Petrol,Dealer,Manual,First Owner,6,Maruti,Maruti Omni,9518.666666666666,2.0
Hyundai Xcent 1.2 VTVT S AT,2015,471000,41025,Petrol,Dealer,Automatic,First Owner,5,Hyundai,Hyundai Xcent,8205.0,1.0
Maruti Swift Dzire LDI,2019,650000,5000,Diesel,Individual,Manual,First Owner,1,Maruti,Maruti Swift,5000.0,8.0
Hyundai EON Magna,2012,225000,53122,Petrol,Dealer,Manual,Second Owner,8,Hyundai,Hyundai EON,6640.25,2.0
Maruti Alto 800 LXI CNG,2013,245000,64111,CNG,Dealer,Manual,First Owner,7,Maruti,Maruti Alto,9158.714285714286,1.0
Maruti Ritz LXi,2011,221000,78892,Petrol,Dealer,Manual,First Owner,9,Maruti,Maruti Ritz,8765.777777777777,2.0
Hyundai i20 1.2 Asta,2011,271000,74113,Petrol,Dealer,Manual,First Owner,9,Hyundai,Hyundai i20,8234.777777777777,3.0
Maruti Wagon R VXI,2012,290000,80000,Petrol,Dealer,Manual,First Owner,8,Maruti,Maruti Wagon,10000.0,7.0
Maruti Swift VXi BSIV,2017,525000,39000,Petrol,Dealer,Manual,First Owner,3,Maruti,Maruti Swift,13000.0,2.0
Volkswagen Vento 1.6 Highline,2012,377000,84775,Petrol,Dealer,Manual,First Owner,8,Volkswagen,Volkswagen Vento,10596.875,2.0
Tata Nano LX SE,2012,95000,20778,Petrol,Dealer,Manual,First Owner,8,Tata,Tata Nano,2597.25,3.0
Maruti Ertiga VDI,2015,763000,64441,Diesel,Dealer,Manual,First Owner,5,Maruti,Maruti Ertiga,12888.2,11.0
Honda Amaze S i-Vtech,2015,450000,43192,Petrol,Dealer,Manual,First Owner,5,Honda,Honda Amaze,8638.4,2.0
Tata Nano Twist XE,2014,140000,44416,Petrol,Dealer,Manual,First Owner,6,Tata,Tata Nano,7402.666666666667,2.0
Maruti Ciaz VDi Plus SHVS,2016,701000,79991,Diesel,Dealer,Manual,First Owner,4,Maruti,Maruti Ciaz,19997.75,2.0
Nissan Micra Diesel XV,2011,277000,62601,Diesel,Dealer,Manual,Second Owner,9,Nissan,Nissan Micra,6955.666666666667,3.0
Maruti Baleno Delta Automatic,2018,520000,50000,Petrol,Individual,Automatic,First Owner,2,Maruti,Maruti Baleno,25000.0,3.0
Ford Figo Aspire 1.5 TDCi Ambiente ABS,2017,550000,100000,Diesel,Individual,Manual,First Owner,3,Ford,Ford Figo,33333.333333333336,1.0
Volkswagen Vento Diesel Highline,2011,260000,97000,Diesel,Individual,Manual,Third Owner,9,Volkswagen,Volkswagen Vento,10777.777777777777,6.0
Renault Pulse RxZ,2015,420000,100000,Diesel,Individual,Manual,First Owner,5,Renault,Renault Pulse,20000.0,2.0
OpelCorsa 1.4 GL,2002,35000,100000,Petrol,Individual,Manual,Third Owner,18,OpelCorsa,OpelCorsa 1.4,5555.555555555556,1.0
Mahindra XUV500 W7 BSIV,2018,1150000,20000,Diesel,Individual,Manual,First Owner,2,Mahindra,Mahindra XUV500,10000.0,2.0
Maruti Ciaz 1.4 Zeta,2017,680000,46000,Petrol,Individual,Manual,First Owner,3,Maruti,Maruti Ciaz,15333.333333333334,1.0
Maruti Swift VDI,2012,425000,40000,Diesel,Individual,Manual,First Owner,8,Maruti,Maruti Swift,5000.0,23.0
Maruti Swift Dzire LDI,2014,450000,70000,Diesel,Individual,Manual,Second Owner,6,Maruti,Maruti Swift,11666.666666666666,8.0
Toyota Innova 2.5 GX (Diesel) 8 Seater BS IV,2008,590000,89600,Diesel,Individual,Manual,Third Owner,12,Toyota,Toyota Innova,7466.666666666667,1.0
Volkswagen Jetta 1.4 TSI Comfortline,2017,936999,60800,Petrol,Individual,Manual,First Owner,3,Volkswagen,Volkswagen Jetta,20266.666666666668,2.0
Honda Mobilio S i DTEC,2015,420000,104000,Diesel,Individual,Manual,Second Owner,5,Honda,Honda Mobilio,20800.0,3.0
Volkswagen Polo 1.5 TDI Highline,2014,450000,80000,Diesel,Individual,Manual,Second Owner,6,Volkswagen,Volkswagen Polo,13333.333333333334,3.0
Maruti 800 AC,2004,40000,69111,Petrol,Individual,Manual,Third Owner,16,Maruti,Maruti 800,4319.4375,20.0
Toyota Innova 2.5 G (Diesel) 8 Seater,2014,520000,70000,Diesel,Individual,Manual,Second Owner,6,Toyota,Toyota Innova,11666.666666666666,6.0
Maruti 800 AC,2007,80000,120000,Petrol,Individual,Manual,First Owner,13,Maruti,Maruti 800,9230.76923076923,20.0
Tata Nano CX,2014,55000,40000,Petrol,Individual,Manual,First Owner,6,Tata,Tata Nano,6666.666666666667,1.0
Mahindra Bolero DI DX 7 Seater,2001,80000,100000,Diesel,Individual,Manual,Third Owner,19,Mahindra,Mahindra Bolero,5263.1578947368425,3.0
Maruti Alto 800 LXI,2019,210000,20000,Petrol,Individual,Manual,First Owner,1,Maruti,Maruti Alto,20000.0,48.0
Tata Tiago 1.05 Revotorq XM,2017,260000,50000,Diesel,Individual,Manual,First Owner,3,Tata,Tata Tiago,16666.666666666668,1.0
Tata Zest Quadrajet 1.3,2016,250000,70000,Diesel,Individual,Manual,First Owner,4,Tata,Tata Zest,17500.0,1.0
Tata Indica Vista Aqua TDI BSIII,2008,80000,90000,Diesel,Individual,Manual,First Owner,12,Tata,Tata Indica,7500.0,4.0
Toyota Innova 2.5 GX (Diesel) 7 Seater BS IV,2010,450000,150000,Diesel,Individual,Manual,Second Owner,10,Toyota,Toyota Innova,15000.0,2.0
Toyota Innova 2.5 G (Diesel) 8 Seater BS IV,2005,310000,120000,Diesel,Individual,Manual,Second Owner,15,Toyota,Toyota Innova,8000.0,6.0
Ford Figo Petrol EXI,2014,350000,90000,Petrol,Individual,Manual,Second Owner,6,Ford,Ford Figo,15000.0,1.0
Maruti SX4 VDI,2011,320000,100000,Diesel,Individual,Manual,First Owner,9,Maruti,Maruti SX4,11111.111111111111,3.0
Honda Amaze S i-DTEC,2016,475000,90000,Diesel,Individual,Manual,First Owner,4,Honda,Honda Amaze,22500.0,1.0
Tata Manza Aura (ABS) Quadrajet BS IV,2011,220000,140000,Diesel,Individual,Manual,Second Owner,9,Tata,Tata Manza,15555.555555555555,4.0
Tata Indica GLS BS IV,2008,70000,60000,Petrol,Individual,Manual,First Owner,12,Tata,Tata Indica,5000.0,14.0
Chevrolet Sail Hatchback 1.3 TCDi,2015,281000,40000,Diesel,Individual,Manual,First Owner,5,Chevrolet,Chevrolet Sail,8000.0,1.0
Tata Indigo Grand Dicor,2013,211000,80000,Diesel,Individual,Manual,First Owner,7,Tata,Tata Indigo,11428.57142857143,2.0
Hyundai Elite i20 Petrol Magna Exective,2018,550000,11000,Petrol,Individual,Manual,First Owner,2,Hyundai,Hyundai Elite,5500.0,1.0
Chevrolet Enjoy TCDi LT 8 Seater,2014,350000,110000,Diesel,Individual,Manual,First Owner,6,Chevrolet,Chevrolet Enjoy,18333.333333333332,2.0
Maruti Wagon R VXI AMT,2017,420000,19890,Petrol,Dealer,Automatic,First Owner,3,Maruti,Maruti Wagon,6630.0,1.0
Renault KWID RXT,2015,270000,20969,Petrol,Dealer,Manual,First Owner,5,Renault,Renault KWID,4193.8,18.0
Maruti Celerio VXI,2016,399000,20194,Petrol,Dealer,Manual,First Owner,4,Maruti,Maruti Celerio,5048.5,8.0
Ford Figo Trend,2016,440000,34982,Petrol,Dealer,Manual,First Owner,4,Ford,Ford Figo,8745.5,2.0
Hyundai EON Magna,2012,250000,44588,Petrol,Dealer,Manual,First Owner,8,Hyundai,Hyundai EON,5573.5,2.0
Ford Ecosport 1.5 Diesel Titanium,2016,650000,57904,Diesel,Dealer,Manual,First Owner,4,Ford,Ford Ecosport,14476.0,3.0
Maruti Alto K10 VXI,2015,270000,59258,Petrol,Dealer,Manual,First Owner,5,Maruti,Maruti Alto,11851.6,20.0
Ford Figo Trend,2016,390000,60826,Petrol,Dealer,Manual,First Owner,4,Ford,Ford Figo,15206.5,2.0
Mahindra XUV500 W10 2WD,2018,1500000,50000,Diesel,Individual,Manual,First Owner,2,Mahindra,Mahindra XUV500,25000.0,5.0
Maruti 800 AC,2014,225000,35000,Petrol,Individual,Manual,First Owner,6,Maruti,Maruti 800,5833.333333333333,20.0
Mahindra XUV500 W8 2WD,2015,900000,110000,Diesel,Individual,Manual,Second Owner,5,Mahindra,Mahindra XUV500,22000.0,16.0
Hyundai Tucson 2.0 e-VGT 2WD AT GL,2018,1600000,40000,Diesel,Individual,Automatic,First Owner,2,Hyundai,Hyundai Tucson,20000.0,1.0
Tata Nexon 1.2 Revotron XZ Plus Dual Tone,2019,800000,10000,Petrol,Individual,Manual,First Owner,1,Tata,Tata Nexon,10000.0,3.0
Honda Amaze E i-Dtech,2013,320000,50000,Diesel,Individual,Manual,First Owner,7,Honda,Honda Amaze,7142.857142857143,2.0
Maruti Alto 800 LXI,2016,300000,25000,Petrol,Individual,Manual,First Owner,4,Maruti,Maruti Alto,6250.0,48.0
Hyundai i20 1.2 Asta Dual Tone,2018,740000,25000,Petrol,Individual,Manual,First Owner,2,Hyundai,Hyundai i20,12500.0,1.0
Datsun RediGO SV 1.0,2019,350000,1300,Petrol,Individual,Manual,First Owner,1,Datsun,Datsun RediGO,1300.0,1.0
Datsun GO T BSIV,2014,280000,40000,Petrol,Individual,Manual,First Owner,6,Datsun,Datsun GO,6666.666666666667,2.0
Maruti Swift Dzire AMT VDI,2018,675000,50000,Diesel,Individual,Automatic,First Owner,2,Maruti,Maruti Swift,25000.0,3.0
Hyundai i10 Era 1.1 iTech SE,2011,300000,20000,Petrol,Individual,Manual,First Owner,9,Hyundai,Hyundai i10,2222.222222222222,3.0
Chevrolet Captiva 2.0L VCDi,2011,400000,76000,Diesel,Individual,Manual,Third Owner,9,Chevrolet,Chevrolet Captiva,8444.444444444445,1.0
Mahindra Scorpio VLX 2WD BSIV,2010,420000,100000,Diesel,Individual,Manual,Third Owner,10,Mahindra,Mahindra Scorpio,10000.0,3.0
Tata New Safari 3L Dicor LX 4x2,2008,300000,120000,Diesel,Individual,Manual,First Owner,12,Tata,Tata New,10000.0,1.0
Maruti Wagon R VXI Minor,2010,170000,70000,Petrol,Individual,Manual,First Owner,10,Maruti,Maruti Wagon,7000.0,4.0
Hyundai EON Era Plus,2014,210000,70000,Petrol,Individual,Manual,Third Owner,6,Hyundai,Hyundai EON,11666.666666666666,28.0
Maruti Ertiga VDI,2015,600000,60000,Diesel,Individual,Manual,Second Owner,5,Maruti,Maruti Ertiga,12000.0,11.0
Maruti Wagon R VXI BS IV,2014,260000,38000,Petrol,Individual,Manual,Second Owner,6,Maruti,Maruti Wagon,6333.333333333333,26.0
Tata Nano Twist XT,2015,82000,19000,Petrol,Individual,Manual,First Owner,5,Tata,Tata Nano,3800.0,2.0
Mahindra TUV 300 T8,2016,690000,75000,Diesel,Individual,Manual,First Owner,4,Mahindra,Mahindra TUV,18750.0,3.0
Hyundai Grand i10 CRDi Asta,2015,300000,70000,Diesel,Individual,Manual,First Owner,5,Hyundai,Hyundai Grand,14000.0,1.0
Honda BRV i-DTEC V MT,2017,1250000,30000,Diesel,Individual,Manual,First Owner,3,Honda,Honda BRV,10000.0,1.0
Hyundai Verna CRDi 1.6 EX,2017,799000,31707,Diesel,Individual,Manual,First Owner,3,Hyundai,Hyundai Verna,10569.0,3.0
Toyota Fortuner 3.0 Diesel,2010,1000000,180000,Diesel,Individual,Manual,First Owner,10,Toyota,Toyota Fortuner,18000.0,4.0
Maruti Alto 800 LXI,2014,190000,90000,Petrol,Individual,Manual,Second Owner,6,Maruti,Maruti Alto,15000.0,48.0
Mahindra Verito 1.5 D2 BSIII,2014,250000,30000,Diesel,Individual,Manual,First Owner,6,Mahindra,Mahindra Verito,5000.0,3.0
Hyundai Verna 1.6 i ABS,2009,200000,60000,Petrol,Individual,Manual,First Owner,11,Hyundai,Hyundai Verna,5454.545454545455,1.0
Mahindra Bolero DI,2005,300000,90000,Diesel,Individual,Manual,Second Owner,15,Mahindra,Mahindra Bolero,6000.0,7.0
Tata Zest Revotron 1.2T XMS,2015,250000,120000,Petrol,Individual,Manual,Second Owner,5,Tata,Tata Zest,24000.0,3.0
Maruti 800 AC,2008,90000,70000,Petrol,Individual,Manual,Third Owner,12,Maruti,Maruti 800,5833.333333333333,20.0
Renault Duster 85PS Diesel RxL,2016,700000,160000,Diesel,Individual,Manual,First Owner,4,Renault,Renault Duster,40000.0,6.0
Volvo XC60 D3 Kinetic,2012,1750000,115992,Diesel,Dealer,Automatic,Third Owner,8,Volvo,Volvo XC60,14499.0,1.0
Maruti Wagon R VXI Optional,2017,290000,110000,Petrol,Individual,Manual,Second Owner,3,Maruti,Maruti Wagon,36666.666666666664,5.0
Toyota Innova 2.5 Z Diesel 7 Seater BS IV,2014,1050000,97000,Diesel,Individual,Manual,Second Owner,6,Toyota,Toyota Innova,16166.666666666666,3.0
Tata Indigo LX Dicor,2008,70000,100000,Diesel,Individual,Manual,Third Owner,12,Tata,Tata Indigo,8333.333333333334,2.0
Maruti Swift ZDi BSIV,2016,520000,41000,Diesel,Individual,Manual,First Owner,4,Maruti,Maruti Swift,10250.0,4.0
Tata Indigo LS,2012,150000,90000,Diesel,Individual,Manual,First Owner,8,Tata,Tata Indigo,11250.0,8.0
Hyundai i10 Magna 1.1,2008,120000,90000,Petrol,Individual,Manual,First Owner,12,Hyundai,Hyundai i10,7500.0,4.0
Hyundai i20 Asta Option 1.2,2016,600000,25000,Petrol,Individual,Manual,First Owner,4,Hyundai,Hyundai i20,6250.0,1.0
Tata Xenon XT EX 4X4,2010,150000,70000,Diesel,Individual,Manual,Second Owner,10,Tata,Tata Xenon,7000.0,1.0
Volkswagen Vento Petrol Highline,2011,400000,60000,Petrol,Individual,Manual,First Owner,9,Volkswagen,Volkswagen Vento,6666.666666666667,2.0
Maruti Alto 800 LXI,2015,310000,30000,Petrol,Individual,Manual,Second Owner,5,Maruti,Maruti Alto,6000.0,48.0
Maruti Baleno Alpha 1.2,2015,550000,30000,Petrol,Individual,Manual,First Owner,5,Maruti,Maruti Baleno,6000.0,6.0
Hyundai i20 Asta Option 1.4 CRDi,2016,550000,60000,Diesel,Individual,Manual,First Owner,4,Hyundai,Hyundai i20,15000.0,6.0
Hyundai Grand i10 CRDi Magna,2013,320000,73000,Diesel,Individual,Manual,First Owner,7,Hyundai,Hyundai Grand,10428.57142857143,3.0
Maruti 800 AC BSII,1992,50000,100000,Petrol,Individual,Manual,Fourth & Above Owner,28,Maruti,Maruti 800,3571.4285714285716,4.0
Maruti Vitara Brezza VDi Option,2017,700000,50000,Diesel,Individual,Manual,Second Owner,3,Maruti,Maruti Vitara,16666.666666666668,3.0
Maruti Ertiga VDI,2012,700000,110000,Diesel,Individual,Manual,Second Owner,8,Maruti,Maruti Ertiga,13750.0,11.0
Hyundai i20 1.4 Sportz,2017,655000,84000,Diesel,Dealer,Manual,First Owner,3,Hyundai,Hyundai i20,28000.0,4.0
Chevrolet Beat LT LPG,2011,200000,110000,LPG,Individual,Manual,First Owner,9,Chevrolet,Chevrolet Beat,12222.222222222223,1.0
Renault Duster 85PS Diesel RxL Optional,2012,375000,150000,Diesel,Individual,Manual,First Owner,8,Renault,Renault Duster,18750.0,7.0
Hyundai Verna 1.6 SX,2012,470000,109052,Diesel,Dealer,Manual,First Owner,8,Hyundai,Hyundai Verna,13631.5,13.0
Maruti Ciaz VDi,2015,550000,90658,Diesel,Dealer,Manual,First Owner,5,Maruti,Maruti Ciaz,18131.6,1.0
Honda Amaze VX i-DTEC,2014,500000,110000,Diesel,Individual,Manual,Second Owner,6,Honda,Honda Amaze,18333.333333333332,7.0
Datsun GO T Option BSIV,2015,210000,25000,Petrol,Individual,Manual,First Owner,5,Datsun,Datsun GO,5000.0,1.0
Mercedes-Benz E-Class E250 Edition E,2013,1451000,81000,Diesel,Dealer,Automatic,First Owner,7,Mercedes-Benz,Mercedes-Benz E-Class,11571.42857142857,1.0
Hyundai Verna SX AT Diesel,2009,245000,75000,Diesel,Dealer,Automatic,First Owner,11,Hyundai,Hyundai Verna,6818.181818181818,1.0
Honda WR-V i-VTEC VX,2017,700000,25552,Petrol,Dealer,Manual,Second Owner,3,Honda,Honda WR-V,8517.333333333334,3.0
Hyundai EON Magna Plus,2018,300000,20000,Petrol,Individual,Manual,First Owner,2,Hyundai,Hyundai EON,10000.0,17.0
Hyundai Xcent 1.2 CRDi E,2017,350000,80000,Diesel,Individual,Manual,First Owner,3,Hyundai,Hyundai Xcent,26666.666666666668,2.0
Hyundai Elite i20 Asta Option CVT BSIV,2017,635000,25000,Petrol,Dealer,Automatic,First Owner,3,Hyundai,Hyundai Elite,8333.333333333334,2.0
Honda City S,2012,325000,40700,Petrol,Individual,Manual,First Owner,8,Honda,Honda City,5087.5,3.0
Mahindra XUV500 AT W10 1.99 mHawk,2017,1150000,65500,Diesel,Dealer,Automatic,First Owner,3,Mahindra,Mahindra XUV500,21833.333333333332,1.0
Tata Indigo GLE BSIII,2008,110000,42000,Petrol,Dealer,Manual,First Owner,12,Tata,Tata Indigo,3500.0,1.0
Honda City 1.5 V MT,2018,890000,8000,Petrol,Dealer,Manual,First Owner,2,Honda,Honda City,4000.0,6.0
Maruti Swift 1.3 LXI,2007,73000,80000,Petrol,Individual,Manual,Second Owner,13,Maruti,Maruti Swift,6153.846153846154,1.0
Maruti Ciaz ZXi Plus,2016,750000,6000,Petrol,Dealer,Manual,First Owner,4,Maruti,Maruti Ciaz,1500.0,2.0
Maruti Baleno Alpha 1.2,2018,690000,11174,Petrol,Dealer,Manual,First Owner,2,Maruti,Maruti Baleno,5587.0,6.0
Tata Indigo GLS,2008,130000,120000,Petrol,Individual,Manual,First Owner,12,Tata,Tata Indigo,10000.0,2.0
Hyundai Santro Xing GLS,2007,85000,85000,Petrol,Individual,Manual,Second Owner,13,Hyundai,Hyundai Santro,6538.461538461538,20.0
Hyundai Elantra 2.0 SX AT,2018,1575000,10000,Petrol,Individual,Automatic,First Owner,2,Hyundai,Hyundai Elantra,5000.0,1.0
Nissan Sunny Diesel XV,2013,325000,105000,Diesel,Individual,Manual,First Owner,7,Nissan,Nissan Sunny,15000.0,3.0
Honda City 1.3 EXI,1998,85000,120000,Petrol,Individual,Manual,Second Owner,22,Honda,Honda City,5454.545454545455,3.0
Hyundai Verna 1.6 CRDI SX Option,2018,860000,30000,Diesel,Dealer,Manual,Second Owner,2,Hyundai,Hyundai Verna,15000.0,3.0
Maruti S-Cross Sigma DDiS 200 SH,2017,690000,41000,Diesel,Individual,Manual,First Owner,3,Maruti,Maruti S-Cross,13666.666666666666,1.0
Hyundai Elantra CRDi S,2013,650000,54000,Diesel,Dealer,Manual,First Owner,7,Hyundai,Hyundai Elantra,7714.285714285715,2.0
Chevrolet Sail LS ABS,2014,375000,40000,Diesel,Individual,Manual,First Owner,6,Chevrolet,Chevrolet Sail,6666.666666666667,1.0
Hyundai Verna 1.6 SX CRDi (O),2013,525000,71000,Diesel,Dealer,Manual,First Owner,7,Hyundai,Hyundai Verna,10142.857142857143,14.0
Maruti Eeco Smiles 5 Seater AC,2016,330000,72500,Petrol,Dealer,Manual,First Owner,4,Maruti,Maruti Eeco,18125.0,3.0
Maruti Eeco Smiles 5 Seater AC,2013,280000,76600,Petrol,Dealer,Manual,First Owner,7,Maruti,Maruti Eeco,10942.857142857143,3.0
Maruti Swift ZXI,2014,470000,40000,Petrol,Individual,Manual,First Owner,6,Maruti,Maruti Swift,6666.666666666667,2.0
Volkswagen Polo Diesel Trendline 1.2L,2011,350000,110000,Diesel,Individual,Manual,First Owner,9,Volkswagen,Volkswagen Polo,12222.222222222223,7.0
Honda City 1.5 V Elegance,2012,480000,63000,Petrol,Dealer,Manual,First Owner,8,Honda,Honda City,7875.0,1.0
Hyundai Verna 1.6 CRDi SX,2016,620000,60000,Diesel,Individual,Manual,First Owner,4,Hyundai,Hyundai Verna,15000.0,3.0
Datsun GO T BSIV,2014,250000,58000,Petrol,Individual,Manual,First Owner,6,Datsun,Datsun GO,9666.666666666666,2.0
Chevrolet Spark 1.0,2010,78692,80000,Petrol,Individual,Manual,Second Owner,10,Chevrolet,Chevrolet Spark,8000.0,4.0
Hyundai i20 Magna Optional 1.4 CRDi,2012,350000,80000,Diesel,Individual,Manual,First Owner,8,Hyundai,Hyundai i20,10000.0,3.0
Maruti Wagon R LX Minor,2013,250000,70000,Petrol,Individual,Manual,Second Owner,7,Maruti,Maruti Wagon,10000.0,5.0
Hyundai i20 1.2 Sportz,2011,260000,97700,Petrol,Individual,Manual,Fourth & Above Owner,9,Hyundai,Hyundai i20,10855.555555555555,6.0
Honda Mobilio S i DTEC,2016,640000,36000,Diesel,Individual,Manual,Second Owner,4,Honda,Honda Mobilio,9000.0,3.0
Tata New Safari DICOR 2.2 EX 4x2,2008,220000,90000,Diesel,Individual,Manual,Second Owner,12,Tata,Tata New,7500.0,12.0
Volkswagen Vento 1.5 TDI Highline,2015,465000,130000,Diesel,Individual,Manual,First Owner,5,Volkswagen,Volkswagen Vento,26000.0,5.0
Maruti Swift Vdi BSIII,2010,229999,120000,Diesel,Individual,Manual,Second Owner,10,Maruti,Maruti Swift,12000.0,12.0
Maruti Wagon R VXI BS IV,2018,425000,15000,Petrol,Individual,Manual,First Owner,2,Maruti,Maruti Wagon,7500.0,26.0
Tata Indica GLS BS IV,2008,95000,120000,Petrol,Individual,Manual,Third Owner,12,Tata,Tata Indica,10000.0,14.0
Hyundai EON LPG Magna Plus,2012,170000,170000,LPG,Individual,Manual,Third Owner,8,Hyundai,Hyundai EON,21250.0,3.0
Datsun RediGO T Option,2016,229999,37500,Petrol,Individual,Manual,Second Owner,4,Datsun,Datsun RediGO,9375.0,5.0
Maruti 800 Std,1999,45000,50000,Petrol,Individual,Manual,Third Owner,21,Maruti,Maruti 800,2380.9523809523807,10.0
Maruti Grand Vitara MT,2007,479000,145000,Petrol,Individual,Manual,Third Owner,13,Maruti,Maruti Grand,11153.846153846154,1.0
Hyundai EON Sportz,2016,340000,30000,Petrol,Individual,Manual,First Owner,4,Hyundai,Hyundai EON,7500.0,3.0
Maruti Swift Dzire ZXI,2016,620000,35000,Petrol,Individual,Manual,First Owner,4,Maruti,Maruti Swift,8750.0,4.0
Tata Manza Club Class Quadrajet90 EX,2012,270000,60000,Diesel,Individual,Manual,First Owner,8,Tata,Tata Manza,7500.0,1.0
Tata Tiago 1.05 Revotorq XZ Plus,2018,400000,35000,Diesel,Individual,Manual,First Owner,2,Tata,Tata Tiago,17500.0,1.0
Maruti Wagon R VXI Optional,2015,260000,40000,Petrol,Individual,Manual,First Owner,5,Maruti,Maruti Wagon,8000.0,5.0
Hyundai Santro LE zipPlus,2003,48000,50000,Petrol,Individual,Manual,Fourth & Above Owner,17,Hyundai,Hyundai Santro,2941.176470588235,3.0
Tata Nano Twist XE,2015,100000,23800,Petrol,Individual,Manual,Second Owner,5,Tata,Tata Nano,4760.0,2.0
Nissan Terrano XL Plus 85 PS,2015,490000,70000,Diesel,Individual,Manual,First Owner,5,Nissan,Nissan Terrano,14000.0,4.0
Maruti Wagon R Duo Lxi,2010,120000,90000,LPG,Individual,Manual,Second Owner,10,Maruti,Maruti Wagon,9000.0,2.0
Hyundai i10 Era,2008,125000,102000,Petrol,Individual,Manual,Second Owner,12,Hyundai,Hyundai i10,8500.0,7.0
Maruti Alto 800 LXI,2019,190000,5000,Petrol,Individual,Manual,First Owner,1,Maruti,Maruti Alto,5000.0,48.0
Fiat Linea T Jet Plus,2011,500000,20000,Petrol,Individual,Manual,First Owner,9,Fiat,Fiat Linea,2222.222222222222,1.0
Toyota Fortuner 4x2 AT,2014,1800000,99000,Diesel,Individual,Automatic,First Owner,6,Toyota,Toyota Fortuner,16500.0,3.0
Honda Civic 1.8 V MT,2008,320000,90000,Petrol,Individual,Manual,First Owner,12,Honda,Honda Civic,7500.0,2.0
Honda Civic 1.8 S AT,2007,250000,47000,Petrol,Dealer,Automatic,First Owner,13,Honda,Honda Civic,3615.3846153846152,2.0
Ford Figo Diesel Titanium,2010,105000,90000,Diesel,Individual,Manual,Third Owner,10,Ford,Ford Figo,9000.0,14.0
Hyundai i20 Active 1.2 SX,2018,550000,20000,Petrol,Individual,Manual,First Owner,2,Hyundai,Hyundai i20,10000.0,5.0
Hyundai Grand i10 1.2 Kappa Sportz AT,2019,600000,1100,Petrol,Individual,Automatic,First Owner,1,Hyundai,Hyundai Grand,1100.0,2.0
Maruti Alto 800 VXI,2020,210000,40000,Petrol,Individual,Manual,First Owner,0,Maruti,Maruti Alto,40000.0,13.0
Maruti Alto 800 LXI Airbag,2012,210000,15000,Petrol,Individual,Manual,First Owner,8,Maruti,Maruti Alto,1875.0,2.0
Maruti Alto LXi,2009,150000,40000,Petrol,Individual,Manual,First Owner,11,Maruti,Maruti Alto,3636.3636363636365,42.0
Hyundai i10 Era 1.1,2008,125000,60000,Petrol,Individual,Manual,First Owner,12,Hyundai,Hyundai i10,5000.0,4.0
Maruti Celerio VXI,2016,380000,20000,Petrol,Individual,Manual,First Owner,4,Maruti,Maruti Celerio,5000.0,8.0
Maruti Baleno Delta 1.2,2019,600000,5000,Petrol,Individual,Manual,First Owner,1,Maruti,Maruti Baleno,5000.0,6.0
Maruti Swift VXI Deca,2016,490000,27000,Petrol,Individual,Manual,First Owner,4,Maruti,Maruti Swift,6750.0,3.0
Maruti Swift Dzire LDI,2018,545000,38000,Diesel,Individual,Manual,Second Owner,2,Maruti,Maruti Swift,19000.0,8.0
Maruti Wagon R VXI BS IV,2015,250000,25000,Petrol,Individual,Manual,First Owner,5,Maruti,Maruti Wagon,5000.0,26.0
Hyundai Venue SX Opt Turbo BSIV,2020,1050000,1100,Petrol,Individual,Manual,First Owner,0,Hyundai,Hyundai Venue,1100.0,1.0
Maruti Wagon R LX Minor,2007,100000,100000,Petrol,Individual,Manual,First Owner,13,Maruti,Maruti Wagon,7692.307692307692,5.0
Ford Figo Diesel ZXI,2014,250000,100000,Diesel,Individual,Manual,Second Owner,6,Ford,Ford Figo,16666.666666666668,6.0
Maruti Wagon R LX BSIII,2007,100000,110000,Petrol,Individual,Manual,First Owner,13,Maruti,Maruti Wagon,8461.538461538461,2.0
Ford Figo 1.5D Ambiente ABS MT,2016,350000,60000,Diesel,Individual,Manual,Second Owner,4,Ford,Ford Figo,15000.0,1.0
Renault Duster 110PS Diesel RxZ Plus,2012,370000,70000,Diesel,Individual,Manual,Second Owner,8,Renault,Renault Duster,8750.0,1.0
Maruti Zen VXi - BS III,2004,121000,110000,Petrol,Individual,Manual,Second Owner,16,Maruti,Maruti Zen,6875.0,2.0
Ford Figo Aspire 1.5 Ti-VCT Titanium,2017,570000,44077,Petrol,Dealer,Automatic,First Owner,3,Ford,Ford Figo,14692.333333333334,1.0
Maruti Ertiga SHVS VDI,2017,785000,24000,Diesel,Individual,Manual,First Owner,3,Maruti,Maruti Ertiga,8000.0,8.0
Maruti Ciaz S 1.3,2018,850000,30000,Diesel,Individual,Manual,First Owner,2,Maruti,Maruti Ciaz,15000.0,1.0
Maruti Wagon R VXI BS IV,2016,375000,30000,Petrol,Individual,Manual,Second Owner,4,Maruti,Maruti Wagon,7500.0,26.0
Maruti Baleno Alpha 1.2,2017,619000,40000,Petrol,Individual,Manual,First Owner,3,Maruti,Maruti Baleno,13333.333333333334,6.0
Chevrolet Cruze LTZ,2011,335000,90000,Diesel,Individual,Manual,Second Owner,9,Chevrolet,Chevrolet Cruze,10000.0,8.0
Toyota Innova 2.5 G (Diesel) 8 Seater BS IV,2006,500000,50000,Diesel,Individual,Manual,First Owner,14,Toyota,Toyota Innova,3571.4285714285716,6.0
Maruti Wagon R LX,2003,60000,100000,Petrol,Individual,Manual,Second Owner,17,Maruti,Maruti Wagon,5882.35294117647,2.0
Mahindra Ingenio CRDe,2015,210000,210000,Diesel,Individual,Manual,First Owner,5,Mahindra,Mahindra Ingenio,42000.0,1.0
Toyota Innova Crysta 2.4 VX MT 8S BSIV,2019,1900000,20000,Diesel,Individual,Manual,First Owner,1,Toyota,Toyota Innova,20000.0,3.0
Tata Indigo TDI,2013,270000,70000,Diesel,Individual,Manual,Second Owner,7,Tata,Tata Indigo,10000.0,7.0
Maruti Wagon R LXI Minor,2010,225000,100000,Petrol,Individual,Manual,Second Owner,10,Maruti,Maruti Wagon,10000.0,21.0
Maruti SX4 ZXI MT BSIV,2011,150000,160000,Petrol,Individual,Manual,Second Owner,9,Maruti,Maruti SX4,17777.777777777777,3.0
Chevrolet Beat Diesel LT,2013,173000,70000,Diesel,Individual,Manual,First Owner,7,Chevrolet,Chevrolet Beat,10000.0,14.0
BMW 5 Series 520d Luxury Line,2018,4800000,9422,Diesel,Individual,Automatic,First Owner,2,BMW,BMW 5,4711.0,3.0
Volkswagen Vento 1.5 Highline Plus AT 16 Alloy,2017,710000,110000,Diesel,Individual,Automatic,First Owner,3,Volkswagen,Volkswagen Vento,36666.666666666664,1.0
Toyota Corolla Altis 1.8 GL,2019,1500000,20000,Petrol,Individual,Manual,First Owner,1,Toyota,Toyota Corolla,20000.0,1.0
Maruti Baleno Zeta 1.2,2017,550000,20000,Petrol,Individual,Manual,First Owner,3,Maruti,Maruti Baleno,6666.666666666667,6.0
Maruti 800 AC BSIII,2008,58000,70000,Petrol,Individual,Manual,Second Owner,12,Maruti,Maruti 800,5833.333333333333,6.0
Audi A4 1.8 TFSI,2012,1200000,60000,Petrol,Individual,Automatic,Third Owner,8,Audi,Audi A4,7500.0,1.0
Mahindra Scorpio M2DI,2013,500000,150000,Diesel,Individual,Manual,First Owner,7,Mahindra,Mahindra Scorpio,21428.571428571428,7.0
Maruti Swift LXi BSIV,2009,120000,83000,Petrol,Individual,Manual,Second Owner,11,Maruti,Maruti Swift,7545.454545454545,2.0
Toyota Innova 2.5 EV Diesel PS 7 Seater BSIII,2012,300000,250000,Diesel,Individual,Manual,First Owner,8,Toyota,Toyota Innova,31250.0,1.0
Hyundai EON Era Plus,2018,300000,30000,Petrol,Individual,Manual,First Owner,2,Hyundai,Hyundai EON,15000.0,28.0
Datsun GO Plus T Option BSIV,2015,295000,21000,Petrol,Individual,Manual,First Owner,5,Datsun,Datsun GO,4200.0,3.0
Maruti Ertiga VXI CNG,2018,587000,80000,CNG,Individual,Manual,First Owner,2,Maruti,Maruti Ertiga,40000.0,3.0
Ambassador Grand 1800 ISZ MPFI PW CL,2012,430000,50000,Petrol,Individual,Manual,Second Owner,8,Ambassador,Ambassador Grand,6250.0,1.0
Hyundai Verna i (Petrol),2007,123000,50000,Petrol,Individual,Manual,Second Owner,13,Hyundai,Hyundai Verna,3846.153846153846,2.0
Skoda Laura Ambiente 2.0 TDI CR AT,2012,450000,48500,Diesel,Individual,Automatic,Second Owner,8,Skoda,Skoda Laura,6062.5,1.0
Maruti Wagon R LXI Minor,2007,130000,60000,Petrol,Individual,Manual,Third Owner,13,Maruti,Maruti Wagon,4615.384615384615,21.0
Tata Indica Vista Aqua 1.4 TDI,2010,110000,90000,Diesel,Individual,Manual,Second Owner,10,Tata,Tata Indica,9000.0,6.0
Mahindra Xylo Celebration Edition BSIV,2010,200000,240000,Diesel,Individual,Manual,Third Owner,10,Mahindra,Mahindra Xylo,24000.0,1.0
Hyundai Grand i10 Magna,2015,320000,70000,Petrol,Individual,Manual,Second Owner,5,Hyundai,Hyundai Grand,14000.0,4.0
Maruti Wagon R LXI BS IV,2014,300000,50000,Petrol,Individual,Manual,First Owner,6,Maruti,Maruti Wagon,8333.333333333334,9.0
Volkswagen CrossPolo 1.2 MPI,2016,350000,110000,Petrol,Individual,Manual,First Owner,4,Volkswagen,Volkswagen CrossPolo,27500.0,1.0
Maruti Ertiga VXI Petrol,2018,800000,50000,Petrol,Individual,Manual,First Owner,2,Maruti,Maruti Ertiga,25000.0,1.0
Hyundai Xcent 1.1 CRDi S,2016,270000,175000,Diesel,Individual,Manual,First Owner,4,Hyundai,Hyundai Xcent,43750.0,1.0
Hyundai i20 1.2 Magna Executive,2017,540000,60000,Petrol,Individual,Manual,First Owner,3,Hyundai,Hyundai i20,20000.0,2.0
Maruti Wagon R LXI CNG,2011,160000,60000,CNG,Individual,Manual,Second Owner,9,Maruti,Maruti Wagon,6666.666666666667,5.0
Maruti SX4 VDI,2013,340000,100000,Diesel,Individual,Manual,Second Owner,7,Maruti,Maruti SX4,14285.714285714286,3.0
Maruti Eeco 5 Seater AC BSIV,2017,350000,40000,Petrol,Individual,Manual,Second Owner,3,Maruti,Maruti Eeco,13333.333333333334,6.0
Volkswagen Vento Diesel Style Limited Edition,2011,300000,100000,Diesel,Individual,Manual,First Owner,9,Volkswagen,Volkswagen Vento,11111.111111111111,2.0
Maruti Ritz VDi,2013,330000,63000,Diesel,Individual,Manual,First Owner,7,Maruti,Maruti Ritz,9000.0,19.0
Maruti Wagon R LXI CNG,2016,325000,80000,CNG,Individual,Manual,Second Owner,4,Maruti,Maruti Wagon,20000.0,5.0
Maruti Swift Dzire VDI,2013,250000,55000,Diesel,Individual,Manual,First Owner,7,Maruti,Maruti Swift,7857.142857142857,54.0
Maruti Swift Star VDI,2013,250000,55000,Diesel,Individual,Manual,First Owner,7,Maruti,Maruti Swift,7857.142857142857,1.0
Chevrolet Beat LT Option,2015,240000,60000,Petrol,Individual,Manual,First Owner,5,Chevrolet,Chevrolet Beat,12000.0,2.0
Hyundai Grand i10 1.2 Kappa Magna BSIV,2020,545000,5000,Petrol,Individual,Manual,First Owner,0,Hyundai,Hyundai Grand,5000.0,4.0
Hyundai i10 Magna 1.1 iTech SE,2015,300000,48000,Petrol,Dealer,Manual,First Owner,5,Hyundai,Hyundai i10,9600.0,1.0
Renault KWID RXT,2017,240000,50000,Petrol,Individual,Manual,First Owner,3,Renault,Renault KWID,16666.666666666668,18.0
Renault KWID 1.0 RXT Optional,2018,360000,15000,Petrol,Individual,Manual,First Owner,2,Renault,Renault KWID,7500.0,14.0
Hyundai i20 1.4 CRDi Magna,2012,250000,70000,Diesel,Individual,Manual,First Owner,8,Hyundai,Hyundai i20,8750.0,2.0
Skoda Laura Elegance 2.0 TDI CR AT,2019,475000,105000,Diesel,Dealer,Automatic,First Owner,1,Skoda,Skoda Laura,105000.0,1.0
Hyundai i20 Asta Option 1.4 CRDi,2016,600000,50000,Diesel,Individual,Manual,Second Owner,4,Hyundai,Hyundai i20,12500.0,6.0
Tata Indigo CR4,2010,150000,80000,Diesel,Individual,Manual,Second Owner,10,Tata,Tata Indigo,8000.0,9.0
Ford EcoSport 1.5 Diesel Trend BSIV,2017,700000,50000,Diesel,Individual,Manual,First Owner,3,Ford,Ford EcoSport,16666.666666666668,2.0
Mahindra XUV500 W6 2WD,2016,1290000,5000,Diesel,Individual,Manual,First Owner,4,Mahindra,Mahindra XUV500,1250.0,13.0
Maruti Celerio ZXI AMT BSIV,2018,500000,10000,Petrol,Individual,Automatic,First Owner,2,Maruti,Maruti Celerio,5000.0,1.0
Hyundai Santro Xing GLS,2012,193000,45000,Petrol,Individual,Manual,Second Owner,8,Hyundai,Hyundai Santro,5625.0,20.0
Honda City i VTEC V,2015,800000,10000,Petrol,Individual,Manual,First Owner,5,Honda,Honda City,2000.0,6.0
Maruti Wagon R LXI Minor,2008,150000,50000,Petrol,Individual,Manual,First Owner,12,Maruti,Maruti Wagon,4166.666666666667,21.0
Maruti 800 AC,2002,80000,40000,Petrol,Individual,Manual,Fourth & Above Owner,18,Maruti,Maruti 800,2222.222222222222,20.0
Ford Figo Diesel EXI,2010,130000,100000,Diesel,Individual,Manual,Third Owner,10,Ford,Ford Figo,10000.0,8.0
Ford Figo Diesel EXI,2012,280000,80000,Diesel,Individual,Manual,Second Owner,8,Ford,Ford Figo,10000.0,8.0
Mahindra Xylo D2 BS IV,2011,229999,110000,Diesel,Individual,Manual,Second Owner,9,Mahindra,Mahindra Xylo,12222.222222222223,3.0
Maruti Zen Estilo VXI BSIII,2008,80000,120000,Petrol,Individual,Manual,First Owner,12,Maruti,Maruti Zen,10000.0,3.0
Tata Nano Cx BSIII,2010,70000,10000,Petrol,Individual,Manual,First Owner,10,Tata,Tata Nano,1000.0,2.0
Maruti Ritz VDi,2013,240000,60000,Diesel,Individual,Manual,Second Owner,7,Maruti,Maruti Ritz,8571.42857142857,19.0
Mahindra Xylo E8,2010,380000,72000,Diesel,Individual,Manual,Second Owner,10,Mahindra,Mahindra Xylo,7200.0,2.0
Hyundai Santro Xing XO,2006,80000,110000,Petrol,Individual,Manual,First Owner,14,Hyundai,Hyundai Santro,7857.142857142857,2.0
Hyundai i10 Era,2013,265000,50000,Petrol,Individual,Manual,First Owner,7,Hyundai,Hyundai i10,7142.857142857143,7.0
Hyundai EON Magna Plus Option,2018,320000,25000,Petrol,Individual,Manual,First Owner,2,Hyundai,Hyundai EON,12500.0,1.0
Nissan Terrano XL 110 PS,2014,500000,120000,Diesel,Individual,Manual,Third Owner,6,Nissan,Nissan Terrano,20000.0,3.0
Hyundai Creta 1.6 CRDi SX Option,2016,1300000,55000,Diesel,Individual,Manual,First Owner,4,Hyundai,Hyundai Creta,13750.0,5.0
Mahindra Scorpio S11 BSIV,2018,1500000,35000,Diesel,Individual,Manual,First Owner,2,Mahindra,Mahindra Scorpio,17500.0,4.0
Toyota Innova Crysta 2.8 ZX AT BSIV,2016,1800000,110000,Diesel,Individual,Automatic,First Owner,4,Toyota,Toyota Innova,27500.0,2.0
Mahindra XUV500 W6 2WD,2014,600000,80000,Diesel,Individual,Manual,Second Owner,6,Mahindra,Mahindra XUV500,13333.333333333334,13.0
Tata Tiago 1.2 Revotron XT,2018,420000,80000,Petrol,Individual,Manual,First Owner,2,Tata,Tata Tiago,40000.0,2.0
Maruti Zen Estilo LXI BS IV,2009,140000,120000,Petrol,Individual,Manual,First Owner,11,Maruti,Maruti Zen,10909.09090909091,3.0
Skoda Laura Ambiente 2.0 TDI CR MT,2010,300000,100000,Diesel,Individual,Manual,Second Owner,10,Skoda,Skoda Laura,10000.0,3.0
Hyundai Santro Xing XL eRLX Euro III,2006,100000,60000,Petrol,Dealer,Manual,Second Owner,14,Hyundai,Hyundai Santro,4285.714285714285,5.0
Maruti Alto K10 VXI,2017,350000,25000,Petrol,Dealer,Manual,First Owner,3,Maruti,Maruti Alto,8333.333333333334,20.0
Ford EcoSport 1.5 Ti VCT MT Titanium BE BSIV,2018,850000,19000,Petrol,Dealer,Manual,First Owner,2,Ford,Ford EcoSport,9500.0,2.0
Maruti Alto LX,2008,140000,54000,Petrol,Dealer,Manual,First Owner,12,Maruti,Maruti Alto,4500.0,30.0
Ford Aspire Titanium Plus BSIV,2015,550000,17100,Petrol,Dealer,Manual,Second Owner,5,Ford,Ford Aspire,3420.0,2.0
Hyundai Grand i10 Asta Option AT,2017,525000,19000,Petrol,Dealer,Automatic,First Owner,3,Hyundai,Hyundai Grand,6333.333333333333,1.0
Ford Ecosport 1.5 DV5 MT Titanium,2015,470000,146000,Diesel,Dealer,Manual,First Owner,5,Ford,Ford Ecosport,29200.0,12.0
Ford Endeavour 3.0L 4X4 AT,2013,900000,98000,Diesel,Dealer,Automatic,First Owner,7,Ford,Ford Endeavour,14000.0,2.0
Ford Endeavour 2.5L 4X2,2011,500000,224642,Diesel,Dealer,Manual,Second Owner,9,Ford,Ford Endeavour,24960.222222222223,1.0
Maruti Zen LXI,1998,80000,120000,Petrol,Individual,Manual,Second Owner,22,Maruti,Maruti Zen,5454.545454545455,6.0
Mahindra Verito 1.5 D2 BSIII,2011,175000,175000,Diesel,Individual,Manual,First Owner,9,Mahindra,Mahindra Verito,19444.444444444445,3.0
Mahindra XUV500 AT W10 AWD,2017,1350000,15000,Diesel,Individual,Automatic,Second Owner,3,Mahindra,Mahindra XUV500,5000.0,2.0
Renault Duster 110PS Diesel RxZ,2017,800000,50000,Diesel,Individual,Manual,First Owner,3,Renault,Renault Duster,16666.666666666668,8.0
Datsun RediGO 1.0 S,2017,250000,15000,Petrol,Individual,Manual,First Owner,3,Datsun,Datsun RediGO,5000.0,2.0
Maruti Ignis 1.2 AMT Alpha BSIV,2018,700000,25000,Petrol,Individual,Automatic,First Owner,2,Maruti,Maruti Ignis,12500.0,1.0
Tata Nexon 1.5 Revotorq XM,2019,800000,25000,Diesel,Individual,Manual,First Owner,1,Tata,Tata Nexon,25000.0,1.0
Mahindra XUV500 W6 2WD,2013,660000,69000,Diesel,Individual,Manual,First Owner,7,Mahindra,Mahindra XUV500,9857.142857142857,13.0
Maruti Swift VDI BSIV,2015,465000,60000,Diesel,Individual,Manual,Third Owner,5,Maruti,Maruti Swift,12000.0,28.0
Mahindra Scorpio 2.6 CRDe,2006,180000,222435,Diesel,Individual,Manual,Second Owner,14,Mahindra,Mahindra Scorpio,15888.214285714286,4.0
Maruti Swift Dzire VDI,2017,600000,66000,Diesel,Individual,Manual,Third Owner,3,Maruti,Maruti Swift,22000.0,54.0
Ford Fiesta 1.4 ZXi Duratec,2010,150000,110000,Petrol,Individual,Manual,First Owner,10,Ford,Ford Fiesta,11000.0,1.0
Hyundai Verna 1.6 SX,2014,450000,78000,Diesel,Individual,Manual,Second Owner,6,Hyundai,Hyundai Verna,13000.0,13.0
Hyundai Elite i20 Sportz Plus BSIV,2019,721000,10000,Petrol,Individual,Manual,First Owner,1,Hyundai,Hyundai Elite,10000.0,3.0
Maruti Swift 1.2 DLX,2018,300000,35000,Petrol,Individual,Manual,First Owner,2,Maruti,Maruti Swift,17500.0,4.0
Mahindra Scorpio BSIV,2019,1000000,10000,Diesel,Individual,Manual,First Owner,1,Mahindra,Mahindra Scorpio,10000.0,2.0
Renault KWID RXT,2016,300000,40000,Petrol,Individual,Manual,First Owner,4,Renault,Renault KWID,10000.0,18.0
Mahindra Scorpio LX,2013,450000,120000,Diesel,Individual,Manual,First Owner,7,Mahindra,Mahindra Scorpio,17142.85714285714,5.0
Maruti Esteem AX,1997,79000,70000,Petrol,Individual,Automatic,First Owner,23,Maruti,Maruti Esteem,3043.478260869565,1.0
Ford Figo 1.5D Trend MT,2017,545000,40000,Diesel,Individual,Manual,First Owner,3,Ford,Ford Figo,13333.333333333334,3.0
Honda Amaze V Diesel BSIV,2018,844999,20000,Diesel,Individual,Manual,First Owner,2,Honda,Honda Amaze,10000.0,1.0
Skoda Rapid 1.5 TDI Ambition,2016,700000,93000,Diesel,Individual,Manual,First Owner,4,Skoda,Skoda Rapid,23250.0,2.0
Toyota Etios VD,2016,650000,159000,Diesel,Individual,Manual,First Owner,4,Toyota,Toyota Etios,39750.0,7.0
Ford Ecosport 1.5 DV5 MT Titanium,2014,525000,75000,Diesel,Individual,Manual,Second Owner,6,Ford,Ford Ecosport,12500.0,12.0
Ford Fiesta Classic 1.4 SXI Duratorq,2006,110000,101100,Diesel,Individual,Manual,Third Owner,14,Ford,Ford Fiesta,7221.428571428572,3.0
Tata Indica Vista Aqua 1.3 Quadrajet BSIV,2011,180000,66000,Diesel,Individual,Manual,First Owner,9,Tata,Tata Indica,7333.333333333333,1.0
Hyundai i10 Era,2012,280000,30000,Petrol,Individual,Manual,Second Owner,8,Hyundai,Hyundai i10,3750.0,7.0
Renault KWID 1.0 RXT Optional,2019,400000,10000,Petrol,Individual,Manual,First Owner,1,Renault,Renault KWID,10000.0,14.0
Mahindra XUV500 W8 4WD,2012,625000,126000,Diesel,Individual,Manual,Second Owner,8,Mahindra,Mahindra XUV500,15750.0,9.0
Volkswagen Vento 1.5 TDI Highline,2015,535000,70000,Diesel,Individual,Manual,First Owner,5,Volkswagen,Volkswagen Vento,14000.0,5.0
Maruti Swift VDI Optional,2017,459999,50000,Diesel,Individual,Manual,First Owner,3,Maruti,Maruti Swift,16666.666666666668,4.0
Mahindra Bolero DI,2010,300000,100000,Diesel,Individual,Manual,First Owner,10,Mahindra,Mahindra Bolero,10000.0,7.0
Honda Civic 1.8 V AT,2007,280000,60000,Petrol,Individual,Automatic,First Owner,13,Honda,Honda Civic,4615.384615384615,3.0
Honda Mobilio V i VTEC,2014,500000,70000,Petrol,Individual,Manual,First Owner,6,Honda,Honda Mobilio,11666.666666666666,2.0
Hyundai Creta 1.6 SX,2019,1200000,1200,Petrol,Individual,Manual,First Owner,1,Hyundai,Hyundai Creta,1200.0,1.0
Hyundai i10 Sportz AT,2011,180000,134444,Petrol,Individual,Automatic,Second Owner,9,Hyundai,Hyundai i10,14938.222222222223,1.0
Maruti Alto LXi,2009,78000,120000,Petrol,Individual,Manual,Second Owner,11,Maruti,Maruti Alto,10909.09090909091,42.0
Nissan Micra Diesel XV Premium,2011,160000,120000,Diesel,Individual,Manual,First Owner,9,Nissan,Nissan Micra,13333.333333333334,3.0
Mahindra Scorpio VLX 2WD AIRBAG BSIV,2014,600000,238000,Diesel,Individual,Manual,First Owner,6,Mahindra,Mahindra Scorpio,39666.666666666664,3.0
Maruti Wagon R LXI Minor,2008,110000,100000,Petrol,Individual,Manual,Second Owner,12,Maruti,Maruti Wagon,8333.333333333334,21.0
Mahindra Bolero SLX 4WD BSIII,2011,450000,110000,Diesel,Individual,Manual,Second Owner,9,Mahindra,Mahindra Bolero,12222.222222222223,1.0
Mahindra Scorpio S9 BSIV,2019,1350000,35000,Diesel,Individual,Manual,First Owner,1,Mahindra,Mahindra Scorpio,35000.0,1.0
Honda City 1.3 DX,2003,120000,165000,Petrol,Individual,Manual,Second Owner,17,Honda,Honda City,9705.882352941177,1.0
Honda BR-V i-DTEC VX MT,2018,1040000,42000,Diesel,Individual,Manual,First Owner,2,Honda,Honda BR-V,21000.0,5.0
Hyundai Grand i10 CRDi Sportz,2014,390000,70000,Diesel,Individual,Manual,Second Owner,6,Hyundai,Hyundai Grand,11666.666666666666,6.0
Tata Nano Lx BSIII,2011,65000,60000,Petrol,Individual,Manual,Second Owner,9,Tata,Tata Nano,6666.666666666667,1.0
Volkswagen Polo Diesel Highline 1.2L,2013,320000,115000,Diesel,Individual,Manual,Third Owner,7,Volkswagen,Volkswagen Polo,16428.571428571428,6.0
Volkswagen Ameo 1.5 TDI Highline,2017,720000,70000,Diesel,Individual,Manual,First Owner,3,Volkswagen,Volkswagen Ameo,23333.333333333332,2.0
Maruti Swift ZXI ABS,2007,220000,80000,Petrol,Individual,Manual,Second Owner,13,Maruti,Maruti Swift,6153.846153846154,2.0
Maruti Wagon R LXI BS IV,2011,225000,65000,Petrol,Dealer,Manual,First Owner,9,Maruti,Maruti Wagon,7222.222222222223,9.0
Tata Manza Aura (ABS) Quadrajet BS IV,2010,200000,150000,Diesel,Individual,Manual,Second Owner,10,Tata,Tata Manza,15000.0,4.0
Toyota Etios GD,2015,434999,75000,Diesel,Dealer,Manual,Second Owner,5,Toyota,Toyota Etios,15000.0,7.0
Ford Figo Diesel Titanium,2012,300000,63700,Diesel,Individual,Manual,First Owner,8,Ford,Ford Figo,7962.5,14.0
Honda Amaze VX i-DTEC,2018,700000,74800,Diesel,Individual,Manual,First Owner,2,Honda,Honda Amaze,37400.0,7.0
Ford Endeavour 2.5L 4X2 MT,2009,500000,105000,Diesel,Individual,Manual,Second Owner,11,Ford,Ford Endeavour,9545.454545454546,4.0
Renault Duster 85PS Diesel RxE,2016,500000,40000,Diesel,Individual,Manual,First Owner,4,Renault,Renault Duster,10000.0,5.0
Maruti Ritz LDi,2016,400000,90000,Diesel,Individual,Manual,Second Owner,4,Maruti,Maruti Ritz,22500.0,6.0
Toyota Corolla Altis D-4D J,2015,825000,75000,Diesel,Dealer,Manual,Second Owner,5,Toyota,Toyota Corolla,15000.0,2.0
Maruti Swift Dzire VDI,2018,720000,15000,Diesel,Individual,Manual,First Owner,2,Maruti,Maruti Swift,7500.0,54.0
Maruti 800 AC Uniq,2009,110000,30000,Petrol,Individual,Manual,Second Owner,11,Maruti,Maruti 800,2727.2727272727275,2.0
Mahindra Scorpio VLX 2WD AIRBAG BSIV,2014,600000,100000,Diesel,Individual,Manual,Second Owner,6,Mahindra,Mahindra Scorpio,16666.666666666668,3.0
Mahindra Scorpio VLX 2WD AT BSIV,2009,275000,155000,Diesel,Individual,Automatic,Third Owner,11,Mahindra,Mahindra Scorpio,14090.90909090909,1.0
Land Rover Range Rover Evoque 2.2L Dynamic,2012,2349000,149000,Diesel,Individual,Automatic,Second Owner,8,Land,Land Rover,18625.0,1.0
Hyundai i20 1.4 Sportz,2017,740000,60000,Diesel,Individual,Manual,First Owner,3,Hyundai,Hyundai i20,20000.0,4.0
Maruti Baleno Alpha 1.3,2017,800000,90000,Diesel,Individual,Manual,First Owner,3,Maruti,Maruti Baleno,30000.0,8.0
Hyundai Verna CRDi 1.6 SX Option,2019,1100000,100000,Diesel,Individual,Manual,First Owner,1,Hyundai,Hyundai Verna,100000.0,5.0
BMW X1 sDrive20d,2012,750000,100000,Diesel,Individual,Automatic,Second Owner,8,BMW,BMW X1,12500.0,3.0
Maruti Alto K10 2010-2014 VXI,2012,200000,90000,Petrol,Individual,Manual,Second Owner,8,Maruti,Maruti Alto,11250.0,9.0
Tata Spacio SA 6 Seater,2009,210000,75000,Diesel,Individual,Manual,First Owner,11,Tata,Tata Spacio,6818.181818181818,1.0
Maruti Swift VDI BSIV,2009,270000,120000,Diesel,Individual,Manual,Second Owner,11,Maruti,Maruti Swift,10909.09090909091,28.0
Toyota Etios 1.4 VXD,2016,630000,90000,Diesel,Individual,Manual,Second Owner,4,Toyota,Toyota Etios,22500.0,2.0
Hyundai Xcent 1.2 Kappa S,2015,375000,55000,Petrol,Individual,Manual,First Owner,5,Hyundai,Hyundai Xcent,11000.0,4.0
Mahindra Xylo D2,2010,300000,70000,Diesel,Individual,Manual,First Owner,10,Mahindra,Mahindra Xylo,7000.0,3.0
Mahindra Bolero Power Plus SLX,2016,580000,95000,Diesel,Individual,Manual,Second Owner,4,Mahindra,Mahindra Bolero,23750.0,11.0
Hyundai Verna 1.4 CRDi,2014,550000,50000,Diesel,Individual,Manual,First Owner,6,Hyundai,Hyundai Verna,8333.333333333334,1.0
Maruti Ciaz ZDi Plus SHVS,2016,750000,50000,Diesel,Individual,Manual,First Owner,4,Maruti,Maruti Ciaz,12500.0,3.0
Maruti Omni E MPI STD BS IV,2014,250000,60516,Petrol,Individual,Manual,First Owner,6,Maruti,Maruti Omni,10086.0,7.0
Hyundai Verna 1.6 SX,2012,434999,235000,Diesel,Individual,Manual,Second Owner,8,Hyundai,Hyundai Verna,29375.0,13.0
Mercedes-Benz E-Class 280 CDI,2007,900000,76731,Diesel,Dealer,Automatic,First Owner,13,Mercedes-Benz,Mercedes-Benz E-Class,5902.384615384615,1.0
Maruti Swift ZDI,2016,685000,64000,Diesel,Dealer,Manual,First Owner,4,Maruti,Maruti Swift,16000.0,1.0
Maruti Swift VDI BSIV,2014,540000,65000,Diesel,Dealer,Manual,First Owner,6,Maruti,Maruti Swift,10833.333333333334,28.0
Honda City i-VTEC CVT ZX,2018,1165000,13000,Petrol,Dealer,Automatic,Test Drive Car,2,Honda,Honda City,6500.0,3.0
Ford Ecosport 1.5 DV5 MT Titanium Optional,2014,610000,77000,Diesel,Dealer,Manual,First Owner,6,Ford,Ford Ecosport,12833.333333333334,2.0
Hyundai EON Era,2011,254999,24000,Petrol,Dealer,Manual,First Owner,9,Hyundai,Hyundai EON,2666.6666666666665,2.0
Nissan Micra Active XV,2014,280000,63840,Petrol,Dealer,Manual,First Owner,6,Nissan,Nissan Micra,10640.0,2.0
Tata Tiago 1.2 Revotron XT,2017,370000,25000,Petrol,Individual,Manual,First Owner,3,Tata,Tata Tiago,8333.333333333334,2.0
Tata New Safari DICOR 2.2 EX 4x2,2011,459999,76400,Diesel,Individual,Manual,Second Owner,9,Tata,Tata New,8488.888888888889,12.0
Maruti Zen LX,1998,42000,70000,Petrol,Individual,Manual,Third Owner,22,Maruti,Maruti Zen,3181.818181818182,9.0
Fiat Linea Active (Diesel),2011,190000,80000,Diesel,Individual,Manual,Third Owner,9,Fiat,Fiat Linea,8888.888888888889,1.0
Fiat Punto 1.4 Emotion,2010,165000,100000,Petrol,Individual,Manual,Fourth & Above Owner,10,Fiat,Fiat Punto,10000.0,1.0
Ford EcoSport 1.5 Diesel Trend Plus BSIV,2017,710000,40000,Diesel,Individual,Manual,First Owner,3,Ford,Ford EcoSport,13333.333333333334,1.0
Hyundai Creta 1.6 SX Option,2018,1200000,15000,Petrol,Individual,Manual,First Owner,2,Hyundai,Hyundai Creta,7500.0,2.0
Maruti Zen Estilo LXI BS IV,2011,229999,70000,Petrol,Individual,Manual,First Owner,9,Maruti,Maruti Zen,7777.777777777777,3.0
Renault KWID RXT,2018,310000,15000,Petrol,Individual,Manual,First Owner,2,Renault,Renault KWID,7500.0,18.0
Maruti Wagon R VXI BS IV,2015,320000,40000,Petrol,Individual,Manual,First Owner,5,Maruti,Maruti Wagon,8000.0,26.0
Maruti 800 AC,2006,100000,54000,Petrol,Individual,Manual,First Owner,14,Maruti,Maruti 800,3857.1428571428573,20.0
Hyundai Verna CRDi,2009,160000,90000,Diesel,Individual,Manual,First Owner,11,Hyundai,Hyundai Verna,8181.818181818182,6.0
Maruti 800 AC BSIII,2007,60000,52000,Petrol,Individual,Manual,First Owner,13,Maruti,Maruti 800,4000.0,6.0
Tata Indigo LS,2012,100000,200000,Diesel,Individual,Manual,Third Owner,8,Tata,Tata Indigo,25000.0,8.0
Chevrolet Beat Diesel LT,2016,350000,35000,Diesel,Individual,Manual,Second Owner,4,Chevrolet,Chevrolet Beat,8750.0,14.0
Renault Duster 110PS Diesel RxZ AWD,2017,700000,60000,Diesel,Individual,Manual,First Owner,3,Renault,Renault Duster,20000.0,1.0
Maruti Alto K10 VXI,2017,300000,31489,Petrol,Individual,Manual,First Owner,3,Maruti,Maruti Alto,10496.333333333334,20.0
Hyundai i20 1.4 Asta Option,2018,830000,40000,Diesel,Individual,Manual,First Owner,2,Hyundai,Hyundai i20,20000.0,3.0
Hyundai Verna Transform VTVT,2010,229999,70000,Petrol,Individual,Manual,First Owner,10,Hyundai,Hyundai Verna,7000.0,1.0
Hyundai i20 Magna Optional 1.4 CRDi,2013,400000,100000,Diesel,Individual,Manual,First Owner,7,Hyundai,Hyundai i20,14285.714285714286,3.0
Maruti Gypsy King Hard Top Ambulance BSIV,2005,300000,70000,Petrol,Individual,Manual,Second Owner,15,Maruti,Maruti Gypsy,4666.666666666667,1.0
Ford Figo Diesel Celebration Edition,2013,300000,50000,Diesel,Individual,Manual,First Owner,7,Ford,Ford Figo,7142.857142857143,5.0
Ford Fiesta 1.4 SXi TDCi,2009,80000,180000,Diesel,Individual,Manual,Second Owner,11,Ford,Ford Fiesta,16363.636363636364,1.0
Maruti 800 AC,2008,80000,50000,Petrol,Individual,Manual,Second Owner,12,Maruti,Maruti 800,4166.666666666667,20.0
Maruti Esteem Vxi,2007,100000,90000,Petrol,Individual,Manual,Second Owner,13,Maruti,Maruti Esteem,6923.076923076923,2.0
Tata Indica Vista Quadrajet LS,2012,300000,110000,Diesel,Individual,Manual,First Owner,8,Tata,Tata Indica,13750.0,5.0
Maruti Baleno Zeta Automatic,2018,700000,26000,Petrol,Individual,Automatic,First Owner,2,Maruti,Maruti Baleno,13000.0,1.0
Maruti Vitara Brezza ZDi Plus,2016,975000,65000,Diesel,Individual,Manual,First Owner,4,Maruti,Maruti Vitara,16250.0,5.0
Chevrolet Captiva LT,2009,500000,130000,Diesel,Individual,Manual,First Owner,11,Chevrolet,Chevrolet Captiva,11818.181818181818,2.0
Renault Duster 85PS Diesel RxL Optional,2013,550000,75000,Diesel,Individual,Manual,Second Owner,7,Renault,Renault Duster,10714.285714285714,7.0
Nissan Terrano XV Premium 110 PS,2014,550000,110000,Diesel,Individual,Manual,Second Owner,6,Nissan,Nissan Terrano,18333.333333333332,2.0
Maruti Alto K10 2010-2014 VXI,2014,240000,50000,Petrol,Individual,Manual,First Owner,6,Maruti,Maruti Alto,8333.333333333334,9.0
Maruti 800 Std,1997,50000,80000,Petrol,Individual,Manual,Second Owner,23,Maruti,Maruti 800,3478.2608695652175,10.0
Tata Indica Vista Aura 1.2 Safire,2009,120000,80000,Petrol,Individual,Manual,Second Owner,11,Tata,Tata Indica,7272.727272727273,2.0
Maruti Alto 800 LXI,2013,900000,60000,Petrol,Individual,Manual,Second Owner,7,Maruti,Maruti Alto,8571.42857142857,48.0
Honda City 1.5 V MT,2009,250000,90000,Petrol,Individual,Manual,Second Owner,11,Honda,Honda City,8181.818181818182,6.0
Renault KWID 1.0 RXT Optional,2017,280000,36000,Petrol,Individual,Manual,First Owner,3,Renault,Renault KWID,12000.0,14.0
Tata Indica Vista Terra Quadrajet 1.3L BS IV,2010,85000,87000,Diesel,Individual,Manual,First Owner,10,Tata,Tata Indica,8700.0,1.0
Tata Indica Vista Terra 1.4 TDI,2011,90000,80000,Diesel,Individual,Manual,First Owner,9,Tata,Tata Indica,8888.888888888889,4.0
Chevrolet Enjoy TCDi LT 8 Seater,2015,500000,50000,Diesel,Individual,Manual,First Owner,5,Chevrolet,Chevrolet Enjoy,10000.0,2.0
Maruti 800 Std,2013,200000,60000,Petrol,Individual,Manual,First Owner,7,Maruti,Maruti 800,8571.42857142857,10.0
Renault KWID RXT,2015,250000,50000,Petrol,Individual,Manual,First Owner,5,Renault,Renault KWID,10000.0,18.0
Maruti Swift Dzire VDI,2014,185000,40000,Diesel,Individual,Manual,Third Owner,6,Maruti,Maruti Swift,6666.666666666667,54.0
Hyundai i10 Magna 1.1,2008,100000,60000,Petrol,Individual,Manual,Second Owner,12,Hyundai,Hyundai i10,5000.0,4.0
Toyota Etios VXD,2015,610000,55000,Diesel,Individual,Manual,First Owner,5,Toyota,Toyota Etios,11000.0,1.0
Mahindra Quanto C8,2012,290000,80000,Diesel,Individual,Manual,First Owner,8,Mahindra,Mahindra Quanto,10000.0,4.0
Mahindra Xylo E9,2012,300000,295000,Diesel,Individual,Manual,First Owner,8,Mahindra,Mahindra Xylo,36875.0,1.0
Hyundai EON Era Plus,2015,225000,80000,Petrol,Individual,Manual,First Owner,5,Hyundai,Hyundai EON,16000.0,28.0
Maruti Alto K10 VXI,2017,320000,50000,Petrol,Individual,Manual,Second Owner,3,Maruti,Maruti Alto,16666.666666666668,20.0
Tata Indigo CR4,2012,135000,158000,Diesel,Individual,Manual,Third Owner,8,Tata,Tata Indigo,19750.0,9.0
Toyota Innova 2.5 G (Diesel) 7 Seater BS IV,2006,400000,400000,Diesel,Individual,Manual,Third Owner,14,Toyota,Toyota Innova,28571.428571428572,2.0
Nissan Sunny XL,2016,600000,19495,Petrol,Dealer,Manual,First Owner,4,Nissan,Nissan Sunny,4873.75,5.0
Renault Duster 85PS Diesel RxL Plus,2013,570000,62668,Diesel,Dealer,Manual,First Owner,7,Renault,Renault Duster,8952.57142857143,3.0
Mahindra XUV500 W6 2WD,2013,850000,85710,Diesel,Dealer,Manual,First Owner,7,Mahindra,Mahindra XUV500,12244.285714285714,13.0
Ford Figo Diesel EXI,2011,250000,55130,Diesel,Dealer,Manual,Second Owner,9,Ford,Ford Figo,6125.555555555556,8.0
Ford Ecosport 1.5 DV5 MT Titanium,2014,580000,63356,Diesel,Dealer,Manual,Second Owner,6,Ford,Ford Ecosport,10559.333333333334,12.0
Toyota Fortuner 3.0 Diesel,2012,1680000,129627,Diesel,Dealer,Manual,First Owner,8,Toyota,Toyota Fortuner,16203.375,4.0
Chevrolet Spark 1.0 LT,2010,180000,15000,Petrol,Individual,Manual,First Owner,10,Chevrolet,Chevrolet Spark,1500.0,6.0
Tata Tiago 1.2 Revotron XE,2017,300000,50000,Petrol,Individual,Manual,First Owner,3,Tata,Tata Tiago,16666.666666666668,3.0
Toyota Etios Liva VX,2012,269000,70000,Petrol,Individual,Manual,Second Owner,8,Toyota,Toyota Etios,8750.0,1.0
Maruti Alto K10 VXI,2018,231999,20000,Petrol,Individual,Manual,First Owner,2,Maruti,Maruti Alto,10000.0,20.0
Chevrolet Beat LS,2011,150000,60000,Petrol,Individual,Manual,Third Owner,9,Chevrolet,Chevrolet Beat,6666.666666666667,7.0
Hyundai Grand i10 Asta Option,2017,495000,5000,Petrol,Individual,Manual,First Owner,3,Hyundai,Hyundai Grand,1666.6666666666667,4.0
Maruti Ciaz VXi,2014,700000,15000,Petrol,Individual,Manual,First Owner,6,Maruti,Maruti Ciaz,2500.0,2.0
Datsun GO Plus T BSIV,2018,400000,4400,Petrol,Individual,Manual,Second Owner,2,Datsun,Datsun GO,2200.0,2.0
Mahindra Xylo H4,2019,599000,15000,Diesel,Individual,Manual,Third Owner,1,Mahindra,Mahindra Xylo,15000.0,1.0
Renault Duster 85PS Diesel RxL Optional,2013,421000,45000,Diesel,Individual,Manual,First Owner,7,Renault,Renault Duster,6428.571428571428,7.0
Ford EcoSport 1.5 Diesel Trend BSIV,2018,841000,1000,Diesel,Individual,Manual,First Owner,2,Ford,Ford EcoSport,500.0,2.0
Hyundai i10 Magna 1.1L,2014,295000,38500,Petrol,Individual,Manual,First Owner,6,Hyundai,Hyundai i10,6416.666666666667,2.0
Hyundai i10 Sportz,2011,220000,25000,Petrol,Individual,Manual,First Owner,9,Hyundai,Hyundai i10,2777.777777777778,3.0
Ford Classic 1.4 Duratorq LXI,2013,250000,35000,Diesel,Individual,Manual,First Owner,7,Ford,Ford Classic,5000.0,1.0
Toyota Fortuner 3.0 Diesel,2009,1100000,110000,Diesel,Individual,Manual,Second Owner,11,Toyota,Toyota Fortuner,10000.0,4.0
Hyundai Verna 1.6 VTVT,2012,300000,40000,Petrol,Individual,Manual,First Owner,8,Hyundai,Hyundai Verna,5000.0,3.0
Chevrolet Aveo U-VA 1.2,2007,80000,110000,Petrol,Individual,Manual,Second Owner,13,Chevrolet,Chevrolet Aveo,8461.538461538461,1.0
Chevrolet Beat Diesel LT,2013,215000,20000,Diesel,Individual,Manual,Third Owner,7,Chevrolet,Chevrolet Beat,2857.1428571428573,14.0
Hyundai EON Magna Plus,2012,245000,14987,Petrol,Dealer,Manual,First Owner,8,Hyundai,Hyundai EON,1873.375,17.0
Ford EcoSport 1.5 TDCi Titanium BSIV,2016,650000,25061,Diesel,Dealer,Manual,First Owner,4,Ford,Ford EcoSport,6265.25,9.0
Ford Ecosport 1.5 Diesel Titanium,2017,760000,42494,Diesel,Dealer,Manual,First Owner,3,Ford,Ford Ecosport,14164.666666666666,3.0
Honda Amaze S i-Dtech,2014,395000,44875,Diesel,Dealer,Manual,First Owner,6,Honda,Honda Amaze,7479.166666666667,7.0
Ford Figo Diesel EXI,2014,280000,89741,Diesel,Dealer,Manual,Second Owner,6,Ford,Ford Figo,14956.833333333334,8.0
Honda Jazz 1.5 S i DTEC,2016,495000,65000,Diesel,Dealer,Manual,First Owner,4,Honda,Honda Jazz,16250.0,1.0
Honda Jazz 1.5 VX i DTEC,2016,525000,35000,Diesel,Dealer,Manual,First Owner,4,Honda,Honda Jazz,8750.0,6.0
Toyota Innova 2.5 GX 8 STR BSIV,2009,420000,347089,Diesel,Dealer,Manual,First Owner,11,Toyota,Toyota Innova,31553.545454545456,2.0
Tata New Safari DICOR 2.2 VX 4x2,2010,210000,34500,Diesel,Individual,Manual,First Owner,10,Tata,Tata New,3450.0,1.0
Hyundai i20 Active 1.2 S,2018,650000,30000,Petrol,Individual,Manual,First Owner,2,Hyundai,Hyundai i20,15000.0,4.0
BMW 3 Series 320d Luxury Line,2018,2300000,39000,Diesel,Individual,Automatic,First Owner,2,BMW,BMW 3,19500.0,3.0
Ford Freestyle Titanium Plus Diesel BSIV,2019,525000,16000,Diesel,Individual,Manual,First Owner,1,Ford,Ford Freestyle,16000.0,2.0
Maruti Wagon R LXI CNG,2010,195000,80000,CNG,Individual,Manual,Second Owner,10,Maruti,Maruti Wagon,8000.0,5.0
Maruti Ertiga SHVS VDI,2016,650000,60000,Diesel,Individual,Manual,First Owner,4,Maruti,Maruti Ertiga,15000.0,8.0
Mahindra TUV 300 T6 Plus,2015,540000,110000,Diesel,Individual,Manual,First Owner,5,Mahindra,Mahindra TUV,22000.0,3.0
Maruti Alto 800 LXI,2014,180000,61000,Petrol,Individual,Manual,First Owner,6,Maruti,Maruti Alto,10166.666666666666,48.0
Maruti Ertiga SHVS ZDI Plus,2018,980000,50000,Diesel,Individual,Manual,First Owner,2,Maruti,Maruti Ertiga,25000.0,5.0
Fiat Grande Punto EVO 90HP 1.3 Sport,2014,250000,90000,Diesel,Individual,Manual,First Owner,6,Fiat,Fiat Grande,15000.0,1.0
Hyundai Grand i10 1.2 Kappa Sportz AT,2018,550000,35000,Petrol,Individual,Automatic,First Owner,2,Hyundai,Hyundai Grand,17500.0,2.0
Volkswagen Vento 1.6 Highline,2015,509999,43000,Petrol,Individual,Manual,Second Owner,5,Volkswagen,Volkswagen Vento,8600.0,2.0
Maruti Alto K10 LXI,2017,320000,50000,Petrol,Individual,Manual,First Owner,3,Maruti,Maruti Alto,16666.666666666668,8.0
Hyundai EON D Lite,2016,275000,25000,Petrol,Individual,Manual,First Owner,4,Hyundai,Hyundai EON,6250.0,3.0
Mahindra XUV500 W8 2WD,2013,550000,222252,Diesel,Individual,Manual,First Owner,7,Mahindra,Mahindra XUV500,31750.285714285714,16.0
Maruti Wagon R VXI Minor,2009,145000,50000,Petrol,Individual,Manual,Second Owner,11,Maruti,Maruti Wagon,4545.454545454545,4.0
Fiat Grande Punto Emotion 90Hp,2013,250000,80000,Diesel,Individual,Manual,First Owner,7,Fiat,Fiat Grande,11428.57142857143,1.0
Hyundai Verna 1.6 SX,2012,520000,35000,Diesel,Individual,Manual,First Owner,8,Hyundai,Hyundai Verna,4375.0,13.0
Maruti Alto LXi,2007,95000,85000,Petrol,Individual,Manual,Second Owner,13,Maruti,Maruti Alto,6538.461538461538,42.0
Toyota Innova 2.5 V Diesel 7-seater,2011,725000,110000,Diesel,Individual,Manual,Third Owner,9,Toyota,Toyota Innova,12222.222222222223,5.0
Maruti 800 AC,2006,55000,70000,Petrol,Individual,Manual,Second Owner,14,Maruti,Maruti 800,5000.0,20.0
Honda City i DTEC VX,2014,600000,100000,Diesel,Individual,Manual,First Owner,6,Honda,Honda City,16666.666666666668,7.0
Volkswagen Vento New Diesel Highline,2013,330000,120000,Diesel,Individual,Manual,Second Owner,7,Volkswagen,Volkswagen Vento,17142.85714285714,2.0
Maruti Swift Dzire VDI,2015,470000,89000,Diesel,Individual,Manual,First Owner,5,Maruti,Maruti Swift,17800.0,54.0
Maruti Swift ZDi,2013,365000,120000,Diesel,Individual,Manual,First Owner,7,Maruti,Maruti Swift,17142.85714285714,3.0
Hyundai EON Magna Plus,2013,250000,40000,Petrol,Individual,Manual,Second Owner,7,Hyundai,Hyundai EON,5714.285714285715,17.0
Maruti Wagon R VXI BS IV,2017,430000,17000,Petrol,Individual,Manual,First Owner,3,Maruti,Maruti Wagon,5666.666666666667,26.0
Maruti Swift VDI,2013,400000,125000,Diesel,Individual,Manual,Second Owner,7,Maruti,Maruti Swift,17857.14285714286,23.0
Maruti Swift Dzire ZXI,2015,615000,110000,Petrol,Individual,Manual,Second Owner,5,Maruti,Maruti Swift,22000.0,4.0
Ford Figo Diesel Titanium,2011,150000,120000,Diesel,Individual,Manual,Second Owner,9,Ford,Ford Figo,13333.333333333334,14.0
Ford Figo Diesel ZXI,2014,240000,90000,Diesel,Individual,Manual,First Owner,6,Ford,Ford Figo,15000.0,6.0
Mahindra Scorpio S10 7 Seater,2014,800000,90000,Diesel,Individual,Manual,First Owner,6,Mahindra,Mahindra Scorpio,15000.0,2.0
Hyundai EON LPG Magna Plus,2015,240000,110000,LPG,Individual,Manual,First Owner,5,Hyundai,Hyundai EON,22000.0,3.0
Ford Ecosport 1.5 DV5 MT Titanium,2014,600000,87000,Diesel,Individual,Manual,Second Owner,6,Ford,Ford Ecosport,14500.0,12.0
Mahindra Scorpio LX,2014,800000,15000,Diesel,Individual,Manual,First Owner,6,Mahindra,Mahindra Scorpio,2500.0,5.0
Ford Fiesta Classic 1.6 Duratec CLXI,2012,350000,38000,Petrol,Individual,Manual,First Owner,8,Ford,Ford Fiesta,4750.0,1.0
Honda City 1.5 V MT,2011,300000,64000,Petrol,Individual,Manual,Second Owner,9,Honda,Honda City,7111.111111111111,6.0
Tata Sumo Gold EX BSIII,2015,399000,55250,Diesel,Individual,Manual,First Owner,5,Tata,Tata Sumo,11050.0,2.0
Mahindra Bolero DI,2011,300000,110000,Diesel,Individual,Manual,First Owner,9,Mahindra,Mahindra Bolero,12222.222222222223,7.0
Maruti A-Star AT VXI,2012,150000,70000,Petrol,Individual,Automatic,First Owner,8,Maruti,Maruti A-Star,8750.0,1.0
Chevrolet Cruze LTZ,2010,320000,60000,Diesel,Individual,Manual,Third Owner,10,Chevrolet,Chevrolet Cruze,6000.0,8.0
Tata Hexa XM,2018,1280000,17000,Diesel,Individual,Manual,First Owner,2,Tata,Tata Hexa,8500.0,3.0
Renault KWID 1.0 RXT Optional,2017,300000,13000,Petrol,Individual,Manual,Second Owner,3,Renault,Renault KWID,4333.333333333333,14.0
Nissan Terrano XL Plus ICC WT20 SE,2016,1000000,60000,Diesel,Individual,Manual,First Owner,4,Nissan,Nissan Terrano,15000.0,1.0
Mitsubishi Pajero Sport 4X4,2012,1090000,120000,Diesel,Individual,Manual,Second Owner,8,Mitsubishi,Mitsubishi Pajero,15000.0,2.0
Tata New Safari DICOR 2.2 GX 4x2 BS IV,2012,450000,97000,Diesel,Individual,Manual,Second Owner,8,Tata,Tata New,12125.0,3.0
Tata Indica GLS BS IV,2007,60000,130000,Petrol,Individual,Manual,Second Owner,13,Tata,Tata Indica,10000.0,14.0
Maruti Swift Dzire ZXI,2013,500000,50000,Petrol,Individual,Manual,First Owner,7,Maruti,Maruti Swift,7142.857142857143,4.0
Tata Indigo CR4,2012,200000,120000,Diesel,Individual,Manual,Second Owner,8,Tata,Tata Indigo,15000.0,9.0
Maruti Alto LXi,2006,60000,100000,Petrol,Individual,Manual,Second Owner,14,Maruti,Maruti Alto,7142.857142857143,42.0
Hyundai Accent Executive CNG,2012,185000,67000,CNG,Dealer,Manual,Second Owner,8,Hyundai,Hyundai Accent,8375.0,2.0
Maruti Alto K10 VXI,2015,155000,60000,Petrol,Individual,Manual,First Owner,5,Maruti,Maruti Alto,12000.0,20.0
Maruti Swift VXI,2019,600000,5000,Petrol,Individual,Manual,First Owner,1,Maruti,Maruti Swift,5000.0,10.0
Renault KWID RXE,2016,300000,20000,Petrol,Individual,Manual,First Owner,4,Renault,Renault KWID,5000.0,2.0
Hyundai Creta 1.6 E Plus,2018,850000,12500,Petrol,Individual,Manual,First Owner,2,Hyundai,Hyundai Creta,6250.0,1.0
Maruti Eeco CNG 5 Seater AC BSIV,2019,470000,4000,CNG,Individual,Manual,First Owner,1,Maruti,Maruti Eeco,4000.0,3.0
Ford Figo 1.2P Titanium MT,2019,600000,25000,Petrol,Individual,Manual,First Owner,1,Ford,Ford Figo,25000.0,2.0
Toyota Innova 2.5 G (Diesel) 7 Seater,2013,700000,70000,Diesel,Individual,Manual,Second Owner,7,Toyota,Toyota Innova,10000.0,10.0
Maruti Wagon R LXI DUO BSIII,2007,70000,162000,LPG,Individual,Manual,First Owner,13,Maruti,Maruti Wagon,12461.538461538461,4.0
Toyota Fortuner 3.0 Diesel,2010,1250000,205000,Diesel,Individual,Manual,Second Owner,10,Toyota,Toyota Fortuner,20500.0,4.0
Audi A6 2.8 FSI,2008,650000,70000,Petrol,Individual,Automatic,Third Owner,12,Audi,Audi A6,5833.333333333333,1.0
Hyundai Xcent 1.2 CRDi S,2018,450000,70000,Diesel,Individual,Manual,Second Owner,2,Hyundai,Hyundai Xcent,35000.0,1.0
Mahindra XUV500 W8 2WD,2014,750000,100000,Diesel,Individual,Manual,Second Owner,6,Mahindra,Mahindra XUV500,16666.666666666668,16.0
Toyota Innova 2.5 G (Diesel) 7 Seater,2013,775000,70000,Diesel,Individual,Manual,Second Owner,7,Toyota,Toyota Innova,10000.0,10.0
Hyundai Santa Fe 4X4,2011,800000,220000,Diesel,Individual,Manual,First Owner,9,Hyundai,Hyundai Santa,24444.444444444445,1.0
Honda Amaze E i-Vtech,2015,360000,80000,Petrol,Individual,Manual,Second Owner,5,Honda,Honda Amaze,16000.0,1.0
Toyota Corolla Altis Diesel D4DG,2010,250000,120000,Diesel,Individual,Manual,First Owner,10,Toyota,Toyota Corolla,12000.0,2.0
Jeep Compass 2.0 Longitude Option BSIV,2017,1490000,22038,Diesel,Individual,Manual,First Owner,3,Jeep,Jeep Compass,7346.0,2.0
Nissan Terrano XL 110 PS,2013,600000,80000,Diesel,Individual,Manual,First Owner,7,Nissan,Nissan Terrano,11428.57142857143,3.0
Maruti Alto LX,2010,120000,90000,Petrol,Individual,Manual,First Owner,10,Maruti,Maruti Alto,9000.0,30.0
Tata New Safari DICOR 2.2 EX 4x2,2012,320000,140000,Diesel,Individual,Manual,Second Owner,8,Tata,Tata New,17500.0,12.0
Mahindra Thar 4X2,2011,400000,120000,Diesel,Individual,Manual,Second Owner,9,Mahindra,Mahindra Thar,13333.333333333334,2.0
Maruti Swift Dzire ZDI,2015,302000,60000,Diesel,Individual,Manual,First Owner,5,Maruti,Maruti Swift,12000.0,11.0
Maruti Swift Dzire LXI Option,2014,150000,60000,Petrol,Individual,Manual,Second Owner,6,Maruti,Maruti Swift,10000.0,1.0
Tata Indica Vista Aura Plus 1.3 Quadrajet,2012,200000,90000,Diesel,Individual,Manual,Second Owner,8,Tata,Tata Indica,11250.0,2.0
Maruti Swift Vdi BSIII,2008,120000,175000,Diesel,Individual,Manual,Second Owner,12,Maruti,Maruti Swift,14583.333333333334,12.0
Mahindra XUV500 W7 BSIV,2019,1400000,10000,Diesel,Individual,Manual,First Owner,1,Mahindra,Mahindra XUV500,10000.0,2.0
Hyundai i20 1.2 Asta Option,2017,620000,65000,Petrol,Individual,Manual,First Owner,3,Hyundai,Hyundai i20,21666.666666666668,2.0
Toyota Innova 2.5 GX 8 STR BSIV,2012,449000,90000,Diesel,Individual,Manual,First Owner,8,Toyota,Toyota Innova,11250.0,2.0
Maruti Alto LXi,2007,100000,70000,Petrol,Individual,Manual,First Owner,13,Maruti,Maruti Alto,5384.615384615385,42.0
Hyundai Grand i10 1.2 Kappa Sportz BSIV,2018,600000,2500,Petrol,Individual,Manual,First Owner,2,Hyundai,Hyundai Grand,1250.0,5.0
Chevrolet Beat Diesel LT,2012,250000,40000,Diesel,Individual,Manual,First Owner,8,Chevrolet,Chevrolet Beat,5000.0,14.0
Maruti Baleno RS 1.0 Petrol,2018,550000,63000,Petrol,Individual,Manual,First Owner,2,Maruti,Maruti Baleno,31500.0,1.0
Skoda Rapid 1.5 TDI Ambition,2014,360000,70000,Diesel,Individual,Manual,First Owner,6,Skoda,Skoda Rapid,11666.666666666666,2.0
Skoda Superb LK 1.8 TSI AT,2012,650000,60000,Petrol,Dealer,Automatic,First Owner,8,Skoda,Skoda Superb,7500.0,1.0
Ford Fiesta 1.5 TDCi Titanium,2012,199000,92000,Diesel,Dealer,Manual,Third Owner,8,Ford,Ford Fiesta,11500.0,2.0
Mahindra Quanto C6,2014,285000,89126,Diesel,Individual,Manual,First Owner,6,Mahindra,Mahindra Quanto,14854.333333333334,7.0
Volkswagen Jetta 1.9 TDI Comfortline DSG,2009,260000,134000,Diesel,Individual,Automatic,First Owner,11,Volkswagen,Volkswagen Jetta,12181.818181818182,1.0
Maruti Ciaz 1.4 AT Zeta,2019,869999,15000,Petrol,Dealer,Automatic,First Owner,1,Maruti,Maruti Ciaz,15000.0,2.0
Hyundai Grand i10 1.2 CRDi Magna,2016,425000,42500,Diesel,Dealer,Manual,First Owner,4,Hyundai,Hyundai Grand,10625.0,2.0
Chevrolet Cruze LTZ AT,2012,490000,42000,Diesel,Dealer,Automatic,First Owner,8,Chevrolet,Chevrolet Cruze,5250.0,4.0
Mahindra XUV500 AT W8 FWD,2015,750000,70000,Diesel,Individual,Automatic,Second Owner,5,Mahindra,Mahindra XUV500,14000.0,3.0
Honda City 1.5 EXI,2004,125000,110000,Petrol,Individual,Manual,Third Owner,16,Honda,Honda City,6875.0,3.0
Fiat Linea 1.3 Emotion,2014,221000,131365,Diesel,Individual,Manual,First Owner,6,Fiat,Fiat Linea,21894.166666666668,2.0
Volkswagen Vento 1.5 TDI Highline AT,2016,724000,48980,Diesel,Dealer,Automatic,First Owner,4,Volkswagen,Volkswagen Vento,12245.0,1.0
Honda Amaze VX AT i-Vtech,2014,440000,46000,Petrol,Dealer,Automatic,First Owner,6,Honda,Honda Amaze,7666.666666666667,1.0
Chevrolet Spark 1.0 LS,2009,70000,60000,Petrol,Individual,Manual,Third Owner,11,Chevrolet,Chevrolet Spark,5454.545454545455,12.0
Maruti Baleno Delta Diesel,2015,511000,58000,Diesel,Dealer,Manual,First Owner,5,Maruti,Maruti Baleno,11600.0,1.0
Maruti S-Cross Alpha DDiS 200 SH,2016,790000,22000,Diesel,Dealer,Manual,First Owner,4,Maruti,Maruti S-Cross,5500.0,3.0
Hyundai i20 1.2 Asta Option,2017,640000,37000,Petrol,Individual,Manual,First Owner,3,Hyundai,Hyundai i20,12333.333333333334,2.0
Hyundai Santro Xing GLS,2009,120000,70000,Petrol,Individual,Manual,Fourth & Above Owner,11,Hyundai,Hyundai Santro,6363.636363636364,20.0
Chevrolet Beat Diesel LT,2012,126000,98900,Diesel,Individual,Manual,Third Owner,8,Chevrolet,Chevrolet Beat,12362.5,14.0
Chevrolet Beat Diesel LT,2012,120000,125000,Diesel,Individual,Manual,First Owner,8,Chevrolet,Chevrolet Beat,15625.0,14.0
Mahindra TUV 300 T4 Plus,2017,650000,60000,Diesel,Individual,Manual,First Owner,3,Mahindra,Mahindra TUV,20000.0,2.0
Hyundai Grand i10 Asta,2014,450000,80000,Petrol,Individual,Manual,Second Owner,6,Hyundai,Hyundai Grand,13333.333333333334,4.0
Maruti Zen Estilo LXI Green (CNG),2010,110000,80000,CNG,Individual,Manual,Fourth & Above Owner,10,Maruti,Maruti Zen,8000.0,2.0
Mahindra Bolero Power Plus Plus AC BSIV PS,2017,600000,40000,Diesel,Individual,Manual,First Owner,3,Mahindra,Mahindra Bolero,13333.333333333334,8.0
Mahindra XUV500 W8 4WD,2012,620000,80000,Diesel,Individual,Manual,Second Owner,8,Mahindra,Mahindra XUV500,10000.0,9.0
Ford Ecosport 1.5 DV5 MT Titanium,2014,600000,30000,Diesel,Individual,Manual,First Owner,6,Ford,Ford Ecosport,5000.0,12.0
Mahindra Bolero Power Plus ZLX,2018,795000,35000,Diesel,Individual,Manual,First Owner,2,Mahindra,Mahindra Bolero,17500.0,2.0
Tata Winger Deluxe - Hi Roof (AC),2011,300000,180000,Diesel,Individual,Manual,Third Owner,9,Tata,Tata Winger,20000.0,1.0
Renault Lodgy 85PS RxL,2015,495000,60000,Diesel,Individual,Manual,First Owner,5,Renault,Renault Lodgy,12000.0,3.0
Tata Hexa XTA,2018,1350000,34000,Diesel,Individual,Automatic,First Owner,2,Tata,Tata Hexa,17000.0,2.0
Mahindra Xylo D4,2014,350000,145000,Diesel,Individual,Manual,First Owner,6,Mahindra,Mahindra Xylo,24166.666666666668,7.0
Datsun RediGO AMT 1.0 S,2018,300000,25000,Petrol,Individual,Automatic,First Owner,2,Datsun,Datsun RediGO,12500.0,1.0
Nissan Sunny XL D,2018,500000,70000,Diesel,Individual,Manual,First Owner,2,Nissan,Nissan Sunny,35000.0,2.0
Audi Q3 35 TDI Quattro Technology,2017,2575000,36000,Diesel,Dealer,Automatic,First Owner,3,Audi,Audi Q3,12000.0,2.0
Honda Brio VX,2014,345000,58000,Petrol,Dealer,Manual,First Owner,6,Honda,Honda Brio,9666.666666666666,2.0
Tata Indigo CR4,2013,220000,100000,Diesel,Individual,Manual,First Owner,7,Tata,Tata Indigo,14285.714285714286,9.0
Maruti 800 AC,1999,50000,100000,Petrol,Individual,Manual,Second Owner,21,Maruti,Maruti 800,4761.9047619047615,20.0
Honda Jazz Select Edition,2017,585000,14000,Petrol,Dealer,Manual,First Owner,3,Honda,Honda Jazz,4666.666666666667,1.0
Maruti Swift Dzire AMT VXI,2018,625000,13800,Petrol,Individual,Automatic,First Owner,2,Maruti,Maruti Swift,6900.0,1.0
Hyundai Creta 1.6 SX Automatic,2017,1035000,23000,Petrol,Dealer,Automatic,First Owner,3,Hyundai,Hyundai Creta,7666.666666666667,1.0
Mahindra Xylo D4,2017,600000,99700,Diesel,Individual,Manual,First Owner,3,Mahindra,Mahindra Xylo,33233.333333333336,7.0
Toyota Fortuner 2.8 4WD AT BSIV,2019,3100000,5000,Diesel,Individual,Automatic,First Owner,1,Toyota,Toyota Fortuner,5000.0,2.0
Honda City i-DTEC SV,2014,650000,49654,Diesel,Dealer,Manual,First Owner,6,Honda,Honda City,8275.666666666666,2.0
Hyundai Grand i10 Asta,2016,550000,45457,Petrol,Dealer,Manual,First Owner,4,Hyundai,Hyundai Grand,11364.25,4.0
Hyundai Creta 1.6 CRDi SX,2017,1260000,39221,Diesel,Dealer,Manual,First Owner,3,Hyundai,Hyundai Creta,13073.666666666666,7.0
Hyundai i20 Sportz 1.2,2016,660000,48220,Petrol,Dealer,Manual,First Owner,4,Hyundai,Hyundai i20,12055.0,8.0
Hyundai i20 Sportz 1.2,2017,700000,11114,Petrol,Dealer,Manual,First Owner,3,Hyundai,Hyundai i20,3704.6666666666665,8.0
Hyundai Getz 1.5 CRDi GVS,2008,235000,60208,Diesel,Dealer,Manual,First Owner,12,Hyundai,Hyundai Getz,5017.333333333333,2.0
Volkswagen Vento 1.5 TDI Highline,2013,475000,80000,Diesel,Dealer,Manual,First Owner,7,Volkswagen,Volkswagen Vento,11428.57142857143,5.0
Mercedes-Benz E-Class 280 CDI Elegance,2008,795000,98600,Diesel,Dealer,Automatic,First Owner,12,Mercedes-Benz,Mercedes-Benz E-Class,8216.666666666666,1.0
Audi RS7 2015-2019 Sportback Performance,2016,8900000,13000,Petrol,Dealer,Automatic,First Owner,4,Audi,Audi RS7,3250.0,1.0
Audi Q5 3.0 TDI Quattro Technology,2015,3200000,30000,Diesel,Dealer,Automatic,First Owner,5,Audi,Audi Q5,6000.0,2.0
MG Hector Smart AT,2019,1860000,18000,Petrol,Dealer,Automatic,First Owner,1,MG,MG Hector,18000.0,1.0
Land Rover Range Rover 4.4 Diesel LWB Vogue SE,2010,4200000,100000,Diesel,Dealer,Automatic,First Owner,10,Land,Land Rover,10000.0,1.0
Honda City VX CVT,2015,850000,58000,Petrol,Dealer,Automatic,First Owner,5,Honda,Honda City,11600.0,1.0
Mahindra Xylo D4,2017,585000,85441,Diesel,Dealer,Manual,First Owner,3,Mahindra,Mahindra Xylo,28480.333333333332,7.0
Mahindra Verito 1.5 D4 BSIV,2015,380000,64541,Diesel,Dealer,Manual,First Owner,5,Mahindra,Mahindra Verito,12908.2,4.0
Maruti Swift Dzire VDI,2019,650000,35000,Diesel,Individual,Manual,First Owner,1,Maruti,Maruti Swift,35000.0,54.0
Nissan Micra Active XV,2017,434999,16267,Petrol,Dealer,Manual,First Owner,3,Nissan,Nissan Micra,5422.333333333333,2.0
Volkswagen Vento 1.5 TDI Highline,2013,525000,71500,Diesel,Dealer,Manual,First Owner,7,Volkswagen,Volkswagen Vento,10214.285714285714,5.0
BMW 5 Series 520d Luxury Line,2019,4800000,12999,Diesel,Dealer,Automatic,First Owner,1,BMW,BMW 5,12999.0,3.0
Chevrolet Aveo U-VA 1.2 LS,2008,160000,80000,Petrol,Individual,Manual,First Owner,12,Chevrolet,Chevrolet Aveo,6666.666666666667,4.0
Maruti Zen Estilo 1.1 LXI BSIII,2007,160000,90000,Petrol,Individual,Manual,Second Owner,13,Maruti,Maruti Zen,6923.076923076923,4.0
Hyundai Creta 1.6 VTVT S,2017,900000,14700,Petrol,Individual,Manual,First Owner,3,Hyundai,Hyundai Creta,4900.0,2.0
Maruti Alto LX,2000,61000,90000,Petrol,Individual,Manual,Second Owner,20,Maruti,Maruti Alto,4500.0,30.0
Maruti Wagon R LXI BS IV,2017,400000,50000,Petrol,Individual,Manual,First Owner,3,Maruti,Maruti Wagon,16666.666666666668,9.0
Hyundai Santro Xing XS,2009,150000,100000,Petrol,Individual,Manual,Second Owner,11,Hyundai,Hyundai Santro,9090.90909090909,3.0
Volkswagen Polo GT 1.0 TSI,2019,950000,24000,Petrol,Individual,Automatic,First Owner,1,Volkswagen,Volkswagen Polo,24000.0,1.0
Hyundai Getz GLX,2007,110000,90000,Petrol,Individual,Manual,First Owner,13,Hyundai,Hyundai Getz,6923.076923076923,2.0
Tata Bolt Revotron XM,2015,375000,30000,Petrol,Individual,Manual,First Owner,5,Tata,Tata Bolt,6000.0,1.0
Datsun GO Plus T Option,2017,350000,80000,Petrol,Individual,Manual,First Owner,3,Datsun,Datsun GO,26666.666666666668,1.0
Hyundai i20 Magna 1.4 CRDi (Diesel),2012,310000,92686,Diesel,Dealer,Manual,Second Owner,8,Hyundai,Hyundai i20,11585.75,5.0
Tata Indica GLS BS IV,2010,90000,300000,Petrol,Individual,Manual,Third Owner,10,Tata,Tata Indica,30000.0,14.0
Volkswagen Vento Petrol Highline,2011,350000,90000,Petrol,Individual,Manual,Second Owner,9,Volkswagen,Volkswagen Vento,10000.0,2.0
Hyundai Santro LS zipPlus,2003,100000,60000,Petrol,Individual,Manual,First Owner,17,Hyundai,Hyundai Santro,3529.4117647058824,2.0
Mahindra XUV500 AT W6 2WD,2017,1300000,40000,Diesel,Individual,Automatic,First Owner,3,Mahindra,Mahindra XUV500,13333.333333333334,1.0
Hyundai EON Era Plus Sports Edition,2014,280000,55000,Petrol,Individual,Manual,First Owner,6,Hyundai,Hyundai EON,9166.666666666666,1.0
Hyundai EON Magna Plus,2018,360000,6000,Petrol,Individual,Manual,First Owner,2,Hyundai,Hyundai EON,3000.0,17.0
Maruti Alto LXi,2011,150000,40000,Petrol,Individual,Manual,Second Owner,9,Maruti,Maruti Alto,4444.444444444444,42.0
Skoda Rapid 1.6 MPI AT Ambition BSIV,2017,900000,15000,Petrol,Individual,Automatic,First Owner,3,Skoda,Skoda Rapid,5000.0,1.0
Ambassador CLASSIC 1500 DSL AC,2005,120000,50000,Diesel,Individual,Manual,Second Owner,15,Ambassador,Ambassador CLASSIC,3333.3333333333335,1.0
Fiat Linea T Jet Emotion,2010,215000,90000,Petrol,Individual,Manual,Second Owner,10,Fiat,Fiat Linea,9000.0,2.0
Renault Scala Diesel RxL,2013,550000,38500,Diesel,Individual,Manual,First Owner,7,Renault,Renault Scala,5500.0,3.0
Tata Nexon 1.2 Revotron XZ Plus Dual Tone,2018,775000,35000,Petrol,Individual,Manual,First Owner,2,Tata,Tata Nexon,17500.0,3.0
Maruti Gypsy King HT BSIV,2001,409999,49359,Petrol,Individual,Manual,Third Owner,19,Maruti,Maruti Gypsy,2597.842105263158,1.0
Maruti 800 AC Uniq,2005,65000,70000,Petrol,Individual,Manual,Second Owner,15,Maruti,Maruti 800,4666.666666666667,2.0
Maruti Wagon R LXI Minor,2008,200000,90000,Petrol,Individual,Manual,Second Owner,12,Maruti,Maruti Wagon,7500.0,21.0
Maruti Wagon R VXI BS IV,2010,240000,50000,Petrol,Individual,Manual,Second Owner,10,Maruti,Maruti Wagon,5000.0,26.0
Toyota Innova 2.5 VX 8 STR,2012,800000,108731,Diesel,Individual,Manual,First Owner,8,Toyota,Toyota Innova,13591.375,2.0
Toyota Innova 2.5 EV Diesel MS 7 Str BSIII,2010,400000,120000,Diesel,Individual,Manual,First Owner,10,Toyota,Toyota Innova,12000.0,1.0
Tata Sumo Gold EX BSIII,2016,500000,60000,Diesel,Individual,Manual,First Owner,4,Tata,Tata Sumo,15000.0,2.0
Mahindra Renault Logan 1.5 DLX Diesel,2007,150000,90000,Diesel,Individual,Manual,Third Owner,13,Mahindra,Mahindra Renault,6923.076923076923,1.0
Toyota Etios GD,2014,500000,140000,Diesel,Individual,Manual,Second Owner,6,Toyota,Toyota Etios,23333.333333333332,7.0
Hyundai EON Magna Plus,2014,320000,80000,Petrol,Individual,Manual,First Owner,6,Hyundai,Hyundai EON,13333.333333333334,17.0
Nissan Micra Diesel XV,2013,300000,90000,Diesel,Individual,Manual,First Owner,7,Nissan,Nissan Micra,12857.142857142857,3.0
Maruti Alto 800 LXI,2018,285000,14000,Petrol,Individual,Manual,First Owner,2,Maruti,Maruti Alto,7000.0,48.0
Tata Aria Pleasure 4x2,2012,360000,70000,Diesel,Individual,Manual,Second Owner,8,Tata,Tata Aria,8750.0,1.0
Honda Accord 2.4 MT,2009,450000,55000,Petrol,Individual,Manual,Second Owner,11,Honda,Honda Accord,5000.0,2.0
Maruti Alto LXi,2011,175000,60000,Petrol,Individual,Manual,Third Owner,9,Maruti,Maruti Alto,6666.666666666667,42.0
Chevrolet Cruze LT,2011,350000,74000,Diesel,Individual,Manual,Second Owner,9,Chevrolet,Chevrolet Cruze,8222.222222222223,3.0
Ford Figo Aspire 1.5 TDCi Titanium,2020,530000,45000,Diesel,Dealer,Manual,First Owner,0,Ford,Ford Figo,45000.0,4.0
Honda City i-DTEC ZX,2017,1025000,38000,Diesel,Dealer,Manual,First Owner,3,Honda,Honda City,12666.666666666666,1.0
Honda BR-V i-DTEC VX MT,2017,950000,24000,Diesel,Dealer,Manual,First Owner,3,Honda,Honda BR-V,8000.0,5.0
Honda WR-V i-VTEC VX,2017,725000,29976,Petrol,Dealer,Manual,First Owner,3,Honda,Honda WR-V,9992.0,3.0
Honda City i VTEC VX,2017,919999,41000,Petrol,Dealer,Manual,First Owner,3,Honda,Honda City,13666.666666666666,1.0
Honda Jazz 1.5 V i DTEC,2018,700000,15000,Diesel,Dealer,Manual,First Owner,2,Honda,Honda Jazz,7500.0,1.0
Honda Jazz 1.5 VX i DTEC,2017,725000,36000,Diesel,Dealer,Manual,First Owner,3,Honda,Honda Jazz,12000.0,6.0
Honda BR-V i-VTEC VX MT,2017,840000,30646,Petrol,Dealer,Manual,First Owner,3,Honda,Honda BR-V,10215.333333333334,3.0
Maruti Wagon R VXI BS IV,2015,365000,23600,Petrol,Dealer,Manual,First Owner,5,Maruti,Maruti Wagon,4720.0,26.0
Honda City i DTEC SV,2014,665000,71318,Diesel,Dealer,Manual,First Owner,6,Honda,Honda City,11886.333333333334,3.0
Maruti 800 Std,2003,50000,78098,Petrol,Individual,Manual,First Owner,17,Maruti,Maruti 800,4594.0,10.0
Hyundai EON Era Plus,2014,225000,30000,Petrol,Individual,Manual,First Owner,6,Hyundai,Hyundai EON,5000.0,28.0
Hyundai i10 Era,2012,229999,45000,Petrol,Individual,Manual,Second Owner,8,Hyundai,Hyundai i10,5625.0,7.0
Hyundai Santro Xing GL,2008,145000,67000,Petrol,Individual,Manual,First Owner,12,Hyundai,Hyundai Santro,5583.333333333333,2.0
Ford EcoSport 1.5 Ti VCT MT Titanium BSIV,2017,750000,18054,Petrol,Dealer,Manual,First Owner,3,Ford,Ford EcoSport,6018.0,1.0
Honda City i DTEC VX,2015,785000,40000,Diesel,Individual,Manual,First Owner,5,Honda,Honda City,8000.0,7.0
Hyundai i10 Sportz,2011,225000,30000,Petrol,Individual,Manual,First Owner,9,Hyundai,Hyundai i10,3333.3333333333335,3.0
Hyundai Xcent 1.1 CRDi Base,2017,300000,80000,Diesel,Individual,Manual,First Owner,3,Hyundai,Hyundai Xcent,26666.666666666668,5.0
Hyundai i20 Asta 1.4 CRDi,2016,680000,20000,Diesel,Individual,Manual,First Owner,4,Hyundai,Hyundai i20,5000.0,10.0
Mahindra TUV 300 T8,2016,700000,40000,Diesel,Individual,Manual,First Owner,4,Mahindra,Mahindra TUV,10000.0,3.0
Tata Indigo CS eLS BS IV,2011,180000,120000,Diesel,Individual,Manual,First Owner,9,Tata,Tata Indigo,13333.333333333334,1.0
Ford Fiesta 1.4 SXi TDCi ABS,2008,270000,120000,Diesel,Individual,Manual,Second Owner,12,Ford,Ford Fiesta,10000.0,1.0
Maruti Swift Dzire VXi,2010,370000,97000,Petrol,Individual,Manual,Second Owner,10,Maruti,Maruti Swift,9700.0,6.0
Mahindra Xylo H8 ABS with Airbags,2018,1100000,70000,Diesel,Individual,Manual,First Owner,2,Mahindra,Mahindra Xylo,35000.0,1.0
Hyundai Accent CRDi,2004,120000,120000,Diesel,Individual,Manual,Second Owner,16,Hyundai,Hyundai Accent,7500.0,4.0
Skoda Rapid 1.6 TDI PRESTIGE,2013,430000,88000,Diesel,Individual,Manual,Second Owner,7,Skoda,Skoda Rapid,12571.42857142857,1.0
Maruti Swift ZDi,2014,550000,38406,Diesel,Dealer,Manual,First Owner,6,Maruti,Maruti Swift,6401.0,3.0
Hyundai Santro Xing GLS,2014,320000,54350,Petrol,Dealer,Manual,First Owner,6,Hyundai,Hyundai Santro,9058.333333333334,20.0
Maruti Wagon R VXI BS IV,2015,390000,32260,Petrol,Dealer,Manual,First Owner,5,Maruti,Maruti Wagon,6452.0,26.0
Renault Duster 85PS Diesel RxE,2014,550000,58231,Diesel,Dealer,Manual,First Owner,6,Renault,Renault Duster,9705.166666666666,5.0
Maruti Swift VXI,2012,370000,59858,Petrol,Dealer,Manual,First Owner,8,Maruti,Maruti Swift,7482.25,10.0
Maruti Alto LXi BSIII,2010,190000,73350,Petrol,Dealer,Manual,First Owner,10,Maruti,Maruti Alto,7335.0,14.0
Renault Duster 110PS Diesel RxZ,2013,509999,88473,Diesel,Dealer,Manual,First Owner,7,Renault,Renault Duster,12639.0,8.0
Honda City S,2013,450000,96987,Petrol,Dealer,Manual,First Owner,7,Honda,Honda City,13855.285714285714,3.0
Mercedes-Benz GLS 2016-2020 350d 4MATIC,2016,5500000,77350,Diesel,Dealer,Automatic,First Owner,4,Mercedes-Benz,Mercedes-Benz GLS,19337.5,1.0
Maruti Swift Dzire VDI,2015,550000,61187,Diesel,Dealer,Manual,First Owner,5,Maruti,Maruti Swift,12237.4,54.0
Mahindra Xylo E6,2009,400000,68350,Diesel,Dealer,Manual,First Owner,11,Mahindra,Mahindra Xylo,6213.636363636364,1.0
Ford EcoSport 1.5 TDCi Titanium BSIV,2015,585000,81150,Diesel,Dealer,Manual,First Owner,5,Ford,Ford EcoSport,16230.0,9.0
Hyundai Grand i10 1.2 Kappa Asta,2019,500000,30000,Petrol,Individual,Manual,First Owner,1,Hyundai,Hyundai Grand,30000.0,8.0
Maruti Ciaz ZXi,2015,800000,30000,Petrol,Individual,Manual,First Owner,5,Maruti,Maruti Ciaz,6000.0,2.0
Maruti Swift Vdi BSIII,2009,265000,120000,Diesel,Individual,Manual,Second Owner,11,Maruti,Maruti Swift,10909.09090909091,12.0
Ford Figo Diesel Titanium,2012,175000,180000,Diesel,Individual,Manual,First Owner,8,Ford,Ford Figo,22500.0,14.0
Fiat Palio 1.2 Sport,2007,125000,50000,Petrol,Individual,Manual,Second Owner,13,Fiat,Fiat Palio,3846.153846153846,1.0
Tata Manza Aqua Quadrajet BS IV,2010,165000,80000,Diesel,Individual,Manual,First Owner,10,Tata,Tata Manza,8000.0,2.0
Mahindra Verito 1.5 D2 BSIII,2011,150000,280000,Diesel,Individual,Manual,First Owner,9,Mahindra,Mahindra Verito,31111.11111111111,3.0
Hyundai Creta 1.6 CRDi SX Option,2015,1025000,90000,Diesel,Individual,Manual,Second Owner,5,Hyundai,Hyundai Creta,18000.0,5.0
Toyota Innova 2.5 VX (Diesel) 8 Seater,2014,1030000,250000,Diesel,Individual,Manual,Second Owner,6,Toyota,Toyota Innova,41666.666666666664,5.0
Chevrolet Cruze LT,2012,380000,90000,Diesel,Individual,Manual,Fourth & Above Owner,8,Chevrolet,Chevrolet Cruze,11250.0,3.0
Maruti Swift Dzire LDi,2010,250000,110000,Diesel,Individual,Manual,Third Owner,10,Maruti,Maruti Swift,11000.0,2.0
Maruti Zen LX,2000,85000,80000,Petrol,Individual,Manual,Second Owner,20,Maruti,Maruti Zen,4000.0,9.0
Fiat Punto EVO 1.3 Dynamic,2016,500000,35000,Diesel,Individual,Manual,First Owner,4,Fiat,Fiat Punto,8750.0,1.0
Hyundai EON Era Plus,2018,350000,15000,Petrol,Individual,Manual,First Owner,2,Hyundai,Hyundai EON,7500.0,28.0
Maruti Alto LXi BSIII,2010,190000,52000,Petrol,Individual,Manual,Second Owner,10,Maruti,Maruti Alto,5200.0,14.0
Volkswagen Jetta 1.9 TDI Trendline,2009,940000,140000,Diesel,Individual,Manual,First Owner,11,Volkswagen,Volkswagen Jetta,12727.272727272728,1.0
Maruti Swift VXI,2013,475000,60000,Petrol,Individual,Manual,Second Owner,7,Maruti,Maruti Swift,8571.42857142857,10.0
Maruti Alto 800 LXI,2018,300000,17000,Petrol,Individual,Manual,First Owner,2,Maruti,Maruti Alto,8500.0,48.0
Chevrolet Beat LS,2016,250000,70000,Petrol,Individual,Manual,Third Owner,4,Chevrolet,Chevrolet Beat,17500.0,7.0
Maruti Zen LX,2001,93000,97000,Petrol,Individual,Manual,Fourth & Above Owner,19,Maruti,Maruti Zen,5105.263157894737,9.0
Ford Figo Diesel ZXI,2012,290000,125000,Diesel,Individual,Manual,Second Owner,8,Ford,Ford Figo,15625.0,6.0
Tata Indica GLS BS IV,2010,75000,300000,Petrol,Individual,Manual,Third Owner,10,Tata,Tata Indica,30000.0,14.0
Mahindra XUV500 W8 2WD,2015,1000000,120000,Diesel,Individual,Manual,Second Owner,5,Mahindra,Mahindra XUV500,24000.0,16.0
Hyundai i20 Asta 1.4 CRDi,2015,550000,87000,Diesel,Individual,Manual,First Owner,5,Hyundai,Hyundai i20,17400.0,10.0
Fiat Punto 1.3 Emotion,2010,285000,75000,Diesel,Individual,Manual,Third Owner,10,Fiat,Fiat Punto,7500.0,3.0
Maruti Wagon R VXI BSIII,2012,229999,40000,Petrol,Individual,Manual,Second Owner,8,Maruti,Maruti Wagon,5000.0,5.0
Ford Ecosport 1.5 DV5 MT Titanium,2014,580000,120000,Diesel,Individual,Manual,First Owner,6,Ford,Ford Ecosport,20000.0,12.0
Toyota Corolla H2,2005,175000,100000,Petrol,Individual,Manual,Fourth & Above Owner,15,Toyota,Toyota Corolla,6666.666666666667,1.0
Maruti Ritz VDi,2012,250000,110000,Diesel,Individual,Manual,Fourth & Above Owner,8,Maruti,Maruti Ritz,13750.0,19.0
Maruti Zen LX - BS III,2006,70000,105700,Petrol,Individual,Manual,First Owner,14,Maruti,Maruti Zen,7550.0,1.0
Maruti Celerio VXI Optional,2017,430999,14000,Petrol,Dealer,Manual,First Owner,3,Maruti,Maruti Celerio,4666.666666666667,1.0
Chevrolet Spark 1.0,2010,80000,70000,Petrol,Individual,Manual,First Owner,10,Chevrolet,Chevrolet Spark,7000.0,4.0
Maruti Alto 800 LXI Optional,2019,335000,28000,Petrol,Dealer,Manual,First Owner,1,Maruti,Maruti Alto,28000.0,1.0
Maruti Eeco 7 Seater Standard BSIV,2017,350000,51000,Petrol,Dealer,Manual,First Owner,3,Maruti,Maruti Eeco,17000.0,5.0
Maruti Alto 800 LXI Opt BSIV,2018,315000,56000,Petrol,Dealer,Manual,First Owner,2,Maruti,Maruti Alto,28000.0,1.0
Volkswagen Vento 1.5 TDI Highline Plus AT BSIV,2019,1100000,35000,Diesel,Individual,Automatic,First Owner,1,Volkswagen,Volkswagen Vento,35000.0,1.0
Maruti Esteem Lxi - BSIII,2005,80000,24000,Petrol,Individual,Manual,First Owner,15,Maruti,Maruti Esteem,1600.0,3.0
Maruti Alto K10 VXI Optional,2014,285000,64000,Petrol,Dealer,Manual,Second Owner,6,Maruti,Maruti Alto,10666.666666666666,1.0
Tata Indigo TDI,2009,100000,120000,Diesel,Individual,Manual,Third Owner,11,Tata,Tata Indigo,10909.09090909091,7.0
Maruti Alto LXi,2011,225000,37091,Petrol,Individual,Manual,First Owner,9,Maruti,Maruti Alto,4121.222222222223,42.0
Volvo XC 90 D5 Inscription BSIV,2017,4500000,80000,Diesel,Individual,Automatic,First Owner,3,Volvo,Volvo XC,26666.666666666668,1.0
Maruti Alto K10 VXI,2018,320000,38900,Petrol,Individual,Manual,Third Owner,2,Maruti,Maruti Alto,19450.0,20.0
Hyundai Creta 1.6 CRDi SX Plus,2016,1249000,60000,Diesel,Individual,Manual,Third Owner,4,Hyundai,Hyundai Creta,15000.0,3.0
Maruti Wagon R LXI Minor,2008,120000,110000,Petrol,Individual,Manual,Third Owner,12,Maruti,Maruti Wagon,9166.666666666666,21.0
Volkswagen Vento Diesel Trendline,2011,200000,100000,Diesel,Individual,Manual,Second Owner,9,Volkswagen,Volkswagen Vento,11111.111111111111,2.0
Hyundai Creta 1.6 CRDi SX,2016,1151000,85000,Diesel,Individual,Manual,First Owner,4,Hyundai,Hyundai Creta,21250.0,7.0
Tata Indica Vista Quadrajet LS,2012,120000,140000,Diesel,Individual,Manual,First Owner,8,Tata,Tata Indica,17500.0,5.0
Renault KWID RXT,2017,220000,20000,Petrol,Individual,Manual,First Owner,3,Renault,Renault KWID,6666.666666666667,18.0
Mahindra TUV 300 T10 Dual Tone,2018,784000,40000,Diesel,Individual,Manual,First Owner,2,Mahindra,Mahindra TUV,20000.0,1.0
Honda Jazz 1.2 S i VTEC,2017,500000,50000,Petrol,Individual,Manual,First Owner,3,Honda,Honda Jazz,16666.666666666668,1.0
Hyundai EON Era Plus,2018,350000,20000,Petrol,Individual,Manual,First Owner,2,Hyundai,Hyundai EON,10000.0,28.0
Mahindra XUV500 W7 AT BSIV,2018,1400000,50000,Diesel,Individual,Automatic,First Owner,2,Mahindra,Mahindra XUV500,25000.0,1.0
Mahindra Thar CRDe AC,2014,600000,100000,Diesel,Individual,Manual,Second Owner,6,Mahindra,Mahindra Thar,16666.666666666668,1.0
Hyundai Grand i10 1.2 Kappa Magna BSIV,2019,525000,9400,Petrol,Individual,Manual,First Owner,1,Hyundai,Hyundai Grand,9400.0,4.0
Ford EcoSport 1.5 Diesel Titanium Plus BSIV,2017,930000,12000,Diesel,Individual,Manual,First Owner,3,Ford,Ford EcoSport,4000.0,6.0
Maruti Eeco 5 STR With AC Plus HTR CNG,2017,440000,14100,CNG,Dealer,Manual,First Owner,3,Maruti,Maruti Eeco,4700.0,5.0
Maruti Celerio ZXI,2016,434999,21000,Petrol,Dealer,Manual,First Owner,4,Maruti,Maruti Celerio,5250.0,5.0
Hyundai i10 Magna,2011,250000,28000,Petrol,Dealer,Manual,First Owner,9,Hyundai,Hyundai i10,3111.1111111111113,9.0
Maruti Ertiga SHVS ZDI Plus,2017,940000,35000,Diesel,Dealer,Manual,First Owner,3,Maruti,Maruti Ertiga,11666.666666666666,5.0
Hyundai Verna 1.6 CRDi AT SX,2017,1050000,31000,Diesel,Dealer,Automatic,First Owner,3,Hyundai,Hyundai Verna,10333.333333333334,1.0
Maruti Ertiga SHVS ZDI,2016,825000,58000,Diesel,Dealer,Manual,First Owner,4,Maruti,Maruti Ertiga,14500.0,3.0
Maruti Wagon R VXI Minor,2012,229999,25000,Petrol,Individual,Manual,First Owner,8,Maruti,Maruti Wagon,3125.0,4.0
Hyundai i20 1.2 Asta,2011,375000,72000,Petrol,Dealer,Manual,First Owner,9,Hyundai,Hyundai i20,8000.0,3.0
Maruti Ertiga ZDI,2013,640000,89000,Diesel,Dealer,Manual,First Owner,7,Maruti,Maruti Ertiga,12714.285714285714,5.0
Toyota Innova 2.5 V Diesel 8-seater,2012,800000,160000,Diesel,Dealer,Manual,First Owner,8,Toyota,Toyota Innova,20000.0,6.0
Ford Figo Petrol ZXI,2012,130000,30000,Petrol,Individual,Manual,Third Owner,8,Ford,Ford Figo,3750.0,2.0
Hyundai i10 Sportz 1.1L,2014,300000,37555,Petrol,Dealer,Manual,First Owner,6,Hyundai,Hyundai i10,6259.166666666667,4.0
Maruti Wagon R VXI BS IV,2018,440000,14000,Petrol,Dealer,Manual,First Owner,2,Maruti,Maruti Wagon,7000.0,26.0
Maruti Ertiga VXI CNG,2014,595000,56600,CNG,Dealer,Manual,First Owner,6,Maruti,Maruti Ertiga,9433.333333333334,3.0
Mahindra Scorpio EX,2013,450000,110000,Diesel,Individual,Manual,First Owner,7,Mahindra,Mahindra Scorpio,15714.285714285714,3.0
Maruti Vitara Brezza VDi Option,2017,690000,50000,Diesel,Individual,Manual,First Owner,3,Maruti,Maruti Vitara,16666.666666666668,3.0
Maruti Alto 800 VXI,2019,300000,5000,Petrol,Individual,Manual,First Owner,1,Maruti,Maruti Alto,5000.0,13.0
Chevrolet Sail 1.2 Base,2014,170000,100000,Petrol,Individual,Manual,Second Owner,6,Chevrolet,Chevrolet Sail,16666.666666666668,3.0
Toyota Etios Liva GD SP,2012,280000,120000,Diesel,Individual,Manual,First Owner,8,Toyota,Toyota Etios,15000.0,1.0
Maruti Swift VXI BSIII,2009,220000,67580,Petrol,Individual,Manual,Second Owner,11,Maruti,Maruti Swift,6143.636363636364,4.0
Hyundai Santro Xing GLS,2009,140000,100000,Petrol,Individual,Manual,Third Owner,11,Hyundai,Hyundai Santro,9090.90909090909,20.0
Maruti Esteem Lxi,2004,45000,60000,Petrol,Individual,Manual,First Owner,16,Maruti,Maruti Esteem,3750.0,3.0
Ford Figo Diesel Titanium,2014,200000,125000,Diesel,Individual,Manual,Second Owner,6,Ford,Ford Figo,20833.333333333332,14.0
Mahindra Scorpio 2.6 Turbo 7 Str,2008,325000,120000,Diesel,Individual,Manual,Second Owner,12,Mahindra,Mahindra Scorpio,10000.0,2.0
Hyundai Verna CRDi SX,2010,300000,130000,Diesel,Individual,Manual,Second Owner,10,Hyundai,Hyundai Verna,13000.0,4.0
Maruti 800 AC,2009,120000,250000,Petrol,Individual,Manual,Second Owner,11,Maruti,Maruti 800,22727.272727272728,20.0
Mahindra Verito Vibe 1.5 dCi D6,2015,280000,40000,Diesel,Individual,Manual,First Owner,5,Mahindra,Mahindra Verito,8000.0,1.0
Nissan Sunny XL D,2013,225000,78000,Diesel,Dealer,Manual,First Owner,7,Nissan,Nissan Sunny,11142.857142857143,2.0
Ford EcoSport 1.5 Petrol Titanium Plus AT BSIV,2015,750000,48238,Petrol,Trustmark Dealer,Automatic,First Owner,5,Ford,Ford EcoSport,9647.6,1.0
Hyundai i20 1.2 Magna Executive,2016,535000,38365,Petrol,Dealer,Manual,First Owner,4,Hyundai,Hyundai i20,9591.25,2.0
Mahindra XUV500 W10 1.99 mHawk,2016,1250000,23670,Diesel,Trustmark Dealer,Manual,First Owner,4,Mahindra,Mahindra XUV500,5917.5,2.0
Maruti Baleno Zeta 1.2,2017,650000,49834,Petrol,Trustmark Dealer,Manual,First Owner,3,Maruti,Maruti Baleno,16611.333333333332,6.0
Honda Brio S MT,2013,295000,57353,Petrol,Trustmark Dealer,Manual,First Owner,7,Honda,Honda Brio,8193.285714285714,6.0
Maruti Swift DDiS VDI,2015,480000,68308,Diesel,Trustmark Dealer,Manual,First Owner,5,Maruti,Maruti Swift,13661.6,2.0
Honda City i DTEC SV,2015,575000,63240,Diesel,Trustmark Dealer,Manual,First Owner,5,Honda,Honda City,12648.0,3.0
Tata Harrier XE,2020,426000,1000,Diesel,Individual,Manual,First Owner,0,Tata,Tata Harrier,1000.0,1.0
Mahindra Bolero Power Plus Plus AC BSIV PS,2015,295000,90000,Diesel,Individual,Manual,Third Owner,5,Mahindra,Mahindra Bolero,18000.0,8.0
Mahindra Xylo E4,2011,330000,100000,Diesel,Individual,Manual,Second Owner,9,Mahindra,Mahindra Xylo,11111.111111111111,4.0
Maruti Ritz VXI,2009,150000,80000,Petrol,Individual,Manual,First Owner,11,Maruti,Maruti Ritz,7272.727272727273,2.0
Hyundai Creta 1.6 CRDi SX,2016,927999,90000,Diesel,Individual,Manual,First Owner,4,Hyundai,Hyundai Creta,22500.0,7.0
Maruti Zen LXI,2003,70000,60000,Petrol,Individual,Manual,Fourth & Above Owner,17,Maruti,Maruti Zen,3529.4117647058824,6.0
Hyundai Xcent 1.2 CRDi SX,2015,399000,55000,Diesel,Dealer,Manual,First Owner,5,Hyundai,Hyundai Xcent,11000.0,1.0
Maruti Swift VDI Optional,2015,350000,90000,Diesel,Individual,Manual,First Owner,5,Maruti,Maruti Swift,18000.0,4.0
Mahindra Scorpio 2.6 CRDe,2006,125000,50000,Diesel,Individual,Manual,Second Owner,14,Mahindra,Mahindra Scorpio,3571.4285714285716,4.0
Hyundai Santro Xing XS,2008,150000,90000,Petrol,Individual,Manual,Second Owner,12,Hyundai,Hyundai Santro,7500.0,3.0
Hyundai EON Era Plus,2015,250000,25000,Petrol,Individual,Manual,First Owner,5,Hyundai,Hyundai EON,5000.0,28.0
Hyundai Verna 1.6 SX CRDi (O),2014,675000,61000,Diesel,Dealer,Manual,First Owner,6,Hyundai,Hyundai Verna,10166.666666666666,14.0
Maruti S-Cross Alpha DDiS 200 SH,2018,950000,30000,Diesel,Individual,Manual,First Owner,2,Maruti,Maruti S-Cross,15000.0,3.0
Maruti Eeco 5 STR With AC Plus HTR CNG,2018,409999,45000,CNG,Individual,Manual,First Owner,2,Maruti,Maruti Eeco,22500.0,5.0
Fiat Linea Emotion (Diesel),2011,225000,60000,Diesel,Individual,Manual,First Owner,9,Fiat,Fiat Linea,6666.666666666667,1.0
Honda Civic 1.8 V MT,2008,350000,75000,Petrol,Individual,Manual,Second Owner,12,Honda,Honda Civic,6250.0,2.0
Tata Indica LSI,2005,51111,140000,Petrol,Individual,Manual,Third Owner,15,Tata,Tata Indica,9333.333333333334,3.0
Chevrolet Sail 1.3 LS,2013,290000,56000,Diesel,Dealer,Manual,First Owner,7,Chevrolet,Chevrolet Sail,8000.0,1.0
Toyota Camry Hybrid,2006,310000,62000,Electric,Dealer,Automatic,Second Owner,14,Toyota,Toyota Camry,4428.571428571428,1.0
Hyundai Verna CRDi SX,2007,212000,58000,Diesel,Dealer,Manual,Second Owner,13,Hyundai,Hyundai Verna,4461.538461538462,4.0
Skoda Octavia Elegance 2.0 TDI AT,2013,900000,49000,Diesel,Dealer,Automatic,Second Owner,7,Skoda,Skoda Octavia,7000.0,2.0
Chevrolet Beat Diesel LT,2011,221000,56000,Diesel,Dealer,Manual,Second Owner,9,Chevrolet,Chevrolet Beat,6222.222222222223,14.0
Toyota Innova 2.5 G (Diesel) 7 Seater,2013,675000,73000,Diesel,Dealer,Manual,First Owner,7,Toyota,Toyota Innova,10428.57142857143,10.0
Honda Amaze S i-Dtech,2014,421000,69000,Diesel,Dealer,Manual,First Owner,6,Honda,Honda Amaze,11500.0,7.0
Maruti SX4 Zxi BSIII,2008,350000,10000,Petrol,Individual,Manual,First Owner,12,Maruti,Maruti SX4,833.3333333333334,3.0
Hyundai Accent Executive CNG,2010,140000,110000,CNG,Individual,Manual,First Owner,10,Hyundai,Hyundai Accent,11000.0,2.0
Skoda Octavia Ambiente 1.9 TDI MT,2002,90000,116000,Diesel,Individual,Manual,Second Owner,18,Skoda,Skoda Octavia,6444.444444444444,1.0
Honda City Edge Edition Diesel SV,2018,830000,40000,Diesel,Individual,Manual,First Owner,2,Honda,Honda City,20000.0,1.0
Maruti Wagon R LXI Minor,2009,180000,30000,Petrol,Individual,Manual,First Owner,11,Maruti,Maruti Wagon,2727.2727272727275,21.0
Maruti Swift Vdi BSIII,2009,210000,109000,Diesel,Individual,Manual,Second Owner,11,Maruti,Maruti Swift,9909.09090909091,12.0
Maruti SX4 S Cross DDiS 320 Zeta,2017,700000,90000,Diesel,Individual,Manual,First Owner,3,Maruti,Maruti SX4,30000.0,2.0
Tata Indigo LX,2012,125000,120000,Diesel,Individual,Manual,First Owner,8,Tata,Tata Indigo,15000.0,4.0
Hyundai Verna 1.6 VTVT S,2017,530000,64916,Petrol,Individual,Manual,First Owner,3,Hyundai,Hyundai Verna,21638.666666666668,3.0
Ford Ecosport 1.5 DV5 MT Trend,2018,800000,37161,Diesel,Dealer,Manual,First Owner,2,Ford,Ford Ecosport,18580.5,1.0
Maruti Baleno Zeta 1.2,2016,580000,15000,Petrol,Individual,Manual,First Owner,4,Maruti,Maruti Baleno,3750.0,6.0
Audi Q3 2.0 TDI Quattro Premium Plus,2012,1400000,118000,Diesel,Individual,Automatic,Second Owner,8,Audi,Audi Q3,14750.0,3.0
Renault KWID 1.0 RXL,2018,300000,50852,Petrol,Individual,Manual,First Owner,2,Renault,Renault KWID,25426.0,2.0
Renault KWID RXT Optional,2016,300000,30000,Petrol,Individual,Manual,First Owner,4,Renault,Renault KWID,7500.0,5.0
Maruti Ciaz ZDi SHVS,2015,700000,77000,Diesel,Individual,Manual,First Owner,5,Maruti,Maruti Ciaz,15400.0,2.0
Nissan Sunny XL,2012,250000,70000,Petrol,Individual,Manual,Third Owner,8,Nissan,Nissan Sunny,8750.0,5.0
Chevrolet Tavera Neo 3 9 Str BSIII,2016,500000,120000,Diesel,Individual,Manual,First Owner,4,Chevrolet,Chevrolet Tavera,30000.0,1.0
Honda Accord 2.4 AT,2009,428000,40000,Petrol,Individual,Automatic,Third Owner,11,Honda,Honda Accord,3636.3636363636365,1.0
Tata Harrier XZ BSIV,2019,1400000,33000,Diesel,Individual,Manual,First Owner,1,Tata,Tata Harrier,33000.0,2.0
Hyundai EON Era Plus,2013,219000,53500,Petrol,Individual,Manual,Third Owner,7,Hyundai,Hyundai EON,7642.857142857143,28.0
Maruti Ertiga SHVS LDI,2017,500000,40000,Diesel,Individual,Manual,First Owner,3,Maruti,Maruti Ertiga,13333.333333333334,1.0
Honda City 1.5 S MT,2010,409999,60000,Petrol,Individual,Manual,First Owner,10,Honda,Honda City,6000.0,5.0
Tata Tigor 1.2 Revotron XZ Option,2018,570000,5000,Petrol,Individual,Manual,First Owner,2,Tata,Tata Tigor,2500.0,3.0
Maruti SX4 Zxi BSIII,2007,160000,80000,Petrol,Individual,Manual,Third Owner,13,Maruti,Maruti SX4,6153.846153846154,3.0
Maruti Ciaz ZDi Plus SHVS,2017,749000,51500,Diesel,Individual,Manual,Second Owner,3,Maruti,Maruti Ciaz,17166.666666666668,3.0
Maruti Swift Dzire VDi,2010,300000,120000,Diesel,Individual,Manual,Third Owner,10,Maruti,Maruti Swift,12000.0,10.0
Ford EcoSport 1.5 Diesel Titanium Plus BSIV,2014,550000,79800,Diesel,Dealer,Manual,First Owner,6,Ford,Ford EcoSport,13300.0,6.0
Ford EcoSport 1.5 Diesel Titanium Plus BSIV,2015,550000,97000,Diesel,Dealer,Manual,Second Owner,5,Ford,Ford EcoSport,19400.0,6.0
Ford Ecosport 1.5 Diesel Titanium Plus,2019,1250000,6590,Diesel,Dealer,Manual,First Owner,1,Ford,Ford Ecosport,6590.0,1.0
Ford Figo Aspire 1.5 TDCi Titanium,2017,700000,49957,Diesel,Dealer,Manual,First Owner,3,Ford,Ford Figo,16652.333333333332,4.0
Ford Figo 1.5 Sports Edition MT,2017,600000,43235,Diesel,Dealer,Manual,First Owner,3,Ford,Ford Figo,14411.666666666666,1.0
Ford EcoSport 1.5 TDCi Titanium Plus BE BSIV,2018,925000,50699,Diesel,Dealer,Manual,First Owner,2,Ford,Ford EcoSport,25349.5,1.0
Ford Endeavour 3.2 Titanium AT 4X4,2016,1800000,126000,Diesel,Dealer,Automatic,First Owner,4,Ford,Ford Endeavour,31500.0,6.0
Ford Figo Aspire 1.5 TDCi Titanium Plus,2015,459999,140730,Diesel,Dealer,Manual,Second Owner,5,Ford,Ford Figo,28146.0,1.0
Hyundai i20 Active 1.2 SX,2015,565000,46000,Petrol,Individual,Manual,First Owner,5,Hyundai,Hyundai i20,9200.0,5.0
Hyundai EON Era Plus,2013,170000,80000,Petrol,Individual,Manual,Third Owner,7,Hyundai,Hyundai EON,11428.57142857143,28.0
Toyota Qualis FS B3,2001,150000,256000,Diesel,Dealer,Manual,First Owner,19,Toyota,Toyota Qualis,13473.684210526315,1.0
Mahindra Scorpio VLX 2WD BSIII,2008,295000,120000,Diesel,Individual,Manual,First Owner,12,Mahindra,Mahindra Scorpio,10000.0,1.0
Hyundai i20 Active 1.4 SX,2018,819999,40000,Diesel,Individual,Manual,First Owner,2,Hyundai,Hyundai i20,20000.0,2.0
Hyundai Elite i20 Diesel Asta Option,2019,819999,40000,Diesel,Individual,Manual,First Owner,1,Hyundai,Hyundai Elite,40000.0,2.0
Maruti Ritz VXi,2015,320000,40000,Petrol,Individual,Manual,First Owner,5,Maruti,Maruti Ritz,8000.0,3.0
Ford Ecosport 1.5 DV5 MT Titanium,2015,550000,135000,Diesel,Individual,Manual,Second Owner,5,Ford,Ford Ecosport,27000.0,12.0
Mahindra Bolero 2011-2019 SLX,2015,550000,50000,Diesel,Individual,Manual,First Owner,5,Mahindra,Mahindra Bolero,10000.0,3.0
Volkswagen Ameo 1.5 TDI Comfortline,2017,590000,98000,Diesel,Individual,Manual,First Owner,3,Volkswagen,Volkswagen Ameo,32666.666666666668,2.0
Honda City i DTec V,2017,950000,50000,Diesel,Individual,Manual,First Owner,3,Honda,Honda City,16666.666666666668,1.0
Honda City i-DTEC VX,2017,1000000,30000,Diesel,Individual,Manual,First Owner,3,Honda,Honda City,10000.0,1.0
Nissan Terrano XE 85 PS,2013,500000,120000,Diesel,Individual,Manual,First Owner,7,Nissan,Nissan Terrano,17142.85714285714,1.0
Fiat Punto EVO 1.3 Emotion,2017,450000,70000,Diesel,Individual,Manual,First Owner,3,Fiat,Fiat Punto,23333.333333333332,1.0
Maruti Swift Dzire VDI Optional,2017,720000,35000,Diesel,Individual,Manual,First Owner,3,Maruti,Maruti Swift,11666.666666666666,2.0
Maruti Celerio VDi,2015,390000,70000,Diesel,Individual,Manual,Second Owner,5,Maruti,Maruti Celerio,14000.0,2.0
Mahindra Thar 4X2,2014,500000,35000,Diesel,Individual,Manual,First Owner,6,Mahindra,Mahindra Thar,5833.333333333333,2.0
Toyota Fortuner 2.7 2WD AT,2016,2500000,70000,Petrol,Individual,Automatic,Second Owner,4,Toyota,Toyota Fortuner,17500.0,1.0
Hyundai i20 1.4 Asta Option,2017,780000,50000,Diesel,Individual,Manual,First Owner,3,Hyundai,Hyundai i20,16666.666666666668,3.0
Maruti Swift Dzire ZDI,2015,484999,90000,Diesel,Individual,Manual,Second Owner,5,Maruti,Maruti Swift,18000.0,11.0
Volkswagen Vento Diesel Highline,2012,420000,90000,Diesel,Individual,Manual,Second Owner,8,Volkswagen,Volkswagen Vento,11250.0,6.0
Mahindra XUV500 W10 AWD,2015,1225000,70000,Diesel,Individual,Manual,First Owner,5,Mahindra,Mahindra XUV500,14000.0,1.0
Tata Indica Vista TDI LX,2015,350000,50000,Diesel,Individual,Manual,Second Owner,5,Tata,Tata Indica,10000.0,3.0
Mahindra Verito 1.5 D4 BSIV,2015,350000,120000,Diesel,Individual,Manual,Third Owner,5,Mahindra,Mahindra Verito,24000.0,4.0
Toyota Innova 2.5 G (Diesel) 8 Seater BS IV,2011,800000,230000,Diesel,Individual,Manual,First Owner,9,Toyota,Toyota Innova,25555.555555555555,6.0
Hyundai Santro Xing XG AT,2004,125000,70000,Petrol,Individual,Automatic,Second Owner,16,Hyundai,Hyundai Santro,4375.0,2.0
Tata Indica V2 DLS BSII,2010,75000,100000,Diesel,Individual,Manual,Third Owner,10,Tata,Tata Indica,10000.0,1.0
Mahindra KUV 100 G80 K4 Plus,2018,509999,15000,Petrol,Individual,Manual,First Owner,2,Mahindra,Mahindra KUV,7500.0,1.0
Tata Indigo Classic Dicor,2014,215000,80000,Diesel,Individual,Manual,Third Owner,6,Tata,Tata Indigo,13333.333333333334,2.0
Maruti Swift Dzire VDI,2014,480000,101000,Diesel,Dealer,Manual,First Owner,6,Maruti,Maruti Swift,16833.333333333332,54.0
Maruti Swift VDI,2016,630000,55000,Diesel,Dealer,Manual,First Owner,4,Maruti,Maruti Swift,13750.0,23.0
Honda City 1.5 GXI,2007,190000,115000,Petrol,Dealer,Manual,Second Owner,13,Honda,Honda City,8846.153846153846,3.0
Maruti Swift VDI,2015,500000,100000,Diesel,Dealer,Manual,First Owner,5,Maruti,Maruti Swift,20000.0,23.0
Volkswagen Jetta 2.0L TDI Comfortline,2014,850000,52000,Diesel,Dealer,Manual,Second Owner,6,Volkswagen,Volkswagen Jetta,8666.666666666666,2.0
Maruti SX4 ZDI,2011,350000,105000,Diesel,Dealer,Manual,First Owner,9,Maruti,Maruti SX4,11666.666666666666,3.0
Renault Duster 85PS Diesel RxE,2013,425000,170000,Diesel,Dealer,Manual,First Owner,7,Renault,Renault Duster,24285.714285714286,5.0
Maruti Swift VDI BSIV,2015,495000,105000,Diesel,Dealer,Manual,First Owner,5,Maruti,Maruti Swift,21000.0,28.0
Maruti Ertiga SHVS VDI,2017,890000,60000,Diesel,Individual,Manual,Second Owner,3,Maruti,Maruti Ertiga,20000.0,8.0
Hyundai Verna CRDi 1.6 AT EX,2018,1100000,25000,Diesel,Individual,Automatic,Second Owner,2,Hyundai,Hyundai Verna,12500.0,1.0
Mahindra XUV500 W8 2WD,2014,650000,218000,Diesel,Individual,Manual,Second Owner,6,Mahindra,Mahindra XUV500,36333.333333333336,16.0
Ford Fiesta 1.6 ZXi Duratec,2009,233000,58000,Petrol,Individual,Manual,Third Owner,11,Ford,Ford Fiesta,5272.727272727273,2.0
Tata Indigo CS LS (TDI) BS-III,2015,300000,110000,Diesel,Individual,Manual,Second Owner,5,Tata,Tata Indigo,22000.0,1.0
Honda Amaze S Petrol BSIV,2020,614000,1000,Petrol,Individual,Manual,First Owner,0,Honda,Honda Amaze,1000.0,1.0
Hyundai i10 Sportz 1.2,2010,250000,100000,Petrol,Individual,Manual,Second Owner,10,Hyundai,Hyundai i10,10000.0,7.0
Hyundai i10 Sportz 1.2,2010,250000,110000,Petrol,Individual,Manual,Second Owner,10,Hyundai,Hyundai i10,11000.0,7.0
Maruti Alto LXi,2011,200000,40000,Petrol,Individual,Manual,First Owner,9,Maruti,Maruti Alto,4444.444444444444,42.0
Maruti Wagon R LX Minor,2013,290000,52000,Petrol,Individual,Manual,First Owner,7,Maruti,Maruti Wagon,7428.571428571428,5.0
Maruti Wagon R LXI BS IV,2013,320000,80000,Petrol,Individual,Manual,Second Owner,7,Maruti,Maruti Wagon,11428.57142857143,9.0
Hyundai Santro Xing XS eRLX Euro III,2006,145000,52000,Petrol,Individual,Manual,Second Owner,14,Hyundai,Hyundai Santro,3714.285714285714,1.0
Maruti Alto LXI,2005,100000,124000,Petrol,Individual,Manual,Second Owner,15,Maruti,Maruti Alto,8266.666666666666,4.0
Fiat Punto 1.3 Emotion,2010,130000,210000,Diesel,Individual,Manual,Second Owner,10,Fiat,Fiat Punto,21000.0,3.0
Hyundai Santro AT,2006,145000,66000,Petrol,Individual,Automatic,Second Owner,14,Hyundai,Hyundai Santro,4714.285714285715,1.0
Maruti Alto LX BSIII,2008,110000,120000,Petrol,Individual,Manual,Third Owner,12,Maruti,Maruti Alto,10000.0,8.0
Maruti Swift Dzire VDI,2019,680000,40000,Diesel,Individual,Manual,First Owner,1,Maruti,Maruti Swift,40000.0,54.0
Maruti 800 Std,2004,37500,90000,Petrol,Individual,Manual,Second Owner,16,Maruti,Maruti 800,5625.0,10.0
Maruti Ritz VDi,2011,200000,120000,Diesel,Individual,Manual,Second Owner,9,Maruti,Maruti Ritz,13333.333333333334,19.0
Maruti Ertiga 1.5 VDI,2019,1000000,15000,Diesel,Individual,Manual,First Owner,1,Maruti,Maruti Ertiga,15000.0,2.0
Ford Endeavour 2.2 Titanium AT 4X2,2019,2800000,10000,Diesel,Individual,Automatic,First Owner,1,Ford,Ford Endeavour,10000.0,1.0
Maruti Swift Dzire VDI,2015,470000,170000,Diesel,Individual,Manual,First Owner,5,Maruti,Maruti Swift,34000.0,54.0
Maruti Celerio ZXI,2017,415000,20000,Petrol,Individual,Manual,First Owner,3,Maruti,Maruti Celerio,6666.666666666667,5.0
Nissan Terrano XL 85 PS,2014,500000,82000,Diesel,Individual,Manual,First Owner,6,Nissan,Nissan Terrano,13666.666666666666,4.0
Chevrolet Spark 1.0 LT BS3,2013,150000,60000,Petrol,Individual,Manual,Second Owner,7,Chevrolet,Chevrolet Spark,8571.42857142857,1.0
Maruti Alto STD,2005,95000,50000,Petrol,Individual,Manual,Second Owner,15,Maruti,Maruti Alto,3333.3333333333335,3.0
Maruti Swift LDI,2012,400000,70000,Diesel,Individual,Manual,First Owner,8,Maruti,Maruti Swift,8750.0,1.0
Maruti Alto LX,2008,114999,66782,Petrol,Individual,Manual,Second Owner,12,Maruti,Maruti Alto,5565.166666666667,30.0
Maruti Alto LX,2006,75000,130000,Petrol,Individual,Manual,First Owner,14,Maruti,Maruti Alto,9285.714285714286,30.0
Hyundai Verna 1.6 SX CRDi (O),2013,500000,120000,Diesel,Individual,Manual,First Owner,7,Hyundai,Hyundai Verna,17142.85714285714,14.0
Maruti 800 AC,2014,195000,75000,Petrol,Individual,Manual,Second Owner,6,Maruti,Maruti 800,12500.0,20.0
Maruti Alto 800 Base,2015,155000,40000,Petrol,Individual,Manual,First Owner,5,Maruti,Maruti Alto,8000.0,3.0
Maruti Alto LXi,2000,65000,90000,Petrol,Individual,Manual,Second Owner,20,Maruti,Maruti Alto,4500.0,42.0
Honda City 1.5 GXI,2005,65000,150000,Petrol,Individual,Manual,Third Owner,15,Honda,Honda City,10000.0,3.0
Tata Nano XM,2015,190000,60000,Petrol,Individual,Manual,Second Owner,5,Tata,Tata Nano,12000.0,1.0
Mahindra Verito 1.5 D6 BSIII,2012,200000,112198,Diesel,Individual,Manual,Second Owner,8,Mahindra,Mahindra Verito,14024.75,1.0
Tata Manza Aura Safire BS IV,2010,160000,60000,Petrol,Individual,Manual,Second Owner,10,Tata,Tata Manza,6000.0,2.0
Tata Indica Vista Aqua 1.4 TDI,2010,150000,130000,Diesel,Individual,Manual,Second Owner,10,Tata,Tata Indica,13000.0,6.0
Ford EcoSport 1.5 TDCi Titanium BSIV,2015,530000,175000,Diesel,Individual,Manual,Third Owner,5,Ford,Ford EcoSport,35000.0,9.0
Mahindra Scorpio S2 7 Seater,2015,750000,120000,Diesel,Individual,Manual,First Owner,5,Mahindra,Mahindra Scorpio,24000.0,3.0
Maruti Ritz VDi,2012,225000,90000,Diesel,Individual,Manual,Second Owner,8,Maruti,Maruti Ritz,11250.0,19.0
Toyota Innova 2.5 VX (Diesel) 8 Seater BS IV,2012,600000,170000,Diesel,Individual,Manual,First Owner,8,Toyota,Toyota Innova,21250.0,1.0
Hyundai i20 Magna 1.4 CRDi (Diesel),2014,409999,80000,Diesel,Individual,Manual,Second Owner,6,Hyundai,Hyundai i20,13333.333333333334,5.0
Hyundai i20 Magna 1.4 CRDi,2014,409999,80000,Diesel,Individual,Manual,Second Owner,6,Hyundai,Hyundai i20,13333.333333333334,1.0
Maruti 800 AC BSIII,2009,110000,83000,Petrol,Individual,Manual,Second Owner,11,Maruti,Maruti 800,7545.454545454545,6.0
Hyundai Creta 1.6 CRDi SX Option,2016,865000,90000,Diesel,Individual,Manual,First Owner,4,Hyundai,Hyundai Creta,22500.0,5.0
Renault KWID RXT,2016,225000,40000,Petrol,Individual,Manual,First Owner,4,Renault,Renault KWID,10000.0,18.0
